═══ PHASE RUN — Wed Apr 29 03:57:31 PM CST 2026 ═══
  CONFIG_DIR=experiments/043_arch_pairs NPROC=1 PARALLEL=8 SKIP_DONE=1
  Configs: 30

═ TRAIN p_1_1__1_2_seed0 (card 0) ═ 15:57:31

═ TRAIN p_1_1__1_2_seed1 (card 1) ═ 15:57:31

═ TRAIN p_1_1__1_2_seed2 (card 2) ═ 15:57:31

═ TRAIN p_1_1__1_2_seed3 (card 3) ═ 15:57:31

═ TRAIN p_1_1__1_2_seed4 (card 4) ═ 15:57:31

═ TRAIN p_1_1__1_3_seed0 (card 5) ═ 15:57:31

═ TRAIN p_1_1__1_3_seed1 (card 6) ═ 15:57:31

═ TRAIN p_1_1__1_3_seed2 (card 7) ═ 15:57:31
2026-04-29 15:57:35,736 INFO train_distributed [dist] rank=0 world_size=1 local_rank=0 cuda_available=True
2026-04-29 15:57:35,780 INFO train_distributed loaded 2,841 returns for spx/2015-2026_daily
2026-04-29 15:57:35,788 INFO train_distributed targets: acf_sq=0.342 leverage_sum=-0.790 hill_alpha=2.68
2026-04-29 15:57:37,259 INFO train_distributed [dist] rank=0 world_size=1 local_rank=0 cuda_available=True
2026-04-29 15:57:37,305 INFO train_distributed loaded 2,841 returns for spx/2015-2026_daily
2026-04-29 15:57:37,326 INFO train_distributed targets: acf_sq=0.342 leverage_sum=-0.790 hill_alpha=2.68
2026-04-29 15:57:37,731 INFO train_distributed [dist] rank=0 world_size=1 local_rank=0 cuda_available=True
2026-04-29 15:57:37,776 INFO train_distributed loaded 2,841 returns for spx/2015-2026_daily
2026-04-29 15:57:37,783 INFO train_distributed targets: acf_sq=0.342 leverage_sum=-0.790 hill_alpha=2.68
2026-04-29 15:57:38,065 INFO train_distributed [dist] rank=0 world_size=1 local_rank=0 cuda_available=True
2026-04-29 15:57:38,109 INFO train_distributed loaded 2,841 returns for spx/2015-2026_daily
2026-04-29 15:57:38,116 INFO train_distributed targets: acf_sq=0.342 leverage_sum=-0.790 hill_alpha=2.68
2026-04-29 15:57:38,420 INFO train_distributed [dist] rank=0 world_size=1 local_rank=0 cuda_available=True
2026-04-29 15:57:38,462 INFO train_distributed loaded 2,841 returns for spx/2015-2026_daily
2026-04-29 15:57:38,470 INFO train_distributed targets: acf_sq=0.342 leverage_sum=-0.790 hill_alpha=2.68
2026-04-29 15:57:38,837 INFO train_distributed [dist] rank=0 world_size=1 local_rank=0 cuda_available=True
2026-04-29 15:57:38,883 INFO train_distributed loaded 2,841 returns for spx/2015-2026_daily
2026-04-29 15:57:38,890 INFO train_distributed targets: acf_sq=0.342 leverage_sum=-0.790 hill_alpha=2.68
2026-04-29 15:57:39,252 INFO train_distributed [dist] rank=0 world_size=1 local_rank=0 cuda_available=True
2026-04-29 15:57:39,295 INFO train_distributed loaded 2,841 returns for spx/2015-2026_daily
2026-04-29 15:57:39,303 INFO train_distributed targets: acf_sq=0.342 leverage_sum=-0.790 hill_alpha=2.68
2026-04-29 15:57:39,765 INFO train_distributed [dist] rank=0 world_size=1 local_rank=0 cuda_available=True
2026-04-29 15:57:39,810 INFO train_distributed loaded 2,841 returns for spx/2015-2026_daily
2026-04-29 15:57:39,817 INFO train_distributed targets: acf_sq=0.342 leverage_sum=-0.790 hill_alpha=2.68
2026-04-29 15:57:40,218 INFO train_distributed EcoMDSimulator built: 35863 parameters (device=cuda:0)
2026-04-29 15:57:40,343 INFO train_distributed EcoMDSimulator built: 35863 parameters (device=cuda:0)
2026-04-29 15:57:40,355 INFO train_distributed EcoMDSimulator built: 35863 parameters (device=cuda:0)
2026-04-29 15:57:40,367 INFO train_distributed EcoMDSimulator built: 34796 parameters (device=cuda:0)
2026-04-29 15:57:40,368 INFO train_distributed EcoMDSimulator built: 35863 parameters (device=cuda:0)
2026-04-29 15:57:40,386 INFO train_distributed EcoMDSimulator built: 35863 parameters (device=cuda:0)
2026-04-29 15:57:40,386 INFO train_distributed EcoMDSimulator built: 34796 parameters (device=cuda:0)
2026-04-29 15:57:40,529 INFO train_distributed EcoMDSimulator built: 34796 parameters (device=cuda:0)
2026-04-29 15:57:43,721 INFO train_distributed it=   0 lr=1.00e-04 loss_world=23.2424 |∇|=6.41e+03 γ=1.000 T=0.0500
2026-04-29 15:57:43,876 INFO train_distributed it=   0 lr=1.00e-04 loss_world=10.9944 |∇|=1.53e+03 γ=1.000 T=0.0500
2026-04-29 15:57:43,886 INFO train_distributed it=   0 lr=1.00e-04 loss_world=1.9351 |∇|=1.14e+02 γ=1.000 T=0.0500
2026-04-29 15:57:43,906 INFO train_distributed it=   0 lr=1.00e-04 loss_world=7.7030 |∇|=1.21e+03 γ=1.000 T=0.0500
2026-04-29 15:57:43,961 INFO train_distributed it=   0 lr=1.00e-04 loss_world=4.8705 |∇|=1.19e+03 γ=1.000 T=0.0500
2026-04-29 15:57:44,141 INFO train_distributed it=   0 lr=1.00e-04 loss_world=1.9411 |∇|=3.31e+01 γ=1.000 T=0.0500
2026-04-29 15:57:44,214 INFO train_distributed it=   0 lr=1.00e-04 loss_world=19.3157 |∇|=8.21e+02 γ=1.000 T=0.0500
2026-04-29 15:57:44,328 INFO train_distributed it=   0 lr=1.00e-04 loss_world=2.6724 |∇|=5.86e+01 γ=1.000 T=0.0500
2026-04-29 15:58:04,043 INFO train_distributed it=   9 lr=1.00e-03 loss_world=2.1002 |∇|=7.19e+02 γ=0.999 T=0.0499
2026-04-29 15:58:04,166 INFO train_distributed it=   9 lr=1.00e-03 loss_world=2.5667 |∇|=1.42e+02 γ=1.003 T=0.0500
2026-04-29 15:58:04,224 INFO train_distributed it=   9 lr=1.00e-03 loss_world=4.5172 |∇|=3.84e+02 γ=1.004 T=0.0501
2026-04-29 15:58:04,245 INFO train_distributed it=   9 lr=1.00e-03 loss_world=5.9954 |∇|=1.20e+03 γ=1.003 T=0.0499
2026-04-29 15:58:04,271 INFO train_distributed it=   9 lr=1.00e-03 loss_world=4.3068 |∇|=3.36e+02 γ=1.003 T=0.0501
2026-04-29 15:58:06,506 INFO train_distributed it=   9 lr=1.00e-03 loss_world=9.8108 |∇|=3.49e+02 γ=1.003 T=0.0501
2026-04-29 15:58:06,597 INFO train_distributed it=   9 lr=1.00e-03 loss_world=1.1370 |∇|=3.91e+01 γ=0.998 T=0.0501
2026-04-29 15:58:06,743 INFO train_distributed it=   9 lr=1.00e-03 loss_world=1.4748 |∇|=3.38e+01 γ=0.999 T=0.0501
2026-04-29 15:58:26,748 INFO train_distributed it=  19 lr=9.95e-04 loss_world=2.4774 |∇|=1.90e+02 γ=0.996 T=0.0497
2026-04-29 15:58:26,790 INFO train_distributed it=  19 lr=9.95e-04 loss_world=2.9355 |∇|=1.05e+02 γ=1.001 T=0.0500
2026-04-29 15:58:26,914 INFO train_distributed it=  19 lr=9.95e-04 loss_world=2.8254 |∇|=1.71e+02 γ=1.006 T=0.0503
2026-04-29 15:58:26,956 INFO train_distributed it=  19 lr=9.95e-04 loss_world=1.0467 |∇|=6.85e+02 γ=1.004 T=0.0497
2026-04-29 15:58:26,964 INFO train_distributed it=  19 lr=9.95e-04 loss_world=2.6489 |∇|=1.61e+02 γ=0.998 T=0.0502
2026-04-29 15:58:31,353 INFO train_distributed it=  19 lr=9.95e-04 loss_world=4.8219 |∇|=8.10e+02 γ=1.004 T=0.0503
2026-04-29 15:58:31,470 INFO train_distributed it=  19 lr=9.95e-04 loss_world=1.2601 |∇|=2.24e+01 γ=0.997 T=0.0502
2026-04-29 15:58:31,607 INFO train_distributed it=  19 lr=9.95e-04 loss_world=0.9140 |∇|=1.18e+02 γ=0.998 T=0.0503
2026-04-29 15:58:49,489 INFO train_distributed it=  29 lr=9.78e-04 loss_world=2.2468 |∇|=9.15e+01 γ=0.998 T=0.0500
2026-04-29 15:58:49,499 INFO train_distributed it=  29 lr=9.78e-04 loss_world=1.4557 |∇|=2.63e+03 γ=0.993 T=0.0497
2026-04-29 15:58:49,643 INFO train_distributed it=  29 lr=9.78e-04 loss_world=2.5913 |∇|=1.55e+02 γ=1.005 T=0.0504
2026-04-29 15:58:49,703 INFO train_distributed it=  29 lr=9.78e-04 loss_world=6.2673 |∇|=9.96e+02 γ=0.994 T=0.0502
2026-04-29 15:58:49,715 INFO train_distributed it=  29 lr=9.78e-04 loss_world=1.4038 |∇|=5.19e+01 γ=1.005 T=0.0497
2026-04-29 15:58:56,215 INFO train_distributed it=  29 lr=9.78e-04 loss_world=1.9320 |∇|=5.89e+01 γ=1.004 T=0.0505
2026-04-29 15:58:56,336 INFO train_distributed it=  29 lr=9.78e-04 loss_world=0.9029 |∇|=8.16e+00 γ=0.996 T=0.0503
2026-04-29 15:58:56,471 INFO train_distributed it=  29 lr=9.78e-04 loss_world=0.9528 |∇|=1.76e+01 γ=0.996 T=0.0504
2026-04-29 15:59:12,199 INFO train_distributed it=  39 lr=9.49e-04 loss_world=7.5136 |∇|=5.06e+03 γ=0.996 T=0.0500
2026-04-29 15:59:12,269 INFO train_distributed it=  39 lr=9.49e-04 loss_world=1.1548 |∇|=1.01e+01 γ=0.991 T=0.0498
2026-04-29 15:59:12,432 INFO train_distributed it=  39 lr=9.49e-04 loss_world=9.6131 |∇|=2.85e+03 γ=1.004 T=0.0504
2026-04-29 15:59:12,468 INFO train_distributed it=  39 lr=9.49e-04 loss_world=2.5027 |∇|=2.54e+02 γ=0.988 T=0.0503
2026-04-29 15:59:12,511 INFO train_distributed it=  39 lr=9.49e-04 loss_world=1.3044 |∇|=4.97e+01 γ=1.004 T=0.0497
2026-04-29 15:59:21,098 INFO train_distributed it=  39 lr=9.49e-04 loss_world=1.3597 |∇|=1.81e+01 γ=1.001 T=0.0506
2026-04-29 15:59:21,226 INFO train_distributed it=  39 lr=9.49e-04 loss_world=0.7392 |∇|=8.70e+01 γ=0.997 T=0.0502
2026-04-29 15:59:21,323 INFO train_distributed it=  39 lr=9.49e-04 loss_world=1.2860 |∇|=5.03e+00 γ=0.996 T=0.0504
2026-04-29 15:59:34,911 INFO train_distributed it=  49 lr=9.10e-04 loss_world=2.5259 |∇|=2.59e+02 γ=0.993 T=0.0500
2026-04-29 15:59:35,050 INFO train_distributed it=  49 lr=9.10e-04 loss_world=1.0062 |∇|=2.28e+01 γ=0.990 T=0.0498
2026-04-29 15:59:35,206 INFO train_distributed it=  49 lr=9.10e-04 loss_world=25.1798 |∇|=1.47e+04 γ=0.983 T=0.0502
2026-04-29 15:59:35,234 INFO train_distributed it=  49 lr=9.10e-04 loss_world=2.4948 |∇|=1.52e+02 γ=1.001 T=0.0504
2026-04-29 15:59:35,284 INFO train_distributed it=  49 lr=9.10e-04 loss_world=1.1248 |∇|=2.85e+01 γ=1.002 T=0.0497
2026-04-29 15:59:45,975 INFO train_distributed it=  49 lr=9.10e-04 loss_world=0.9492 |∇|=2.22e+01 γ=1.003 T=0.0506
2026-04-29 15:59:46,104 INFO train_distributed it=  49 lr=9.10e-04 loss_world=0.6845 |∇|=2.01e+01 γ=0.998 T=0.0502
2026-04-29 15:59:46,190 INFO train_distributed it=  49 lr=9.10e-04 loss_world=0.9294 |∇|=5.04e+01 γ=0.995 T=0.0503
2026-04-29 15:59:57,636 INFO train_distributed it=  59 lr=8.60e-04 loss_world=1.0615 |∇|=3.11e+01 γ=0.990 T=0.0500
2026-04-29 15:59:57,797 INFO train_distributed it=  59 lr=8.60e-04 loss_world=1.0191 |∇|=2.10e+01 γ=0.989 T=0.0498
2026-04-29 15:59:57,947 INFO train_distributed it=  59 lr=8.60e-04 loss_world=3.1298 |∇|=2.09e+03 γ=0.979 T=0.0502
2026-04-29 15:59:58,032 INFO train_distributed it=  59 lr=8.60e-04 loss_world=14.7273 |∇|=3.28e+03 γ=0.999 T=0.0505
2026-04-29 15:59:58,061 INFO train_distributed it=  59 lr=8.60e-04 loss_world=1.0747 |∇|=7.59e+00 γ=1.001 T=0.0497
2026-04-29 16:00:10,844 INFO train_distributed it=  59 lr=8.60e-04 loss_world=1.2379 |∇|=1.57e+01 γ=1.004 T=0.0507
2026-04-29 16:00:10,987 INFO train_distributed it=  59 lr=8.60e-04 loss_world=0.9107 |∇|=9.38e+00 γ=1.001 T=0.0502
2026-04-29 16:00:11,045 INFO train_distributed it=  59 lr=8.60e-04 loss_world=1.0139 |∇|=1.70e+01 γ=0.992 T=0.0503
2026-04-29 16:00:20,365 INFO train_distributed it=  69 lr=8.02e-04 loss_world=1.0144 |∇|=2.89e+01 γ=0.989 T=0.0500
2026-04-29 16:00:20,552 INFO train_distributed it=  69 lr=8.02e-04 loss_world=0.9959 |∇|=2.57e+01 γ=0.989 T=0.0499
2026-04-29 16:00:20,691 INFO train_distributed it=  69 lr=8.02e-04 loss_world=10.5431 |∇|=6.65e+03 γ=0.977 T=0.0502
2026-04-29 16:00:20,821 INFO train_distributed it=  69 lr=8.02e-04 loss_world=1.0145 |∇|=1.11e+01 γ=1.000 T=0.0496
2026-04-29 16:00:20,863 INFO train_distributed it=  69 lr=8.02e-04 loss_world=4.4094 |∇|=5.34e+03 γ=0.994 T=0.0505
2026-04-29 16:00:35,721 INFO train_distributed it=  69 lr=8.02e-04 loss_world=0.9917 |∇|=2.40e+01 γ=1.004 T=0.0507
2026-04-29 16:00:35,843 INFO train_distributed it=  69 lr=8.02e-04 loss_world=0.9515 |∇|=7.95e+01 γ=1.001 T=0.0503
2026-04-29 16:00:35,900 INFO train_distributed it=  69 lr=8.02e-04 loss_world=1.0537 |∇|=2.99e+00 γ=0.989 T=0.0504
2026-04-29 16:00:43,092 INFO train_distributed it=  79 lr=7.38e-04 loss_world=1.0144 |∇|=3.09e+01 γ=0.988 T=0.0500
2026-04-29 16:00:43,277 INFO train_distributed it=  79 lr=7.38e-04 loss_world=1.0046 |∇|=2.63e+01 γ=0.989 T=0.0499
2026-04-29 16:00:43,425 INFO train_distributed it=  79 lr=7.38e-04 loss_world=4.1958 |∇|=4.04e+03 γ=0.974 T=0.0503
2026-04-29 16:00:43,580 INFO train_distributed it=  79 lr=7.38e-04 loss_world=0.9876 |∇|=9.35e+00 γ=1.000 T=0.0496
2026-04-29 16:00:43,646 INFO train_distributed it=  79 lr=7.38e-04 loss_world=4.0062 |∇|=1.82e+03 γ=0.991 T=0.0504
2026-04-29 16:01:00,581 INFO train_distributed it=  79 lr=7.38e-04 loss_world=1.2310 |∇|=8.50e+01 γ=1.004 T=0.0507
2026-04-29 16:01:00,691 INFO train_distributed it=  79 lr=7.38e-04 loss_world=0.6876 |∇|=8.65e+01 γ=1.000 T=0.0502
2026-04-29 16:01:00,762 INFO train_distributed it=  79 lr=7.38e-04 loss_world=1.0855 |∇|=1.34e+01 γ=0.987 T=0.0504
2026-04-29 16:01:05,815 INFO train_distributed it=  89 lr=6.68e-04 loss_world=1.1094 |∇|=3.47e+01 γ=0.988 T=0.0500
2026-04-29 16:01:06,014 INFO train_distributed it=  89 lr=6.68e-04 loss_world=1.0328 |∇|=3.06e+01 γ=0.989 T=0.0499
2026-04-29 16:01:06,155 INFO train_distributed it=  89 lr=6.68e-04 loss_world=10.0105 |∇|=3.92e+03 γ=0.972 T=0.0504
2026-04-29 16:01:06,338 INFO train_distributed it=  89 lr=6.68e-04 loss_world=1.0012 |∇|=9.98e+00 γ=1.000 T=0.0496
2026-04-29 16:01:06,419 INFO train_distributed it=  89 lr=6.68e-04 loss_world=2.6112 |∇|=5.20e+02 γ=0.989 T=0.0504
2026-04-29 16:01:25,454 INFO train_distributed it=  89 lr=6.68e-04 loss_world=1.1728 |∇|=5.42e+04 γ=0.998 T=0.0507
2026-04-29 16:01:25,545 INFO train_distributed it=  89 lr=6.68e-04 loss_world=0.8241 |∇|=1.61e+01 γ=1.002 T=0.0502
2026-04-29 16:01:25,615 INFO train_distributed it=  89 lr=6.68e-04 loss_world=2.4043 |∇|=2.06e+02 γ=0.987 T=0.0504
2026-04-29 16:01:28,529 INFO train_distributed it=  99 lr=5.95e-04 loss_world=1.0281 |∇|=3.00e+01 γ=0.988 T=0.0500
2026-04-29 16:01:28,748 INFO train_distributed it=  99 lr=5.95e-04 loss_world=1.0369 |∇|=3.04e+01 γ=0.989 T=0.0499
2026-04-29 16:01:28,891 INFO train_distributed it=  99 lr=5.95e-04 loss_world=58.3955 |∇|=4.84e+04 γ=0.970 T=0.0505
2026-04-29 16:01:29,089 INFO train_distributed it=  99 lr=5.95e-04 loss_world=1.0272 |∇|=1.20e+01 γ=1.000 T=0.0496
2026-04-29 16:01:29,205 INFO train_distributed it=  99 lr=5.95e-04 loss_world=8.0625 |∇|=1.18e+04 γ=0.987 T=0.0504
2026-04-29 16:01:50,322 INFO train_distributed it=  99 lr=5.95e-04 loss_world=0.8306 |∇|=5.54e+03 γ=0.997 T=0.0507
2026-04-29 16:01:50,398 INFO train_distributed it=  99 lr=5.95e-04 loss_world=0.6536 |∇|=1.41e+01 γ=1.002 T=0.0502
2026-04-29 16:01:50,464 INFO train_distributed it=  99 lr=5.95e-04 loss_world=0.7710 |∇|=1.84e+01 γ=0.985 T=0.0502
2026-04-29 16:01:51,228 INFO train_distributed it= 109 lr=5.20e-04 loss_world=1.0448 |∇|=1.69e+01 γ=0.988 T=0.0500
2026-04-29 16:01:51,474 INFO train_distributed it= 109 lr=5.20e-04 loss_world=0.9930 |∇|=2.13e+01 γ=0.989 T=0.0499
2026-04-29 16:01:51,619 INFO train_distributed it= 109 lr=5.20e-04 loss_world=19.2059 |∇|=2.32e+04 γ=0.969 T=0.0504
2026-04-29 16:01:51,836 INFO train_distributed it= 109 lr=5.20e-04 loss_world=1.0036 |∇|=9.23e+00 γ=1.000 T=0.0496
2026-04-29 16:01:51,972 INFO train_distributed it= 109 lr=5.20e-04 loss_world=2.3036 |∇|=8.32e+02 γ=0.986 T=0.0504
2026-04-29 16:02:13,937 INFO train_distributed it= 119 lr=4.47e-04 loss_world=1.0310 |∇|=1.39e+01 γ=0.988 T=0.0500
2026-04-29 16:02:14,198 INFO train_distributed it= 119 lr=4.47e-04 loss_world=1.0432 |∇|=1.41e+01 γ=0.990 T=0.0499
2026-04-29 16:02:14,343 INFO train_distributed it= 119 lr=4.47e-04 loss_world=5.0871 |∇|=7.81e+03 γ=0.967 T=0.0504
2026-04-29 16:02:14,593 INFO train_distributed it= 119 lr=4.47e-04 loss_world=1.0272 |∇|=8.03e+00 γ=1.000 T=0.0496
2026-04-29 16:02:14,735 INFO train_distributed it= 119 lr=4.47e-04 loss_world=10.6570 |∇|=1.47e+04 γ=0.985 T=0.0504
2026-04-29 16:02:15,193 INFO train_distributed it= 109 lr=5.20e-04 loss_world=0.7594 |∇|=1.40e+04 γ=0.996 T=0.0506
2026-04-29 16:02:15,249 INFO train_distributed it= 109 lr=5.20e-04 loss_world=1.1775 |∇|=1.14e+01 γ=1.003 T=0.0502
2026-04-29 16:02:15,318 INFO train_distributed it= 109 lr=5.20e-04 loss_world=1.1976 |∇|=8.07e+00 γ=0.987 T=0.0502
2026-04-29 16:02:36,649 INFO train_distributed it= 129 lr=3.76e-04 loss_world=1.0161 |∇|=1.09e+01 γ=0.988 T=0.0500
2026-04-29 16:02:36,926 INFO train_distributed it= 129 lr=3.76e-04 loss_world=0.9927 |∇|=1.86e+01 γ=0.990 T=0.0499
2026-04-29 16:02:37,068 INFO train_distributed it= 129 lr=3.76e-04 loss_world=11.2237 |∇|=2.48e+03 γ=0.966 T=0.0504
2026-04-29 16:02:37,342 INFO train_distributed it= 129 lr=3.76e-04 loss_world=1.0202 |∇|=7.96e+00 γ=1.000 T=0.0496
2026-04-29 16:02:37,502 INFO train_distributed it= 129 lr=3.76e-04 loss_world=2.3977 |∇|=8.49e+02 γ=0.985 T=0.0504
2026-04-29 16:02:40,075 INFO train_distributed it= 119 lr=4.47e-04 loss_world=1.2350 |∇|=8.74e+03 γ=0.997 T=0.0506
2026-04-29 16:02:40,097 INFO train_distributed it= 119 lr=4.47e-04 loss_world=0.6616 |∇|=1.10e+01 γ=1.004 T=0.0502
2026-04-29 16:02:40,174 INFO train_distributed it= 119 lr=4.47e-04 loss_world=2.6413 |∇|=8.31e+03 γ=0.989 T=0.0502
2026-04-29 16:02:59,350 INFO train_distributed it= 139 lr=3.10e-04 loss_world=1.0116 |∇|=1.11e+01 γ=0.988 T=0.0500
2026-04-29 16:02:59,655 INFO train_distributed it= 139 lr=3.10e-04 loss_world=1.0240 |∇|=2.39e+01 γ=0.990 T=0.0499
2026-04-29 16:02:59,795 INFO train_distributed it= 139 lr=3.10e-04 loss_world=5.4186 |∇|=2.40e+04 γ=0.966 T=0.0504
2026-04-29 16:03:00,084 INFO train_distributed it= 139 lr=3.10e-04 loss_world=1.0348 |∇|=1.23e+01 γ=1.000 T=0.0496
2026-04-29 16:03:00,259 INFO train_distributed it= 139 lr=3.10e-04 loss_world=3.8448 |∇|=4.05e+03 γ=0.985 T=0.0504
2026-04-29 16:03:04,944 INFO train_distributed it= 129 lr=3.76e-04 loss_world=1.0464 |∇|=9.89e+00 γ=1.004 T=0.0502
2026-04-29 16:03:04,955 INFO train_distributed it= 129 lr=3.76e-04 loss_world=0.7325 |∇|=3.35e+04 γ=0.996 T=0.0505
2026-04-29 16:03:05,021 INFO train_distributed it= 129 lr=3.76e-04 loss_world=1.7027 |∇|=8.81e+02 γ=0.993 T=0.0502
2026-04-29 16:03:22,056 INFO train_distributed it= 149 lr=2.51e-04 loss_world=1.0074 |∇|=1.34e+01 γ=0.988 T=0.0500
2026-04-29 16:03:22,386 INFO train_distributed it= 149 lr=2.51e-04 loss_world=0.9983 |∇|=1.75e+01 γ=0.990 T=0.0499
2026-04-29 16:03:22,514 INFO train_distributed it= 149 lr=2.51e-04 loss_world=2.2650 |∇|=7.20e+02 γ=0.966 T=0.0504
2026-04-29 16:03:22,825 INFO train_distributed it= 149 lr=2.51e-04 loss_world=0.9998 |∇|=8.91e+00 γ=1.000 T=0.0496
2026-04-29 16:03:23,027 INFO train_distributed it= 149 lr=2.51e-04 loss_world=2.9147 |∇|=7.10e+03 γ=0.985 T=0.0504
2026-04-29 16:03:29,804 INFO train_distributed it= 139 lr=3.10e-04 loss_world=1.1284 |∇|=1.57e+01 γ=1.003 T=0.0501
2026-04-29 16:03:29,839 INFO train_distributed it= 139 lr=3.10e-04 loss_world=0.6504 |∇|=5.08e+03 γ=0.997 T=0.0505
2026-04-29 16:03:29,878 INFO train_distributed it= 139 lr=3.10e-04 loss_world=1.0432 |∇|=2.19e+02 γ=0.995 T=0.0502
2026-04-29 16:03:44,754 INFO train_distributed it= 159 lr=2.00e-04 loss_world=0.9916 |∇|=1.40e+01 γ=0.988 T=0.0500
2026-04-29 16:03:45,107 INFO train_distributed it= 159 lr=2.00e-04 loss_world=0.9951 |∇|=2.02e+01 γ=0.990 T=0.0499
2026-04-29 16:03:45,233 INFO train_distributed it= 159 lr=2.00e-04 loss_world=2.1127 |∇|=1.89e+03 γ=0.966 T=0.0504
2026-04-29 16:03:45,558 INFO train_distributed it= 159 lr=2.00e-04 loss_world=1.0333 |∇|=7.53e+00 γ=1.000 T=0.0496
2026-04-29 16:03:45,794 INFO train_distributed it= 159 lr=2.00e-04 loss_world=4.2152 |∇|=3.42e+04 γ=0.985 T=0.0504
2026-04-29 16:03:54,660 INFO train_distributed it= 149 lr=2.51e-04 loss_world=0.8224 |∇|=2.00e+01 γ=1.003 T=0.0501
2026-04-29 16:03:54,728 INFO train_distributed it= 149 lr=2.51e-04 loss_world=0.9949 |∇|=1.41e+02 γ=0.995 T=0.0502
2026-04-29 16:03:54,733 INFO train_distributed it= 149 lr=2.51e-04 loss_world=0.8473 |∇|=3.17e+04 γ=0.997 T=0.0505
2026-04-29 16:04:07,456 INFO train_distributed it= 169 lr=1.58e-04 loss_world=0.9981 |∇|=1.50e+01 γ=0.988 T=0.0500
2026-04-29 16:04:07,839 INFO train_distributed it= 169 lr=1.58e-04 loss_world=0.9934 |∇|=1.96e+01 γ=0.990 T=0.0499
2026-04-29 16:04:07,968 INFO train_distributed it= 169 lr=1.58e-04 loss_world=2.6692 |∇|=1.45e+03 γ=0.966 T=0.0504
2026-04-29 16:04:08,301 INFO train_distributed it= 169 lr=1.58e-04 loss_world=0.9933 |∇|=1.05e+01 γ=1.000 T=0.0496
2026-04-29 16:04:08,565 INFO train_distributed it= 169 lr=1.58e-04 loss_world=2.3356 |∇|=3.15e+02 γ=0.985 T=0.0504
2026-04-29 16:04:19,512 INFO train_distributed it= 159 lr=2.00e-04 loss_world=0.9967 |∇|=4.88e+01 γ=1.004 T=0.0501
2026-04-29 16:04:19,591 INFO train_distributed it= 159 lr=2.00e-04 loss_world=1.0665 |∇|=8.54e+01 γ=0.995 T=0.0502
2026-04-29 16:04:19,636 INFO train_distributed it= 159 lr=2.00e-04 loss_world=1.0852 |∇|=2.15e+04 γ=0.997 T=0.0505
2026-04-29 16:04:30,166 INFO train_distributed it= 179 lr=1.27e-04 loss_world=0.9998 |∇|=1.55e+01 γ=0.988 T=0.0500
2026-04-29 16:04:30,560 INFO train_distributed it= 179 lr=1.27e-04 loss_world=1.0011 |∇|=2.27e+01 γ=0.990 T=0.0499
2026-04-29 16:04:30,693 INFO train_distributed it= 179 lr=1.27e-04 loss_world=2.9415 |∇|=5.81e+03 γ=0.966 T=0.0504
2026-04-29 16:04:31,046 INFO train_distributed it= 179 lr=1.27e-04 loss_world=1.0314 |∇|=7.72e+00 γ=1.000 T=0.0496
2026-04-29 16:04:31,322 INFO train_distributed it= 179 lr=1.27e-04 loss_world=2.0903 |∇|=1.57e+03 γ=0.985 T=0.0504
2026-04-29 16:04:44,359 INFO train_distributed it= 169 lr=1.58e-04 loss_world=4.6191 |∇|=1.75e+03 γ=1.004 T=0.0501
2026-04-29 16:04:44,447 INFO train_distributed it= 169 lr=1.58e-04 loss_world=1.1465 |∇|=6.87e+01 γ=0.996 T=0.0502
2026-04-29 16:04:44,561 INFO train_distributed it= 169 lr=1.58e-04 loss_world=1.5865 |∇|=1.86e+05 γ=0.997 T=0.0505
2026-04-29 16:04:52,875 INFO train_distributed it= 189 lr=1.07e-04 loss_world=0.9858 |∇|=1.64e+01 γ=0.988 T=0.0500
2026-04-29 16:04:53,274 INFO train_distributed it= 189 lr=1.07e-04 loss_world=0.9969 |∇|=2.04e+01 γ=0.990 T=0.0499
2026-04-29 16:04:53,438 INFO train_distributed it= 189 lr=1.07e-04 loss_world=6.5272 |∇|=2.69e+04 γ=0.966 T=0.0504
2026-04-29 16:04:53,771 INFO train_distributed it= 189 lr=1.07e-04 loss_world=1.0065 |∇|=1.08e+01 γ=1.000 T=0.0496
2026-04-29 16:04:54,087 INFO train_distributed it= 189 lr=1.07e-04 loss_world=2.4258 |∇|=1.94e+03 γ=0.985 T=0.0504
2026-04-29 16:05:09,207 INFO train_distributed it= 179 lr=1.27e-04 loss_world=0.9216 |∇|=3.56e+01 γ=1.004 T=0.0501
2026-04-29 16:05:09,306 INFO train_distributed it= 179 lr=1.27e-04 loss_world=1.4587 |∇|=3.08e+01 γ=0.996 T=0.0502
2026-04-29 16:05:09,462 INFO train_distributed it= 179 lr=1.27e-04 loss_world=1.1401 |∇|=1.17e+05 γ=0.997 T=0.0505
2026-04-29 16:05:15,577 INFO train_distributed it= 199 lr=1.00e-04 loss_world=1.0274 |∇|=1.51e+01 γ=0.988 T=0.0500
2026-04-29 16:05:15,583 INFO train_distributed training finished in 455.2s (200 iters, world_size=1)
2026-04-29 16:05:15,583 INFO train_distributed [rank 0] peak HBM: alloc=7.47 GB, reserved=8.05 GB
2026-04-29 16:05:15,586 INFO train_distributed [rank 0] wrote experiments/043_arch_pairs/results_p_1_1__1_2_seed3/training_log.json
2026-04-29 16:05:15,992 INFO train_distributed it= 199 lr=1.00e-04 loss_world=0.9971 |∇|=2.22e+01 γ=0.990 T=0.0499
2026-04-29 16:05:15,998 INFO train_distributed training finished in 455.8s (200 iters, world_size=1)
2026-04-29 16:05:15,998 INFO train_distributed [rank 0] peak HBM: alloc=7.47 GB, reserved=8.05 GB
2026-04-29 16:05:16,001 INFO train_distributed [rank 0] wrote experiments/043_arch_pairs/results_p_1_1__1_2_seed4/training_log.json
2026-04-29 16:05:16,158 INFO train_distributed it= 199 lr=1.00e-04 loss_world=4.4391 |∇|=1.71e+04 γ=0.966 T=0.0504
2026-04-29 16:05:16,164 INFO train_distributed training finished in 455.8s (200 iters, world_size=1)
2026-04-29 16:05:16,164 INFO train_distributed [rank 0] peak HBM: alloc=7.47 GB, reserved=8.05 GB
2026-04-29 16:05:16,167 INFO train_distributed [rank 0] wrote experiments/043_arch_pairs/results_p_1_1__1_2_seed1/training_log.json
2026-04-29 16:05:16,512 INFO train_distributed it= 199 lr=1.00e-04 loss_world=1.0035 |∇|=9.00e+00 γ=1.000 T=0.0496
2026-04-29 16:05:16,518 INFO train_distributed training finished in 456.1s (200 iters, world_size=1)
2026-04-29 16:05:16,518 INFO train_distributed [rank 0] peak HBM: alloc=7.47 GB, reserved=8.05 GB
2026-04-29 16:05:16,521 INFO train_distributed [rank 0] wrote experiments/043_arch_pairs/results_p_1_1__1_2_seed0/training_log.json
  ✓ p_1_1__1_2_seed3 465s (card 3)

═ TRAIN p_1_1__1_3_seed3 (card 0) ═ 16:05:16
2026-04-29 16:05:16,853 INFO train_distributed it= 199 lr=1.00e-04 loss_world=1.2047 |∇|=4.89e+04 γ=0.985 T=0.0504
2026-04-29 16:05:16,859 INFO train_distributed training finished in 456.5s (200 iters, world_size=1)
2026-04-29 16:05:16,859 INFO train_distributed [rank 0] peak HBM: alloc=7.47 GB, reserved=8.05 GB
2026-04-29 16:05:16,862 INFO train_distributed [rank 0] wrote experiments/043_arch_pairs/results_p_1_1__1_2_seed2/training_log.json
  ✓ p_1_1__1_2_seed4 465s (card 4)

═ TRAIN p_1_1__1_3_seed4 (card 1) ═ 16:05:16
  ✓ p_1_1__1_2_seed1 466s (card 1)

═ TRAIN p_1_1__2_1_seed0 (card 2) ═ 16:05:17
  ✓ p_1_1__1_2_seed0 466s (card 0)

═ TRAIN p_1_1__2_1_seed1 (card 3) ═ 16:05:17
  ✓ p_1_1__1_2_seed2 466s (card 2)

═ TRAIN p_1_1__2_1_seed2 (card 4) ═ 16:05:17
2026-04-29 16:05:20,100 INFO train_distributed [dist] rank=0 world_size=1 local_rank=0 cuda_available=True
2026-04-29 16:05:20,145 INFO train_distributed loaded 2,841 returns for spx/2015-2026_daily
2026-04-29 16:05:20,163 INFO train_distributed targets: acf_sq=0.342 leverage_sum=-0.790 hill_alpha=2.68
2026-04-29 16:05:21,065 INFO train_distributed EcoMDSimulator built: 34796 parameters (device=cuda:0)
2026-04-29 16:05:21,371 INFO train_distributed [dist] rank=0 world_size=1 local_rank=0 cuda_available=True
2026-04-29 16:05:21,416 INFO train_distributed loaded 2,841 returns for spx/2015-2026_daily
2026-04-29 16:05:21,423 INFO train_distributed targets: acf_sq=0.342 leverage_sum=-0.790 hill_alpha=2.68
2026-04-29 16:05:22,151 INFO train_distributed [dist] rank=0 world_size=1 local_rank=0 cuda_available=True
2026-04-29 16:05:22,196 INFO train_distributed loaded 2,841 returns for spx/2015-2026_daily
2026-04-29 16:05:22,203 INFO train_distributed targets: acf_sq=0.342 leverage_sum=-0.790 hill_alpha=2.68
2026-04-29 16:05:22,573 INFO train_distributed [dist] rank=0 world_size=1 local_rank=0 cuda_available=True
2026-04-29 16:05:22,618 INFO train_distributed loaded 2,841 returns for spx/2015-2026_daily
2026-04-29 16:05:22,625 INFO train_distributed targets: acf_sq=0.342 leverage_sum=-0.790 hill_alpha=2.68
2026-04-29 16:05:23,155 INFO train_distributed [dist] rank=0 world_size=1 local_rank=0 cuda_available=True
2026-04-29 16:05:23,200 INFO train_distributed loaded 2,841 returns for spx/2015-2026_daily
2026-04-29 16:05:23,207 INFO train_distributed targets: acf_sq=0.342 leverage_sum=-0.790 hill_alpha=2.68
2026-04-29 16:05:23,499 INFO train_distributed EcoMDSimulator built: 34796 parameters (device=cuda:0)
2026-04-29 16:05:23,528 INFO train_distributed EcoMDSimulator built: 34408 parameters (device=cuda:0)
2026-04-29 16:05:23,534 INFO train_distributed EcoMDSimulator built: 34408 parameters (device=cuda:0)
2026-04-29 16:05:23,676 INFO train_distributed EcoMDSimulator built: 34408 parameters (device=cuda:0)
2026-04-29 16:05:25,573 INFO train_distributed it=   0 lr=1.00e-04 loss_world=2.5791 |∇|=1.51e+02 γ=1.000 T=0.0500
2026-04-29 16:05:25,932 INFO train_distributed it=   0 lr=1.00e-04 loss_world=13.9633 |∇|=6.68e+02 γ=1.000 T=0.0500
2026-04-29 16:05:25,938 INFO train_distributed it=   0 lr=1.00e-04 loss_world=19.3013 |∇|=5.69e+03 γ=1.000 T=0.0500
2026-04-29 16:05:26,056 INFO train_distributed it=   0 lr=1.00e-04 loss_world=6.0712 |∇|=2.69e+03 γ=1.000 T=0.0500
2026-04-29 16:05:27,249 INFO train_distributed it=   0 lr=1.00e-04 loss_world=2.7769 |∇|=2.48e+01 γ=1.000 T=0.0500
2026-04-29 16:05:34,079 INFO train_distributed it= 189 lr=1.07e-04 loss_world=1.1140 |∇|=1.68e+01 γ=1.004 T=0.0501
2026-04-29 16:05:34,202 INFO train_distributed it= 189 lr=1.07e-04 loss_world=1.1996 |∇|=8.29e+01 γ=0.996 T=0.0502
2026-04-29 16:05:34,416 INFO train_distributed it= 189 lr=1.07e-04 loss_world=0.8320 |∇|=4.04e+04 γ=0.997 T=0.0505
2026-04-29 16:05:35,933 INFO train_distributed it=   9 lr=1.00e-03 loss_world=1.9336 |∇|=4.74e+01 γ=0.995 T=0.0500
2026-04-29 16:05:35,955 INFO train_distributed it=   9 lr=1.00e-03 loss_world=5.8117 |∇|=7.09e+02 γ=0.997 T=0.0500
2026-04-29 16:05:36,163 INFO train_distributed it=   9 lr=1.00e-03 loss_world=2.9199 |∇|=1.33e+02 γ=0.997 T=0.0501
2026-04-29 16:05:47,160 INFO train_distributed it=  19 lr=9.95e-04 loss_world=2.0572 |∇|=9.00e+01 γ=0.989 T=0.0499
2026-04-29 16:05:47,198 INFO train_distributed it=  19 lr=9.95e-04 loss_world=2.0704 |∇|=1.51e+02 γ=0.991 T=0.0500
2026-04-29 16:05:47,446 INFO train_distributed it=  19 lr=9.95e-04 loss_world=2.3884 |∇|=1.79e+02 γ=0.993 T=0.0501
2026-04-29 16:05:47,943 INFO train_distributed it=   9 lr=1.00e-03 loss_world=1.9986 |∇|=2.91e+01 γ=0.998 T=0.0502
2026-04-29 16:05:49,645 INFO train_distributed it=   9 lr=1.00e-03 loss_world=1.6378 |∇|=9.36e+01 γ=1.000 T=0.0501
2026-04-29 16:05:58,419 INFO train_distributed it=  29 lr=9.78e-04 loss_world=3.4383 |∇|=1.65e+03 γ=0.987 T=0.0499
2026-04-29 16:05:58,435 INFO train_distributed it=  29 lr=9.78e-04 loss_world=2.7497 |∇|=2.69e+02 γ=0.985 T=0.0499
2026-04-29 16:05:58,720 INFO train_distributed it=  29 lr=9.78e-04 loss_world=2.0822 |∇|=2.63e+02 γ=0.990 T=0.0502
2026-04-29 16:05:58,931 INFO train_distributed it= 199 lr=1.00e-04 loss_world=1.1882 |∇|=3.45e+01 γ=1.004 T=0.0500
2026-04-29 16:05:58,937 INFO train_distributed training finished in 498.6s (200 iters, world_size=1)
2026-04-29 16:05:58,937 INFO train_distributed [rank 0] peak HBM: alloc=9.09 GB, reserved=9.90 GB
2026-04-29 16:05:58,940 INFO train_distributed [rank 0] wrote experiments/043_arch_pairs/results_p_1_1__1_3_seed2/training_log.json
2026-04-29 16:05:59,065 INFO train_distributed it= 199 lr=1.00e-04 loss_world=1.6774 |∇|=1.81e+02 γ=0.996 T=0.0502
2026-04-29 16:05:59,071 INFO train_distributed training finished in 498.5s (200 iters, world_size=1)
2026-04-29 16:05:59,071 INFO train_distributed [rank 0] peak HBM: alloc=9.09 GB, reserved=9.90 GB
2026-04-29 16:05:59,074 INFO train_distributed [rank 0] wrote experiments/043_arch_pairs/results_p_1_1__1_3_seed1/training_log.json
2026-04-29 16:05:59,317 INFO train_distributed it= 199 lr=1.00e-04 loss_world=0.8784 |∇|=6.81e+04 γ=0.997 T=0.0505
2026-04-29 16:05:59,323 INFO train_distributed training finished in 499.0s (200 iters, world_size=1)
2026-04-29 16:05:59,323 INFO train_distributed [rank 0] peak HBM: alloc=9.09 GB, reserved=9.90 GB
2026-04-29 16:05:59,326 INFO train_distributed [rank 0] wrote experiments/043_arch_pairs/results_p_1_1__1_3_seed0/training_log.json
  ✓ p_1_1__1_3_seed2 508s (card 7)

═ TRAIN p_1_1__2_1_seed3 (card 5) ═ 16:05:59
  ✓ p_1_1__1_3_seed1 509s (card 6)

═ TRAIN p_1_1__2_1_seed4 (card 6) ═ 16:06:00
  ✓ p_1_1__1_3_seed0 509s (card 5)

═ TRAIN p_1_2__1_3_seed0 (card 7) ═ 16:06:00
2026-04-29 16:06:03,773 INFO train_distributed [dist] rank=0 world_size=1 local_rank=0 cuda_available=True
2026-04-29 16:06:03,818 INFO train_distributed loaded 2,841 returns for spx/2015-2026_daily
2026-04-29 16:06:03,826 INFO train_distributed targets: acf_sq=0.342 leverage_sum=-0.790 hill_alpha=2.68
2026-04-29 16:06:04,657 INFO train_distributed [dist] rank=0 world_size=1 local_rank=0 cuda_available=True
2026-04-29 16:06:04,703 INFO train_distributed loaded 2,841 returns for spx/2015-2026_daily
2026-04-29 16:06:04,710 INFO train_distributed targets: acf_sq=0.342 leverage_sum=-0.790 hill_alpha=2.68
2026-04-29 16:06:05,141 INFO train_distributed [dist] rank=0 world_size=1 local_rank=0 cuda_available=True
2026-04-29 16:06:05,185 INFO train_distributed loaded 2,841 returns for spx/2015-2026_daily
2026-04-29 16:06:05,192 INFO train_distributed targets: acf_sq=0.342 leverage_sum=-0.790 hill_alpha=2.68
2026-04-29 16:06:05,423 INFO train_distributed EcoMDSimulator built: 34408 parameters (device=cuda:0)
2026-04-29 16:06:05,423 INFO train_distributed EcoMDSimulator built: 34408 parameters (device=cuda:0)
2026-04-29 16:06:05,580 INFO train_distributed EcoMDSimulator built: 33431 parameters (device=cuda:0)
2026-04-29 16:06:07,811 INFO train_distributed it=   0 lr=1.00e-04 loss_world=2.5358 |∇|=3.14e+02 γ=1.000 T=0.0500
2026-04-29 16:06:07,837 INFO train_distributed it=   0 lr=1.00e-04 loss_world=1658.1442 |∇|=4.18e+06 γ=1.000 T=0.0500
2026-04-29 16:06:09,677 INFO train_distributed it=  39 lr=9.49e-04 loss_world=6.4841 |∇|=1.96e+03 γ=0.981 T=0.0499
2026-04-29 16:06:09,692 INFO train_distributed it=  39 lr=9.49e-04 loss_world=12.8076 |∇|=1.57e+03 γ=0.985 T=0.0499
2026-04-29 16:06:10,007 INFO train_distributed it=  39 lr=9.49e-04 loss_world=9.1555 |∇|=2.62e+03 γ=0.987 T=0.0502
2026-04-29 16:06:10,435 INFO train_distributed it=   0 lr=1.00e-04 loss_world=2.2454 |∇|=1.91e+01 γ=1.000 T=0.0500
2026-04-29 16:06:12,795 INFO train_distributed it=  19 lr=9.95e-04 loss_world=1.5093 |∇|=4.38e+01 γ=0.995 T=0.0504
2026-04-29 16:06:14,536 INFO train_distributed it=  19 lr=9.95e-04 loss_world=0.9463 |∇|=3.23e+02 γ=0.999 T=0.0502
2026-04-29 16:06:17,772 INFO train_distributed it=   9 lr=1.00e-03 loss_world=2.6448 |∇|=2.22e+02 γ=0.999 T=0.0499
2026-04-29 16:06:18,141 INFO train_distributed it=   9 lr=1.00e-03 loss_world=3.2076 |∇|=4.29e+02 γ=0.997 T=0.0500
2026-04-29 16:06:20,899 INFO train_distributed it=  49 lr=9.10e-04 loss_world=10.3202 |∇|=1.68e+03 γ=0.975 T=0.0499
2026-04-29 16:06:20,933 INFO train_distributed it=  49 lr=9.10e-04 loss_world=1.7564 |∇|=1.89e+02 γ=0.983 T=0.0500
2026-04-29 16:06:21,295 INFO train_distributed it=  49 lr=9.10e-04 loss_world=1.0521 |∇|=1.26e+03 γ=0.986 T=0.0503
2026-04-29 16:06:28,980 INFO train_distributed it=  19 lr=9.95e-04 loss_world=2.4958 |∇|=2.00e+02 γ=0.994 T=0.0499
2026-04-29 16:06:29,679 INFO train_distributed it=  19 lr=9.95e-04 loss_world=1.7966 |∇|=1.36e+02 γ=0.995 T=0.0500
2026-04-29 16:06:32,129 INFO train_distributed it=  59 lr=8.60e-04 loss_world=2.6336 |∇|=2.73e+02 γ=0.967 T=0.0498
2026-04-29 16:06:32,170 INFO train_distributed it=  59 lr=8.60e-04 loss_world=0.7105 |∇|=4.20e+02 γ=0.981 T=0.0501
2026-04-29 16:06:32,576 INFO train_distributed it=  59 lr=8.60e-04 loss_world=1.5561 |∇|=1.37e+02 γ=0.985 T=0.0504
2026-04-29 16:06:37,661 INFO train_distributed it=  29 lr=9.78e-04 loss_world=1.5588 |∇|=1.14e+01 γ=0.995 T=0.0504
2026-04-29 16:06:39,445 INFO train_distributed it=  29 lr=9.78e-04 loss_world=0.8524 |∇|=2.52e+02 γ=0.997 T=0.0503
2026-04-29 16:06:40,193 INFO train_distributed it=  29 lr=9.78e-04 loss_world=7.8473 |∇|=1.33e+03 γ=0.986 T=0.0499
2026-04-29 16:06:41,222 INFO train_distributed it=  29 lr=9.78e-04 loss_world=4.2216 |∇|=6.16e+02 γ=0.994 T=0.0500
2026-04-29 16:06:42,951 INFO train_distributed it=   9 lr=1.00e-03 loss_world=2.4405 |∇|=1.68e+01 γ=1.001 T=0.0501
2026-04-29 16:06:43,347 INFO train_distributed it=  69 lr=8.02e-04 loss_world=2.5001 |∇|=3.73e+02 γ=0.961 T=0.0498
2026-04-29 16:06:43,408 INFO train_distributed it=  69 lr=8.02e-04 loss_world=1.2940 |∇|=1.83e+02 γ=0.980 T=0.0501
2026-04-29 16:06:43,843 INFO train_distributed it=  69 lr=8.02e-04 loss_world=1.7069 |∇|=1.23e+02 γ=0.985 T=0.0504
2026-04-29 16:06:51,400 INFO train_distributed it=  39 lr=9.49e-04 loss_world=4.7560 |∇|=1.25e+03 γ=0.979 T=0.0500
2026-04-29 16:06:52,762 INFO train_distributed it=  39 lr=9.49e-04 loss_world=1.2144 |∇|=1.21e+02 γ=0.992 T=0.0501
2026-04-29 16:06:54,570 INFO train_distributed it=  79 lr=7.38e-04 loss_world=2.2739 |∇|=4.73e+02 γ=0.959 T=0.0498
2026-04-29 16:06:54,654 INFO train_distributed it=  79 lr=7.38e-04 loss_world=1.6540 |∇|=1.32e+02 γ=0.979 T=0.0501
2026-04-29 16:06:55,102 INFO train_distributed it=  79 lr=7.38e-04 loss_world=3.2854 |∇|=1.43e+03 γ=0.986 T=0.0505
2026-04-29 16:07:02,525 INFO train_distributed it=  39 lr=9.49e-04 loss_world=1.9957 |∇|=2.90e+02 γ=0.993 T=0.0505
2026-04-29 16:07:02,597 INFO train_distributed it=  49 lr=9.10e-04 loss_world=1.8482 |∇|=2.81e+01 γ=0.972 T=0.0501
2026-04-29 16:07:04,292 INFO train_distributed it=  49 lr=9.10e-04 loss_world=11.8693 |∇|=1.38e+03 γ=0.990 T=0.0501
2026-04-29 16:07:04,347 INFO train_distributed it=  39 lr=9.49e-04 loss_world=0.9032 |∇|=7.90e+00 γ=0.998 T=0.0504
2026-04-29 16:07:05,791 INFO train_distributed it=  89 lr=6.68e-04 loss_world=2.2653 |∇|=6.16e+02 γ=0.958 T=0.0498
2026-04-29 16:07:05,892 INFO train_distributed it=  89 lr=6.68e-04 loss_world=1.0309 |∇|=1.28e+02 γ=0.979 T=0.0501
2026-04-29 16:07:06,352 INFO train_distributed it=  89 lr=6.68e-04 loss_world=8.6082 |∇|=1.21e+03 γ=0.987 T=0.0505
2026-04-29 16:07:13,795 INFO train_distributed it=  59 lr=8.60e-04 loss_world=8.5338 |∇|=1.45e+03 γ=0.967 T=0.0502
2026-04-29 16:07:15,807 INFO train_distributed it=  59 lr=8.60e-04 loss_world=1.2100 |∇|=5.23e+02 γ=0.991 T=0.0501
2026-04-29 16:07:17,010 INFO train_distributed it=  99 lr=5.95e-04 loss_world=1.1233 |∇|=2.45e+04 γ=0.957 T=0.0499
2026-04-29 16:07:17,128 INFO train_distributed it=  99 lr=5.95e-04 loss_world=1.3118 |∇|=2.64e+02 γ=0.979 T=0.0500
2026-04-29 16:07:17,603 INFO train_distributed it=  99 lr=5.95e-04 loss_world=1.0113 |∇|=1.83e+02 γ=0.988 T=0.0505
2026-04-29 16:07:19,077 INFO train_distributed it=  19 lr=9.95e-04 loss_world=1.8405 |∇|=1.85e+01 γ=1.003 T=0.0502
2026-04-29 16:07:25,001 INFO train_distributed it=  69 lr=8.02e-04 loss_world=2.0716 |∇|=2.57e+02 γ=0.962 T=0.0503
2026-04-29 16:07:27,312 INFO train_distributed it=  69 lr=8.02e-04 loss_world=1.5876 |∇|=1.30e+02 γ=0.993 T=0.0501
2026-04-29 16:07:27,395 INFO train_distributed it=  49 lr=9.10e-04 loss_world=1.2417 |∇|=1.43e+02 γ=0.999 T=0.0505
2026-04-29 16:07:28,224 INFO train_distributed it= 109 lr=5.20e-04 loss_world=5.7710 |∇|=1.43e+04 γ=0.956 T=0.0499
2026-04-29 16:07:28,367 INFO train_distributed it= 109 lr=5.20e-04 loss_world=7.8782 |∇|=1.59e+03 γ=0.979 T=0.0500
2026-04-29 16:07:28,836 INFO train_distributed it= 109 lr=5.20e-04 loss_world=6.6272 |∇|=1.11e+03 γ=0.990 T=0.0505
2026-04-29 16:07:29,257 INFO train_distributed it=  49 lr=9.10e-04 loss_world=1.0975 |∇|=7.61e+01 γ=0.998 T=0.0505
2026-04-29 16:07:36,191 INFO train_distributed it=  79 lr=7.38e-04 loss_world=6.7097 |∇|=1.25e+03 γ=0.957 T=0.0503
2026-04-29 16:07:38,777 INFO train_distributed it=  79 lr=7.38e-04 loss_world=3.0225 |∇|=1.40e+03 γ=0.994 T=0.0501
2026-04-29 16:07:39,449 INFO train_distributed it= 119 lr=4.47e-04 loss_world=1.9266 |∇|=5.86e+03 γ=0.956 T=0.0499
2026-04-29 16:07:39,611 INFO train_distributed it= 119 lr=4.47e-04 loss_world=15.3534 |∇|=5.55e+03 γ=0.979 T=0.0500
2026-04-29 16:07:40,061 INFO train_distributed it= 119 lr=4.47e-04 loss_world=13.0143 |∇|=2.74e+03 γ=0.991 T=0.0506
2026-04-29 16:07:47,391 INFO train_distributed it=  89 lr=6.68e-04 loss_world=2.2074 |∇|=3.33e+02 γ=0.951 T=0.0503
2026-04-29 16:07:50,234 INFO train_distributed it=  89 lr=6.68e-04 loss_world=1.0752 |∇|=1.32e+02 γ=0.995 T=0.0501
2026-04-29 16:07:50,672 INFO train_distributed it= 129 lr=3.76e-04 loss_world=2.0427 |∇|=1.01e+03 γ=0.956 T=0.0499
2026-04-29 16:07:50,844 INFO train_distributed it= 129 lr=3.76e-04 loss_world=5.8160 |∇|=2.81e+03 γ=0.980 T=0.0499
2026-04-29 16:07:51,269 INFO train_distributed it= 129 lr=3.76e-04 loss_world=1.2820 |∇|=3.13e+02 γ=0.992 T=0.0507
2026-04-29 16:07:52,262 INFO train_distributed it=  59 lr=8.60e-04 loss_world=0.5849 |∇|=3.11e+02 γ=1.003 T=0.0504
2026-04-29 16:07:54,153 INFO train_distributed it=  59 lr=8.60e-04 loss_world=0.8672 |∇|=4.40e+01 γ=0.998 T=0.0506
2026-04-29 16:07:55,210 INFO train_distributed it=  29 lr=9.78e-04 loss_world=10.2002 |∇|=3.77e+03 γ=1.005 T=0.0505
2026-04-29 16:07:58,584 INFO train_distributed it=  99 lr=5.95e-04 loss_world=3.0444 |∇|=1.78e+03 γ=0.948 T=0.0504
2026-04-29 16:08:01,676 INFO train_distributed it=  99 lr=5.95e-04 loss_world=1.3949 |∇|=3.82e+01 γ=0.996 T=0.0501
2026-04-29 16:08:01,888 INFO train_distributed it= 139 lr=3.10e-04 loss_world=2.5662 |∇|=5.05e+02 γ=0.956 T=0.0499
2026-04-29 16:08:02,080 INFO train_distributed it= 139 lr=3.10e-04 loss_world=6.3153 |∇|=2.70e+03 γ=0.981 T=0.0499
2026-04-29 16:08:02,467 INFO train_distributed it= 139 lr=3.10e-04 loss_world=0.9118 |∇|=4.46e+02 γ=0.993 T=0.0507
2026-04-29 16:08:09,781 INFO train_distributed it= 109 lr=5.20e-04 loss_world=2.2623 |∇|=3.89e+02 γ=0.946 T=0.0504
2026-04-29 16:08:13,111 INFO train_distributed it= 149 lr=2.51e-04 loss_world=2.0280 |∇|=2.35e+03 γ=0.955 T=0.0499
2026-04-29 16:08:13,112 INFO train_distributed it= 109 lr=5.20e-04 loss_world=1.4680 |∇|=8.70e+01 γ=0.996 T=0.0501
2026-04-29 16:08:13,314 INFO train_distributed it= 149 lr=2.51e-04 loss_world=1.3677 |∇|=1.91e+02 γ=0.982 T=0.0499
2026-04-29 16:08:13,667 INFO train_distributed it= 149 lr=2.51e-04 loss_world=1.0759 |∇|=2.01e+02 γ=0.994 T=0.0507
2026-04-29 16:08:17,113 INFO train_distributed it=  69 lr=8.02e-04 loss_world=0.8480 |∇|=4.09e+04 γ=1.005 T=0.0502
2026-04-29 16:08:19,044 INFO train_distributed it=  69 lr=8.02e-04 loss_world=0.9903 |∇|=2.00e+01 γ=0.998 T=0.0506
2026-04-29 16:08:20,975 INFO train_distributed it= 119 lr=4.47e-04 loss_world=3.4813 |∇|=2.66e+03 γ=0.944 T=0.0504
2026-04-29 16:08:24,331 INFO train_distributed it= 159 lr=2.00e-04 loss_world=2.4791 |∇|=3.41e+03 γ=0.955 T=0.0499
2026-04-29 16:08:24,526 INFO train_distributed it= 119 lr=4.47e-04 loss_world=1.2492 |∇|=2.74e+02 γ=0.996 T=0.0501
2026-04-29 16:08:24,559 INFO train_distributed it= 159 lr=2.00e-04 loss_world=1.4769 |∇|=1.67e+02 γ=0.982 T=0.0499
2026-04-29 16:08:24,867 INFO train_distributed it= 159 lr=2.00e-04 loss_world=1.7195 |∇|=2.45e+03 γ=0.995 T=0.0507
2026-04-29 16:08:31,345 INFO train_distributed it=  39 lr=9.49e-04 loss_world=0.5932 |∇|=4.43e+01 γ=1.003 T=0.0507
2026-04-29 16:08:32,179 INFO train_distributed it= 129 lr=3.76e-04 loss_world=1.9557 |∇|=3.83e+02 γ=0.942 T=0.0504
2026-04-29 16:08:35,551 INFO train_distributed it= 169 lr=1.58e-04 loss_world=2.1493 |∇|=2.31e+03 γ=0.955 T=0.0499
2026-04-29 16:08:35,802 INFO train_distributed it= 169 lr=1.58e-04 loss_world=1.0944 |∇|=2.10e+02 γ=0.982 T=0.0499
2026-04-29 16:08:35,947 INFO train_distributed it= 129 lr=3.76e-04 loss_world=1.1452 |∇|=8.17e+01 γ=0.996 T=0.0501
2026-04-29 16:08:36,080 INFO train_distributed it= 169 lr=1.58e-04 loss_world=1.4770 |∇|=3.58e+02 γ=0.995 T=0.0507
2026-04-29 16:08:41,983 INFO train_distributed it=  79 lr=7.38e-04 loss_world=0.6263 |∇|=1.17e+04 γ=1.007 T=0.0500
2026-04-29 16:08:43,377 INFO train_distributed it= 139 lr=3.10e-04 loss_world=2.0548 |∇|=6.71e+02 γ=0.941 T=0.0504
2026-04-29 16:08:43,936 INFO train_distributed it=  79 lr=7.38e-04 loss_world=0.6480 |∇|=1.07e+01 γ=0.997 T=0.0505
2026-04-29 16:08:46,773 INFO train_distributed it= 179 lr=1.27e-04 loss_world=2.3289 |∇|=1.76e+03 γ=0.955 T=0.0499
2026-04-29 16:08:47,034 INFO train_distributed it= 179 lr=1.27e-04 loss_world=1.2059 |∇|=2.93e+02 γ=0.982 T=0.0499
2026-04-29 16:08:47,282 INFO train_distributed it= 179 lr=1.27e-04 loss_world=1.0043 |∇|=5.60e+02 γ=0.995 T=0.0507
2026-04-29 16:08:47,383 INFO train_distributed it= 139 lr=3.10e-04 loss_world=1.2702 |∇|=1.90e+02 γ=0.996 T=0.0501
2026-04-29 16:08:54,572 INFO train_distributed it= 149 lr=2.51e-04 loss_world=2.3422 |∇|=7.98e+02 γ=0.941 T=0.0504
2026-04-29 16:08:57,999 INFO train_distributed it= 189 lr=1.07e-04 loss_world=2.3555 |∇|=2.26e+03 γ=0.955 T=0.0499
2026-04-29 16:08:58,275 INFO train_distributed it= 189 lr=1.07e-04 loss_world=2.3304 |∇|=4.64e+03 γ=0.982 T=0.0499
2026-04-29 16:08:58,483 INFO train_distributed it= 189 lr=1.07e-04 loss_world=1.1864 |∇|=6.52e+02 γ=0.996 T=0.0507
2026-04-29 16:08:58,834 INFO train_distributed it= 149 lr=2.51e-04 loss_world=1.3873 |∇|=1.07e+02 γ=0.996 T=0.0502
2026-04-29 16:09:05,773 INFO train_distributed it= 159 lr=2.00e-04 loss_world=2.1298 |∇|=1.36e+03 γ=0.941 T=0.0504
2026-04-29 16:09:06,843 INFO train_distributed it=  89 lr=6.68e-04 loss_world=1.2070 |∇|=3.46e+01 γ=1.009 T=0.0500
2026-04-29 16:09:07,486 INFO train_distributed it=  49 lr=9.10e-04 loss_world=1.2799 |∇|=4.65e+01 γ=1.004 T=0.0509
2026-04-29 16:09:08,837 INFO train_distributed it=  89 lr=6.68e-04 loss_world=1.2702 |∇|=2.81e+01 γ=0.997 T=0.0505
2026-04-29 16:09:09,232 INFO train_distributed it= 199 lr=1.00e-04 loss_world=2.1954 |∇|=5.87e+03 γ=0.955 T=0.0499
2026-04-29 16:09:09,238 INFO train_distributed training finished in 225.7s (200 iters, world_size=1)
2026-04-29 16:09:09,238 INFO train_distributed [rank 0] peak HBM: alloc=7.10 GB, reserved=7.69 GB
2026-04-29 16:09:09,241 INFO train_distributed [rank 0] wrote experiments/043_arch_pairs/results_p_1_1__2_1_seed1/training_log.json
2026-04-29 16:09:09,515 INFO train_distributed it= 199 lr=1.00e-04 loss_world=1.1059 |∇|=1.24e+03 γ=0.982 T=0.0499
2026-04-29 16:09:09,521 INFO train_distributed training finished in 226.0s (200 iters, world_size=1)
2026-04-29 16:09:09,521 INFO train_distributed [rank 0] peak HBM: alloc=7.10 GB, reserved=7.69 GB
2026-04-29 16:09:09,524 INFO train_distributed [rank 0] wrote experiments/043_arch_pairs/results_p_1_1__2_1_seed0/training_log.json
2026-04-29 16:09:09,687 INFO train_distributed it= 199 lr=1.00e-04 loss_world=1.2922 |∇|=1.40e+02 γ=0.996 T=0.0507
2026-04-29 16:09:09,693 INFO train_distributed training finished in 226.0s (200 iters, world_size=1)
2026-04-29 16:09:09,693 INFO train_distributed [rank 0] peak HBM: alloc=7.10 GB, reserved=7.69 GB
2026-04-29 16:09:09,696 INFO train_distributed [rank 0] wrote experiments/043_arch_pairs/results_p_1_1__2_1_seed2/training_log.json
  ✓ p_1_1__2_1_seed1 233s (card 3)

═ TRAIN p_1_2__1_3_seed1 (card 0) ═ 16:09:10
2026-04-29 16:09:10,302 INFO train_distributed it= 159 lr=2.00e-04 loss_world=1.4391 |∇|=1.29e+02 γ=0.996 T=0.0502
  ✓ p_1_1__2_1_seed0 233s (card 2)

═ TRAIN p_1_2__1_3_seed2 (card 1) ═ 16:09:10
  ✓ p_1_1__2_1_seed2 233s (card 4)

═ TRAIN p_1_2__1_3_seed3 (card 2) ═ 16:09:10
2026-04-29 16:09:13,559 INFO train_distributed [dist] rank=0 world_size=1 local_rank=0 cuda_available=True
2026-04-29 16:09:13,605 INFO train_distributed loaded 2,841 returns for spx/2015-2026_daily
2026-04-29 16:09:13,614 INFO train_distributed targets: acf_sq=0.342 leverage_sum=-0.790 hill_alpha=2.68
2026-04-29 16:09:14,464 INFO train_distributed [dist] rank=0 world_size=1 local_rank=0 cuda_available=True
2026-04-29 16:09:14,494 INFO train_distributed EcoMDSimulator built: 33431 parameters (device=cuda:0)
2026-04-29 16:09:14,508 INFO train_distributed loaded 2,841 returns for spx/2015-2026_daily
2026-04-29 16:09:14,515 INFO train_distributed targets: acf_sq=0.342 leverage_sum=-0.790 hill_alpha=2.68
2026-04-29 16:09:14,852 INFO train_distributed [dist] rank=0 world_size=1 local_rank=0 cuda_available=True
2026-04-29 16:09:14,897 INFO train_distributed loaded 2,841 returns for spx/2015-2026_daily
2026-04-29 16:09:14,905 INFO train_distributed targets: acf_sq=0.342 leverage_sum=-0.790 hill_alpha=2.68
2026-04-29 16:09:15,226 INFO train_distributed EcoMDSimulator built: 33431 parameters (device=cuda:0)
2026-04-29 16:09:15,250 INFO train_distributed EcoMDSimulator built: 33431 parameters (device=cuda:0)
2026-04-29 16:09:16,993 INFO train_distributed it= 169 lr=1.58e-04 loss_world=2.4148 |∇|=1.07e+03 γ=0.941 T=0.0504
2026-04-29 16:09:20,118 INFO train_distributed it=   0 lr=1.00e-04 loss_world=9.0550 |∇|=1.65e+03 γ=1.000 T=0.0500
2026-04-29 16:09:21,768 INFO train_distributed it= 169 lr=1.58e-04 loss_world=0.9886 |∇|=2.96e+02 γ=0.997 T=0.0502
2026-04-29 16:09:23,615 INFO train_distributed it=   0 lr=1.00e-04 loss_world=3.0336 |∇|=6.38e+01 γ=1.000 T=0.0500
2026-04-29 16:09:24,236 INFO train_distributed it=   0 lr=1.00e-04 loss_world=3.3094 |∇|=6.84e+02 γ=1.000 T=0.0500
2026-04-29 16:09:28,190 INFO train_distributed it= 179 lr=1.27e-04 loss_world=2.5047 |∇|=2.20e+03 γ=0.941 T=0.0504
2026-04-29 16:09:33,232 INFO train_distributed it= 179 lr=1.27e-04 loss_world=1.3046 |∇|=5.05e+02 γ=0.997 T=0.0501
2026-04-29 16:09:39,383 INFO train_distributed it= 189 lr=1.07e-04 loss_world=3.2408 |∇|=1.38e+04 γ=0.941 T=0.0504
2026-04-29 16:09:43,626 INFO train_distributed it=  59 lr=8.60e-04 loss_world=1.1264 |∇|=3.24e+01 γ=1.005 T=0.0510
2026-04-29 16:09:44,706 INFO train_distributed it= 189 lr=1.07e-04 loss_world=2.5897 |∇|=1.56e+03 γ=0.997 T=0.0501
2026-04-29 16:09:50,299 INFO train_distributed it=  99 lr=5.95e-04 loss_world=0.7754 |∇|=4.80e+01 γ=1.009 T=0.0501
2026-04-29 16:09:50,580 INFO train_distributed it= 199 lr=1.00e-04 loss_world=2.5391 |∇|=1.19e+03 γ=0.941 T=0.0504
2026-04-29 16:09:50,586 INFO train_distributed training finished in 225.2s (200 iters, world_size=1)
2026-04-29 16:09:50,586 INFO train_distributed [rank 0] peak HBM: alloc=7.10 GB, reserved=7.69 GB
2026-04-29 16:09:50,589 INFO train_distributed [rank 0] wrote experiments/043_arch_pairs/results_p_1_1__2_1_seed4/training_log.json
  ✓ p_1_1__2_1_seed4 231s (card 6)

═ TRAIN p_1_2__1_3_seed4 (card 3) ═ 16:09:51
2026-04-29 16:09:52,649 INFO train_distributed it=   9 lr=1.00e-03 loss_world=2.6277 |∇|=2.95e+02 γ=1.000 T=0.0501
2026-04-29 16:09:53,570 INFO train_distributed it=  99 lr=5.95e-04 loss_world=0.6441 |∇|=3.92e+01 γ=0.998 T=0.0506
2026-04-29 16:09:54,981 INFO train_distributed [dist] rank=0 world_size=1 local_rank=0 cuda_available=True
2026-04-29 16:09:55,025 INFO train_distributed loaded 2,841 returns for spx/2015-2026_daily
2026-04-29 16:09:55,033 INFO train_distributed targets: acf_sq=0.342 leverage_sum=-0.790 hill_alpha=2.68
2026-04-29 16:09:55,281 INFO train_distributed EcoMDSimulator built: 33431 parameters (device=cuda:0)
2026-04-29 16:09:56,170 INFO train_distributed it= 199 lr=1.00e-04 loss_world=1.1185 |∇|=6.74e+02 γ=0.997 T=0.0501
2026-04-29 16:09:56,176 INFO train_distributed training finished in 230.8s (200 iters, world_size=1)
2026-04-29 16:09:56,176 INFO train_distributed [rank 0] peak HBM: alloc=7.10 GB, reserved=7.69 GB
2026-04-29 16:09:56,179 INFO train_distributed [rank 0] wrote experiments/043_arch_pairs/results_p_1_1__2_1_seed3/training_log.json
  ✓ p_1_1__2_1_seed3 238s (card 5)

═ TRAIN p_2_1__2_2_seed0 (card 4) ═ 16:09:57
2026-04-29 16:10:00,118 INFO train_distributed it=   0 lr=1.00e-04 loss_world=3.1059 |∇|=1.08e+02 γ=1.000 T=0.0500
2026-04-29 16:10:00,670 INFO train_distributed [dist] rank=0 world_size=1 local_rank=0 cuda_available=True
2026-04-29 16:10:00,715 INFO train_distributed loaded 2,841 returns for spx/2015-2026_daily
2026-04-29 16:10:00,722 INFO train_distributed targets: acf_sq=0.342 leverage_sum=-0.790 hill_alpha=2.68
2026-04-29 16:10:01,042 INFO train_distributed EcoMDSimulator built: 31588 parameters (device=cuda:0)
2026-04-29 16:10:03,355 INFO train_distributed it=   0 lr=1.00e-04 loss_world=7.2033 |∇|=5.20e+02 γ=1.000 T=0.0500
2026-04-29 16:10:13,168 INFO train_distributed it=   9 lr=1.00e-03 loss_world=1.1363 |∇|=1.99e+02 γ=0.996 T=0.0500
2026-04-29 16:10:19,775 INFO train_distributed it=  69 lr=8.02e-04 loss_world=1.2651 |∇|=2.31e+01 γ=1.004 T=0.0510
2026-04-29 16:10:24,186 INFO train_distributed it=  19 lr=9.95e-04 loss_world=1.1426 |∇|=7.40e+00 γ=0.992 T=0.0500
2026-04-29 16:10:28,781 INFO train_distributed it=  19 lr=9.95e-04 loss_world=0.7470 |∇|=1.53e+01 γ=0.998 T=0.0503
2026-04-29 16:10:32,643 INFO train_distributed it=   9 lr=1.00e-03 loss_world=1.2298 |∇|=4.27e+02 γ=1.002 T=0.0502
2026-04-29 16:10:33,121 INFO train_distributed it=   9 lr=1.00e-03 loss_world=2.2097 |∇|=4.95e+01 γ=1.002 T=0.0500
2026-04-29 16:10:33,811 INFO train_distributed it=   9 lr=1.00e-03 loss_world=0.8807 |∇|=1.36e+03 γ=1.002 T=0.0502
2026-04-29 16:10:35,222 INFO train_distributed it=  29 lr=9.78e-04 loss_world=1.0245 |∇|=4.74e+00 γ=0.989 T=0.0500
2026-04-29 16:10:44,191 INFO train_distributed it= 109 lr=5.20e-04 loss_world=0.9150 |∇|=5.47e+02 γ=1.009 T=0.0501
2026-04-29 16:10:46,263 INFO train_distributed it=  39 lr=9.49e-04 loss_world=1.0241 |∇|=7.95e+00 γ=0.988 T=0.0500
2026-04-29 16:10:46,981 INFO train_distributed it= 109 lr=5.20e-04 loss_world=1.2777 |∇|=1.06e+02 γ=0.998 T=0.0507
2026-04-29 16:10:55,926 INFO train_distributed it=  79 lr=7.38e-04 loss_world=1.0539 |∇|=5.34e+01 γ=1.005 T=0.0510
2026-04-29 16:10:57,332 INFO train_distributed it=  49 lr=9.10e-04 loss_world=1.0253 |∇|=9.59e+00 γ=0.987 T=0.0500
2026-04-29 16:11:04,932 INFO train_distributed it=  29 lr=9.78e-04 loss_world=1.0757 |∇|=2.94e+01 γ=0.997 T=0.0504
2026-04-29 16:11:08,372 INFO train_distributed it=  59 lr=8.60e-04 loss_world=0.9528 |∇|=5.51e+00 γ=0.986 T=0.0500
2026-04-29 16:11:08,782 INFO train_distributed it=  19 lr=9.95e-04 loss_world=0.9069 |∇|=8.73e+01 γ=1.003 T=0.0503
2026-04-29 16:11:19,416 INFO train_distributed it=  69 lr=8.02e-04 loss_world=1.8737 |∇|=2.01e+02 γ=0.985 T=0.0500
2026-04-29 16:11:30,445 INFO train_distributed it=  79 lr=7.38e-04 loss_world=1.0167 |∇|=1.77e+01 γ=0.985 T=0.0501
2026-04-29 16:11:32,060 INFO train_distributed it=  89 lr=6.68e-04 loss_world=1.0026 |∇|=3.04e+01 γ=1.008 T=0.0510
2026-04-29 16:11:38,087 INFO train_distributed it= 119 lr=4.47e-04 loss_world=0.8295 |∇|=5.93e+01 γ=1.010 T=0.0501
2026-04-29 16:11:40,417 INFO train_distributed it= 119 lr=4.47e-04 loss_world=1.2887 |∇|=4.23e+02 γ=0.997 T=0.0507
2026-04-29 16:11:41,085 INFO train_distributed it=  39 lr=9.49e-04 loss_world=0.9908 |∇|=2.42e+01 γ=0.996 T=0.0505
2026-04-29 16:11:41,482 INFO train_distributed it=  89 lr=6.68e-04 loss_world=0.8159 |∇|=1.92e+01 γ=0.985 T=0.0502
2026-04-29 16:11:44,907 INFO train_distributed it=  29 lr=9.78e-04 loss_world=1.1033 |∇|=1.51e+02 γ=1.003 T=0.0503
2026-04-29 16:11:50,393 INFO train_distributed it=  19 lr=9.95e-04 loss_world=1.5933 |∇|=3.57e+01 γ=1.001 T=0.0503
2026-04-29 16:11:51,079 INFO train_distributed it=  19 lr=9.95e-04 loss_world=0.9768 |∇|=2.17e+01 γ=1.002 T=0.0504
2026-04-29 16:11:52,521 INFO train_distributed it=  99 lr=5.95e-04 loss_world=0.7731 |∇|=1.57e+01 γ=0.985 T=0.0502
2026-04-29 16:12:03,559 INFO train_distributed it= 109 lr=5.20e-04 loss_world=0.8673 |∇|=2.41e+01 γ=0.985 T=0.0502
2026-04-29 16:12:08,212 INFO train_distributed it=  99 lr=5.95e-04 loss_world=1.0009 |∇|=2.21e+01 γ=1.012 T=0.0509
2026-04-29 16:12:14,586 INFO train_distributed it= 119 lr=4.47e-04 loss_world=0.8394 |∇|=1.63e+01 γ=0.985 T=0.0503
2026-04-29 16:12:17,223 INFO train_distributed it=  49 lr=9.10e-04 loss_world=0.9760 |∇|=6.72e+01 γ=0.994 T=0.0506
2026-04-29 16:12:21,031 INFO train_distributed it=  39 lr=9.49e-04 loss_world=1.0359 |∇|=1.21e+02 γ=1.004 T=0.0504
2026-04-29 16:12:25,616 INFO train_distributed it= 129 lr=3.76e-04 loss_world=0.8044 |∇|=1.48e+01 γ=0.985 T=0.0503
2026-04-29 16:12:32,004 INFO train_distributed it= 129 lr=3.76e-04 loss_world=1.5235 |∇|=1.86e+01 γ=1.010 T=0.0500
2026-04-29 16:12:33,836 INFO train_distributed it= 129 lr=3.76e-04 loss_world=1.1957 |∇|=2.05e+02 γ=0.996 T=0.0508
2026-04-29 16:12:36,657 INFO train_distributed it= 139 lr=3.10e-04 loss_world=0.7814 |∇|=1.69e+01 γ=0.985 T=0.0503
2026-04-29 16:12:44,336 INFO train_distributed it= 109 lr=5.20e-04 loss_world=0.6974 |∇|=2.90e+01 γ=1.010 T=0.0510
2026-04-29 16:12:47,691 INFO train_distributed it= 149 lr=2.51e-04 loss_world=0.7799 |∇|=1.78e+01 γ=0.985 T=0.0503
2026-04-29 16:12:53,350 INFO train_distributed it=  59 lr=8.60e-04 loss_world=1.1996 |∇|=2.31e+01 γ=0.991 T=0.0508
2026-04-29 16:12:57,158 INFO train_distributed it=  49 lr=9.10e-04 loss_world=1.2896 |∇|=1.98e+01 γ=1.004 T=0.0504
2026-04-29 16:12:58,728 INFO train_distributed it= 159 lr=2.00e-04 loss_world=0.7998 |∇|=1.66e+01 γ=0.985 T=0.0503
2026-04-29 16:13:07,680 INFO train_distributed it=  29 lr=9.78e-04 loss_world=1.1972 |∇|=3.48e+01 γ=0.999 T=0.0505
2026-04-29 16:13:08,338 INFO train_distributed it=  29 lr=9.78e-04 loss_world=0.6065 |∇|=2.20e+01 γ=0.999 T=0.0505
2026-04-29 16:13:09,798 INFO train_distributed it= 169 lr=1.58e-04 loss_world=0.7761 |∇|=1.92e+01 γ=0.985 T=0.0503
2026-04-29 16:13:20,460 INFO train_distributed it= 119 lr=4.47e-04 loss_world=0.8242 |∇|=9.65e+00 γ=1.010 T=0.0511
2026-04-29 16:13:20,861 INFO train_distributed it= 179 lr=1.27e-04 loss_world=0.7957 |∇|=2.05e+01 γ=0.985 T=0.0503
2026-04-29 16:13:25,930 INFO train_distributed it= 139 lr=3.10e-04 loss_world=0.9650 |∇|=3.25e+01 γ=1.010 T=0.0500
2026-04-29 16:13:27,276 INFO train_distributed it= 139 lr=3.10e-04 loss_world=0.9897 |∇|=3.54e+02 γ=0.995 T=0.0508
2026-04-29 16:13:29,491 INFO train_distributed it=  69 lr=8.02e-04 loss_world=0.8441 |∇|=6.03e+01 γ=0.992 T=0.0507
2026-04-29 16:13:31,916 INFO train_distributed it= 189 lr=1.07e-04 loss_world=0.7737 |∇|=2.21e+01 γ=0.985 T=0.0503
2026-04-29 16:13:33,279 INFO train_distributed it=  59 lr=8.60e-04 loss_world=0.8305 |∇|=3.03e+01 γ=1.005 T=0.0503
2026-04-29 16:13:42,972 INFO train_distributed it= 199 lr=1.00e-04 loss_world=0.7910 |∇|=1.93e+01 γ=0.985 T=0.0503
2026-04-29 16:13:42,978 INFO train_distributed training finished in 221.9s (200 iters, world_size=1)
2026-04-29 16:13:42,978 INFO train_distributed [rank 0] peak HBM: alloc=7.09 GB, reserved=7.68 GB
2026-04-29 16:13:42,981 INFO train_distributed [rank 0] wrote experiments/043_arch_pairs/results_p_2_1__2_2_seed0/training_log.json
  ✓ p_2_1__2_2_seed0 226s (card 4)

═ TRAIN p_2_1__2_2_seed1 (card 5) ═ 16:13:43
2026-04-29 16:13:47,580 INFO train_distributed [dist] rank=0 world_size=1 local_rank=0 cuda_available=True
2026-04-29 16:13:47,623 INFO train_distributed loaded 2,841 returns for spx/2015-2026_daily
2026-04-29 16:13:47,630 INFO train_distributed targets: acf_sq=0.342 leverage_sum=-0.790 hill_alpha=2.68
2026-04-29 16:13:47,880 INFO train_distributed EcoMDSimulator built: 31588 parameters (device=cuda:0)
2026-04-29 16:13:50,165 INFO train_distributed it=   0 lr=1.00e-04 loss_world=11.5608 |∇|=2.00e+03 γ=1.000 T=0.0500
2026-04-29 16:13:56,591 INFO train_distributed it= 129 lr=3.76e-04 loss_world=0.8584 |∇|=7.84e+01 γ=1.009 T=0.0511
2026-04-29 16:14:00,058 INFO train_distributed it=   9 lr=1.00e-03 loss_world=1.9116 |∇|=6.14e+02 γ=0.999 T=0.0501
2026-04-29 16:14:05,628 INFO train_distributed it=  79 lr=7.38e-04 loss_world=1.1400 |∇|=3.33e+01 γ=0.992 T=0.0508
2026-04-29 16:14:09,402 INFO train_distributed it=  69 lr=8.02e-04 loss_world=0.7971 |∇|=1.85e+01 γ=1.001 T=0.0504
2026-04-29 16:14:11,156 INFO train_distributed it=  19 lr=9.95e-04 loss_world=1.2816 |∇|=7.36e+01 γ=0.994 T=0.0502
2026-04-29 16:14:19,833 INFO train_distributed it= 149 lr=2.51e-04 loss_world=1.1580 |∇|=2.21e+01 γ=1.010 T=0.0500
2026-04-29 16:14:20,706 INFO train_distributed it= 149 lr=2.51e-04 loss_world=1.2341 |∇|=2.49e+02 γ=0.994 T=0.0509
2026-04-29 16:14:22,265 INFO train_distributed it=  29 lr=9.78e-04 loss_world=4.4753 |∇|=1.90e+03 γ=0.991 T=0.0503
2026-04-29 16:14:24,984 INFO train_distributed it=  39 lr=9.49e-04 loss_world=0.8978 |∇|=1.42e+01 γ=0.999 T=0.0505
2026-04-29 16:14:25,628 INFO train_distributed it=  39 lr=9.49e-04 loss_world=0.7910 |∇|=4.80e+01 γ=1.000 T=0.0506
2026-04-29 16:14:32,715 INFO train_distributed it= 139 lr=3.10e-04 loss_world=0.8683 |∇|=2.34e+01 γ=1.008 T=0.0511
2026-04-29 16:14:33,362 INFO train_distributed it=  39 lr=9.49e-04 loss_world=3.8702 |∇|=3.07e+02 γ=0.990 T=0.0503
2026-04-29 16:14:41,773 INFO train_distributed it=  89 lr=6.68e-04 loss_world=1.5025 |∇|=5.48e+01 γ=0.993 T=0.0508
2026-04-29 16:14:44,454 INFO train_distributed it=  49 lr=9.10e-04 loss_world=1.3198 |∇|=1.31e+01 γ=0.989 T=0.0503
2026-04-29 16:14:45,521 INFO train_distributed it=  79 lr=7.38e-04 loss_world=0.8988 |∇|=1.23e+02 γ=1.000 T=0.0504
2026-04-29 16:14:55,565 INFO train_distributed it=  59 lr=8.60e-04 loss_world=0.8667 |∇|=1.53e+01 γ=0.988 T=0.0503
2026-04-29 16:15:06,661 INFO train_distributed it=  69 lr=8.02e-04 loss_world=0.6491 |∇|=5.72e+01 γ=0.987 T=0.0502
2026-04-29 16:15:08,849 INFO train_distributed it= 149 lr=2.51e-04 loss_world=1.0904 |∇|=5.67e+01 γ=1.007 T=0.0511
2026-04-29 16:15:13,779 INFO train_distributed it= 159 lr=2.00e-04 loss_world=0.7119 |∇|=1.14e+02 γ=1.010 T=0.0499
2026-04-29 16:15:14,150 INFO train_distributed it= 159 lr=2.00e-04 loss_world=1.0373 |∇|=1.99e+02 γ=0.994 T=0.0509
2026-04-29 16:15:17,757 INFO train_distributed it=  79 lr=7.38e-04 loss_world=0.6776 |∇|=2.59e+01 γ=0.987 T=0.0502
2026-04-29 16:15:17,923 INFO train_distributed it=  99 lr=5.95e-04 loss_world=1.1478 |∇|=1.81e+01 γ=0.996 T=0.0507
2026-04-29 16:15:21,639 INFO train_distributed it=  89 lr=6.68e-04 loss_world=0.7029 |∇|=1.44e+02 γ=0.997 T=0.0505
2026-04-29 16:15:28,856 INFO train_distributed it=  89 lr=6.68e-04 loss_world=0.6176 |∇|=2.94e+01 γ=0.986 T=0.0502
2026-04-29 16:15:39,953 INFO train_distributed it=  99 lr=5.95e-04 loss_world=0.6419 |∇|=2.87e+01 γ=0.986 T=0.0502
2026-04-29 16:15:42,291 INFO train_distributed it=  49 lr=9.10e-04 loss_world=0.6799 |∇|=5.62e+01 γ=1.000 T=0.0505
2026-04-29 16:15:42,876 INFO train_distributed it=  49 lr=9.10e-04 loss_world=0.9464 |∇|=3.81e+01 γ=1.003 T=0.0505
2026-04-29 16:15:44,978 INFO train_distributed it= 159 lr=2.00e-04 loss_world=1.0483 |∇|=1.95e+02 γ=1.008 T=0.0511
2026-04-29 16:15:51,054 INFO train_distributed it= 109 lr=5.20e-04 loss_world=0.6489 |∇|=3.39e+01 γ=0.986 T=0.0503
2026-04-29 16:15:54,057 INFO train_distributed it= 109 lr=5.20e-04 loss_world=0.9427 |∇|=3.10e+01 γ=0.996 T=0.0507
2026-04-29 16:15:57,753 INFO train_distributed it=  99 lr=5.95e-04 loss_world=0.8453 |∇|=3.14e+01 γ=0.996 T=0.0505
2026-04-29 16:16:02,155 INFO train_distributed it= 119 lr=4.47e-04 loss_world=0.6835 |∇|=3.09e+01 γ=0.986 T=0.0503
2026-04-29 16:16:07,589 INFO train_distributed it= 169 lr=1.58e-04 loss_world=0.8711 |∇|=3.14e+02 γ=0.993 T=0.0509
2026-04-29 16:16:07,718 INFO train_distributed it= 169 lr=1.58e-04 loss_world=0.9829 |∇|=8.33e+01 γ=1.010 T=0.0499
2026-04-29 16:16:13,259 INFO train_distributed it= 129 lr=3.76e-04 loss_world=0.6013 |∇|=3.22e+01 γ=0.986 T=0.0503
2026-04-29 16:16:21,107 INFO train_distributed it= 169 lr=1.58e-04 loss_world=0.6176 |∇|=5.25e+01 γ=1.008 T=0.0511
2026-04-29 16:16:24,353 INFO train_distributed it= 139 lr=3.10e-04 loss_world=0.6553 |∇|=3.58e+01 γ=0.986 T=0.0503
2026-04-29 16:16:30,204 INFO train_distributed it= 119 lr=4.47e-04 loss_world=0.8276 |∇|=5.61e+00 γ=0.997 T=0.0507
2026-04-29 16:16:33,875 INFO train_distributed it= 109 lr=5.20e-04 loss_world=1.1531 |∇|=1.10e+02 γ=0.996 T=0.0505
2026-04-29 16:16:35,451 INFO train_distributed it= 149 lr=2.51e-04 loss_world=0.6546 |∇|=3.18e+01 γ=0.986 T=0.0503
2026-04-29 16:16:46,547 INFO train_distributed it= 159 lr=2.00e-04 loss_world=0.6526 |∇|=3.17e+01 γ=0.986 T=0.0503
2026-04-29 16:16:57,238 INFO train_distributed it= 179 lr=1.27e-04 loss_world=1.1894 |∇|=2.73e+02 γ=1.008 T=0.0511
2026-04-29 16:16:57,651 INFO train_distributed it= 169 lr=1.58e-04 loss_world=0.6278 |∇|=3.26e+01 γ=0.986 T=0.0503
2026-04-29 16:16:59,648 INFO train_distributed it=  59 lr=8.60e-04 loss_world=0.7000 |∇|=2.23e+01 γ=1.000 T=0.0504
2026-04-29 16:17:00,161 INFO train_distributed it=  59 lr=8.60e-04 loss_world=0.8991 |∇|=2.26e+01 γ=1.002 T=0.0506
2026-04-29 16:17:01,014 INFO train_distributed it= 179 lr=1.27e-04 loss_world=1.2262 |∇|=8.94e+02 γ=0.993 T=0.0509
2026-04-29 16:17:01,661 INFO train_distributed it= 179 lr=1.27e-04 loss_world=0.6897 |∇|=5.41e+01 γ=1.010 T=0.0499
2026-04-29 16:17:06,347 INFO train_distributed it= 129 lr=3.76e-04 loss_world=1.3177 |∇|=2.49e+01 γ=0.997 T=0.0507
2026-04-29 16:17:08,758 INFO train_distributed it= 179 lr=1.27e-04 loss_world=0.6465 |∇|=3.26e+01 γ=0.986 T=0.0503
2026-04-29 16:17:09,988 INFO train_distributed it= 119 lr=4.47e-04 loss_world=1.4266 |∇|=5.89e+01 γ=0.995 T=0.0505
2026-04-29 16:17:19,853 INFO train_distributed it= 189 lr=1.07e-04 loss_world=0.6350 |∇|=3.27e+01 γ=0.986 T=0.0503
2026-04-29 16:17:30,954 INFO train_distributed it= 199 lr=1.00e-04 loss_world=0.6192 |∇|=3.69e+01 γ=0.986 T=0.0503
2026-04-29 16:17:30,959 INFO train_distributed training finished in 223.1s (200 iters, world_size=1)
2026-04-29 16:17:30,959 INFO train_distributed [rank 0] peak HBM: alloc=7.09 GB, reserved=7.68 GB
2026-04-29 16:17:30,962 INFO train_distributed [rank 0] wrote experiments/043_arch_pairs/results_p_2_1__2_2_seed1/training_log.json
  ✓ p_2_1__2_2_seed1 228s (card 5)

═ TRAIN p_2_1__2_2_seed2 (card 6) ═ 16:17:31
2026-04-29 16:17:33,377 INFO train_distributed it= 189 lr=1.07e-04 loss_world=1.3487 |∇|=1.08e+02 γ=1.008 T=0.0511
2026-04-29 16:17:35,331 INFO train_distributed [dist] rank=0 world_size=1 local_rank=0 cuda_available=True
2026-04-29 16:17:35,374 INFO train_distributed loaded 2,841 returns for spx/2015-2026_daily
2026-04-29 16:17:35,381 INFO train_distributed targets: acf_sq=0.342 leverage_sum=-0.790 hill_alpha=2.68
2026-04-29 16:17:35,766 INFO train_distributed EcoMDSimulator built: 31588 parameters (device=cuda:0)
2026-04-29 16:17:38,072 INFO train_distributed it=   0 lr=1.00e-04 loss_world=5.6036 |∇|=1.67e+03 γ=1.000 T=0.0500
2026-04-29 16:17:42,487 INFO train_distributed it= 139 lr=3.10e-04 loss_world=0.7557 |∇|=5.62e+01 γ=0.997 T=0.0507
2026-04-29 16:17:46,107 INFO train_distributed it= 129 lr=3.76e-04 loss_world=0.9437 |∇|=7.52e+02 γ=0.995 T=0.0505
2026-04-29 16:17:47,835 INFO train_distributed it=   9 lr=1.00e-03 loss_world=1.3071 |∇|=2.65e+01 γ=0.999 T=0.0501
2026-04-29 16:17:54,456 INFO train_distributed it= 189 lr=1.07e-04 loss_world=1.1215 |∇|=4.10e+03 γ=0.993 T=0.0509
2026-04-29 16:17:55,597 INFO train_distributed it= 189 lr=1.07e-04 loss_world=0.8811 |∇|=4.90e+01 γ=1.010 T=0.0499
2026-04-29 16:17:58,789 INFO train_distributed it=  19 lr=9.95e-04 loss_world=0.9425 |∇|=9.30e+00 γ=0.997 T=0.0502
2026-04-29 16:18:09,508 INFO train_distributed it= 199 lr=1.00e-04 loss_world=1.2089 |∇|=6.51e+00 γ=1.008 T=0.0511
2026-04-29 16:18:09,515 INFO train_distributed training finished in 723.9s (200 iters, world_size=1)
2026-04-29 16:18:09,515 INFO train_distributed [rank 0] peak HBM: alloc=9.09 GB, reserved=10.21 GB
2026-04-29 16:18:09,518 INFO train_distributed [rank 0] wrote experiments/043_arch_pairs/results_p_1_2__1_3_seed0/training_log.json
2026-04-29 16:18:09,770 INFO train_distributed it=  29 lr=9.78e-04 loss_world=0.9394 |∇|=8.35e+00 γ=0.996 T=0.0502
  ✓ p_1_2__1_3_seed0 730s (card 7)

═ TRAIN p_2_1__2_2_seed3 (card 7) ═ 16:18:10
2026-04-29 16:18:13,999 INFO train_distributed [dist] rank=0 world_size=1 local_rank=0 cuda_available=True
2026-04-29 16:18:14,041 INFO train_distributed loaded 2,841 returns for spx/2015-2026_daily
2026-04-29 16:18:14,048 INFO train_distributed targets: acf_sq=0.342 leverage_sum=-0.790 hill_alpha=2.68
2026-04-29 16:18:14,335 INFO train_distributed EcoMDSimulator built: 31588 parameters (device=cuda:0)
2026-04-29 16:18:16,617 INFO train_distributed it=   0 lr=1.00e-04 loss_world=3.7187 |∇|=1.77e+02 γ=1.000 T=0.0500
2026-04-29 16:18:17,021 INFO train_distributed it=  69 lr=8.02e-04 loss_world=0.8725 |∇|=3.27e+02 γ=0.999 T=0.0505
2026-04-29 16:18:17,389 INFO train_distributed it=  69 lr=8.02e-04 loss_world=0.8646 |∇|=6.84e+01 γ=1.001 T=0.0507
2026-04-29 16:18:18,631 INFO train_distributed it= 149 lr=2.51e-04 loss_world=1.0992 |∇|=4.02e+01 γ=0.997 T=0.0506
2026-04-29 16:18:20,748 INFO train_distributed it=  39 lr=9.49e-04 loss_world=1.0641 |∇|=1.12e+01 γ=0.995 T=0.0502
2026-04-29 16:18:22,231 INFO train_distributed it= 139 lr=3.10e-04 loss_world=1.0905 |∇|=2.34e+01 γ=0.995 T=0.0505
2026-04-29 16:18:26,334 INFO train_distributed it=   9 lr=1.00e-03 loss_world=0.7121 |∇|=2.79e+01 γ=1.004 T=0.0499
2026-04-29 16:18:31,715 INFO train_distributed it=  49 lr=9.10e-04 loss_world=1.1405 |∇|=2.30e+01 γ=0.994 T=0.0502
2026-04-29 16:18:37,237 INFO train_distributed it=  19 lr=9.95e-04 loss_world=0.7099 |∇|=5.68e+00 γ=1.007 T=0.0498
2026-04-29 16:18:42,681 INFO train_distributed it=  59 lr=8.60e-04 loss_world=1.0758 |∇|=1.63e+01 γ=0.994 T=0.0502
2026-04-29 16:18:47,903 INFO train_distributed it= 199 lr=1.00e-04 loss_world=1.1566 |∇|=9.43e+01 γ=0.993 T=0.0509
2026-04-29 16:18:47,909 INFO train_distributed training finished in 804.4s (200 iters, world_size=1)
2026-04-29 16:18:47,909 INFO train_distributed [rank 0] peak HBM: alloc=9.09 GB, reserved=9.90 GB
2026-04-29 16:18:47,912 INFO train_distributed [rank 0] wrote experiments/043_arch_pairs/results_p_1_1__1_3_seed4/training_log.json
2026-04-29 16:18:48,193 INFO train_distributed it=  29 lr=9.78e-04 loss_world=0.7849 |∇|=3.32e+00 γ=1.007 T=0.0498
  ✓ p_1_1__1_3_seed4 811s (card 1)

═ TRAIN p_2_1__2_2_seed4 (card 0) ═ 16:18:48
2026-04-29 16:18:49,526 INFO train_distributed it= 199 lr=1.00e-04 loss_world=0.8767 |∇|=6.21e+01 γ=1.010 T=0.0499
2026-04-29 16:18:49,532 INFO train_distributed training finished in 808.5s (200 iters, world_size=1)
2026-04-29 16:18:49,532 INFO train_distributed [rank 0] peak HBM: alloc=9.09 GB, reserved=9.90 GB
2026-04-29 16:18:49,535 INFO train_distributed [rank 0] wrote experiments/043_arch_pairs/results_p_1_1__1_3_seed3/training_log.json
  ✓ p_1_1__1_3_seed3 814s (card 0)

═ TRAIN p_3_1__1_3_seed0 (card 1) ═ 16:18:50
2026-04-29 16:18:51,953 INFO train_distributed [dist] rank=0 world_size=1 local_rank=0 cuda_available=True
2026-04-29 16:18:51,995 INFO train_distributed loaded 2,841 returns for spx/2015-2026_daily
2026-04-29 16:18:52,002 INFO train_distributed targets: acf_sq=0.342 leverage_sum=-0.790 hill_alpha=2.68
2026-04-29 16:18:52,483 INFO train_distributed EcoMDSimulator built: 31588 parameters (device=cuda:0)
2026-04-29 16:18:53,512 INFO train_distributed [dist] rank=0 world_size=1 local_rank=0 cuda_available=True
2026-04-29 16:18:53,557 INFO train_distributed loaded 2,841 returns for spx/2015-2026_daily
2026-04-29 16:18:53,565 INFO train_distributed targets: acf_sq=0.342 leverage_sum=-0.790 hill_alpha=2.68
2026-04-29 16:18:53,666 INFO train_distributed it=  69 lr=8.02e-04 loss_world=0.8257 |∇|=3.22e+01 γ=0.994 T=0.0502
2026-04-29 16:18:53,987 INFO train_distributed EcoMDSimulator built: 105316 parameters (device=cuda:0)
2026-04-29 16:18:54,781 INFO train_distributed it= 159 lr=2.00e-04 loss_world=0.8364 |∇|=5.37e+01 γ=0.996 T=0.0506
2026-04-29 16:18:55,661 INFO train_distributed it=   0 lr=1.00e-04 loss_world=1.0149 |∇|=1.50e+01 γ=1.000 T=0.0500
2026-04-29 16:18:56,162 INFO train_distributed it=   0 lr=1.00e-04 loss_world=0.5921 |∇|=5.37e+02 γ=1.000 T=0.0500
2026-04-29 16:18:58,352 INFO train_distributed it= 149 lr=2.51e-04 loss_world=1.5662 |∇|=1.74e+03 γ=0.995 T=0.0505
2026-04-29 16:18:59,172 INFO train_distributed it=  39 lr=9.49e-04 loss_world=0.8274 |∇|=6.24e+00 γ=1.006 T=0.0498
2026-04-29 16:19:00,140 INFO train_distributed it=   9 lr=1.00e-03 loss_world=1.2615 |∇|=4.63e+00 γ=1.004 T=0.0500
2026-04-29 16:19:04,651 INFO train_distributed it=  79 lr=7.38e-04 loss_world=0.8421 |∇|=3.04e+01 γ=0.994 T=0.0502
2026-04-29 16:19:05,103 INFO train_distributed it=  19 lr=9.95e-04 loss_world=1.4631 |∇|=4.16e-01 γ=1.006 T=0.0500
2026-04-29 16:19:10,068 INFO train_distributed it=  29 lr=9.78e-04 loss_world=1.4324 |∇|=1.23e+00 γ=1.005 T=0.0498
2026-04-29 16:19:10,133 INFO train_distributed it=  49 lr=9.10e-04 loss_world=0.9374 |∇|=8.82e+00 γ=1.003 T=0.0497
2026-04-29 16:19:15,056 INFO train_distributed it=  39 lr=9.49e-04 loss_world=1.5938 |∇|=3.34e+00 γ=1.006 T=0.0498
2026-04-29 16:19:15,632 INFO train_distributed it=  89 lr=6.68e-04 loss_world=0.8462 |∇|=3.00e+01 γ=0.994 T=0.0502
2026-04-29 16:19:17,253 INFO train_distributed it=   9 lr=1.00e-03 loss_world=24.5598 |∇|=4.55e+04 γ=0.999 T=0.0499
2026-04-29 16:19:20,040 INFO train_distributed it=  49 lr=9.10e-04 loss_world=0.7304 |∇|=1.78e+00 γ=1.013 T=0.0501
2026-04-29 16:19:21,090 INFO train_distributed it=  59 lr=8.60e-04 loss_world=0.6550 |∇|=3.24e+00 γ=1.002 T=0.0497
2026-04-29 16:19:23,366 INFO train_distributed it=  79 lr=7.38e-04 loss_world=0.9458 |∇|=1.33e+01 γ=0.999 T=0.0508
2026-04-29 16:19:24,997 INFO train_distributed it=  59 lr=8.60e-04 loss_world=0.7686 |∇|=2.47e+00 γ=1.017 T=0.0504
2026-04-29 16:19:26,611 INFO train_distributed it=  99 lr=5.95e-04 loss_world=0.8346 |∇|=1.71e+01 γ=0.994 T=0.0502
2026-04-29 16:19:29,118 INFO train_distributed it=  79 lr=7.38e-04 loss_world=0.6347 |∇|=8.45e+01 γ=0.999 T=0.0506
2026-04-29 16:19:29,973 INFO train_distributed it=  69 lr=8.02e-04 loss_world=0.6207 |∇|=1.30e+00 γ=1.015 T=0.0504
2026-04-29 16:19:30,987 INFO train_distributed it= 169 lr=1.58e-04 loss_world=0.9586 |∇|=7.51e+00 γ=0.996 T=0.0506
2026-04-29 16:19:32,048 INFO train_distributed it=  69 lr=8.02e-04 loss_world=0.6604 |∇|=2.74e+00 γ=1.000 T=0.0497
2026-04-29 16:19:34,479 INFO train_distributed it= 159 lr=2.00e-04 loss_world=0.7049 |∇|=5.02e+01 γ=0.995 T=0.0505
2026-04-29 16:19:34,931 INFO train_distributed it=  79 lr=7.38e-04 loss_world=0.8405 |∇|=3.52e-01 γ=1.015 T=0.0504
2026-04-29 16:19:37,593 INFO train_distributed it= 109 lr=5.20e-04 loss_world=0.9240 |∇|=1.46e+01 γ=0.993 T=0.0502
2026-04-29 16:19:39,906 INFO train_distributed it=  89 lr=6.68e-04 loss_world=1.6151 |∇|=2.07e+00 γ=1.015 T=0.0504
2026-04-29 16:19:41,271 INFO train_distributed it=  19 lr=9.95e-04 loss_world=0.9789 |∇|=1.75e+02 γ=0.995 T=0.0499
2026-04-29 16:19:43,010 INFO train_distributed it=  79 lr=7.38e-04 loss_world=0.6549 |∇|=5.32e+00 γ=0.999 T=0.0497
2026-04-29 16:19:44,886 INFO train_distributed it=  99 lr=5.95e-04 loss_world=0.6575 |∇|=1.75e+00 γ=1.013 T=0.0503
2026-04-29 16:19:48,584 INFO train_distributed it= 119 lr=4.47e-04 loss_world=0.8026 |∇|=3.08e+01 γ=0.993 T=0.0502
2026-04-29 16:19:49,861 INFO train_distributed it= 109 lr=5.20e-04 loss_world=0.9471 |∇|=1.67e+00 γ=1.012 T=0.0502
2026-04-29 16:19:53,961 INFO train_distributed it=  89 lr=6.68e-04 loss_world=0.6533 |∇|=4.85e+00 γ=0.997 T=0.0497
2026-04-29 16:19:54,817 INFO train_distributed it= 119 lr=4.47e-04 loss_world=0.7021 |∇|=5.32e+00 γ=1.012 T=0.0502
2026-04-29 16:19:59,561 INFO train_distributed it= 129 lr=3.76e-04 loss_world=0.7887 |∇|=2.71e+01 γ=0.993 T=0.0502
2026-04-29 16:19:59,776 INFO train_distributed it= 129 lr=3.76e-04 loss_world=1.3495 |∇|=2.86e-01 γ=1.011 T=0.0501
2026-04-29 16:20:04,747 INFO train_distributed it= 139 lr=3.10e-04 loss_world=1.0509 |∇|=2.12e+00 γ=1.011 T=0.0501
2026-04-29 16:20:04,914 INFO train_distributed it=  99 lr=5.95e-04 loss_world=0.6388 |∇|=3.10e+01 γ=0.996 T=0.0497
2026-04-29 16:20:05,317 INFO train_distributed it=  29 lr=9.78e-04 loss_world=0.8023 |∇|=2.76e+01 γ=0.994 T=0.0499
2026-04-29 16:20:07,164 INFO train_distributed it= 179 lr=1.27e-04 loss_world=0.8852 |∇|=7.29e+01 γ=0.996 T=0.0505
2026-04-29 16:20:09,711 INFO train_distributed it= 149 lr=2.51e-04 loss_world=0.8028 |∇|=1.73e+01 γ=1.012 T=0.0502
2026-04-29 16:20:10,530 INFO train_distributed it= 139 lr=3.10e-04 loss_world=0.7978 |∇|=3.23e+01 γ=0.993 T=0.0502
2026-04-29 16:20:10,597 INFO train_distributed it= 169 lr=1.58e-04 loss_world=1.2769 |∇|=1.39e+02 γ=0.995 T=0.0505
2026-04-29 16:20:14,669 INFO train_distributed it= 159 lr=2.00e-04 loss_world=1.0785 |∇|=8.58e-01 γ=1.012 T=0.0503
2026-04-29 16:20:15,861 INFO train_distributed it= 109 lr=5.20e-04 loss_world=0.8837 |∇|=1.86e+01 γ=0.997 T=0.0498
2026-04-29 16:20:19,626 INFO train_distributed it= 169 lr=1.58e-04 loss_world=0.7891 |∇|=2.62e+00 γ=1.012 T=0.0503
2026-04-29 16:20:21,503 INFO train_distributed it= 149 lr=2.51e-04 loss_world=0.8156 |∇|=2.68e+01 γ=0.993 T=0.0502
2026-04-29 16:20:24,600 INFO train_distributed it= 179 lr=1.27e-04 loss_world=0.9387 |∇|=6.35e+00 γ=1.012 T=0.0503
2026-04-29 16:20:26,808 INFO train_distributed it= 119 lr=4.47e-04 loss_world=0.7351 |∇|=1.90e+01 γ=0.997 T=0.0498
2026-04-29 16:20:29,331 INFO train_distributed it=  39 lr=9.49e-04 loss_world=0.7114 |∇|=6.83e+01 γ=0.993 T=0.0499
2026-04-29 16:20:29,566 INFO train_distributed it= 189 lr=1.07e-04 loss_world=1.2968 |∇|=1.46e+00 γ=1.012 T=0.0503
2026-04-29 16:20:32,469 INFO train_distributed it= 159 lr=2.00e-04 loss_world=0.8144 |∇|=2.72e+01 γ=0.993 T=0.0502
2026-04-29 16:20:32,922 INFO train_distributed it=  89 lr=6.68e-04 loss_world=0.8417 |∇|=2.47e+01 γ=0.996 T=0.0509
2026-04-29 16:20:34,525 INFO train_distributed it= 199 lr=1.00e-04 loss_world=0.7495 |∇|=1.52e+00 γ=1.012 T=0.0503
2026-04-29 16:20:34,532 INFO train_distributed training finished in 100.5s (200 iters, world_size=1)
2026-04-29 16:20:34,532 INFO train_distributed [rank 0] peak HBM: alloc=0.59 GB, reserved=0.77 GB
2026-04-29 16:20:34,535 INFO train_distributed [rank 0] wrote experiments/043_arch_pairs/results_p_3_1__1_3_seed0/training_log.json
  ✓ p_3_1__1_3_seed0 105s (card 1)

═ TRAIN p_3_1__1_3_seed1 (card 2) ═ 16:20:35
2026-04-29 16:20:37,760 INFO train_distributed it= 129 lr=3.76e-04 loss_world=0.6331 |∇|=2.17e+01 γ=0.998 T=0.0498
2026-04-29 16:20:38,634 INFO train_distributed [dist] rank=0 world_size=1 local_rank=0 cuda_available=True
2026-04-29 16:20:38,683 INFO train_distributed loaded 2,841 returns for spx/2015-2026_daily
2026-04-29 16:20:38,691 INFO train_distributed targets: acf_sq=0.342 leverage_sum=-0.790 hill_alpha=2.68
2026-04-29 16:20:39,104 INFO train_distributed EcoMDSimulator built: 105316 parameters (device=cuda:0)
2026-04-29 16:20:40,796 INFO train_distributed it=   0 lr=1.00e-04 loss_world=1.3700 |∇|=6.86e+00 γ=1.000 T=0.0500
2026-04-29 16:20:43,437 INFO train_distributed it= 169 lr=1.58e-04 loss_world=0.7903 |∇|=2.90e+01 γ=0.993 T=0.0502
2026-04-29 16:20:45,141 INFO train_distributed it=  89 lr=6.68e-04 loss_world=1.1673 |∇|=4.92e+01 γ=1.001 T=0.0506
2026-04-29 16:20:45,274 INFO train_distributed it=   9 lr=1.00e-03 loss_world=0.8375 |∇|=2.19e+00 γ=0.998 T=0.0502
2026-04-29 16:20:46,199 INFO train_distributed it= 189 lr=1.07e-04 loss_world=1.2248 |∇|=4.55e+01 γ=0.996 T=0.0505
2026-04-29 16:20:46,726 INFO train_distributed it= 179 lr=1.27e-04 loss_world=0.8703 |∇|=8.66e+01 γ=0.995 T=0.0505
2026-04-29 16:20:48,708 INFO train_distributed it= 139 lr=3.10e-04 loss_world=0.6142 |∇|=3.20e+01 γ=0.998 T=0.0498
2026-04-29 16:20:50,234 INFO train_distributed it=  19 lr=9.95e-04 loss_world=0.7801 |∇|=1.29e+00 γ=0.998 T=0.0503
2026-04-29 16:20:53,337 INFO train_distributed it=  49 lr=9.10e-04 loss_world=0.7306 |∇|=2.33e+01 γ=0.993 T=0.0499
2026-04-29 16:20:54,407 INFO train_distributed it= 179 lr=1.27e-04 loss_world=0.7866 |∇|=3.12e+01 γ=0.993 T=0.0502
2026-04-29 16:20:55,201 INFO train_distributed it=  29 lr=9.78e-04 loss_world=1.3292 |∇|=6.58e+00 γ=0.997 T=0.0502
2026-04-29 16:20:59,662 INFO train_distributed it= 149 lr=2.51e-04 loss_world=0.6664 |∇|=2.63e+01 γ=0.998 T=0.0498
2026-04-29 16:21:00,168 INFO train_distributed it=  39 lr=9.49e-04 loss_world=0.9700 |∇|=1.33e+00 γ=1.000 T=0.0503
2026-04-29 16:21:05,136 INFO train_distributed it=  49 lr=9.10e-04 loss_world=0.9379 |∇|=2.13e+00 γ=1.000 T=0.0503
2026-04-29 16:21:05,371 INFO train_distributed it= 189 lr=1.07e-04 loss_world=0.7819 |∇|=3.10e+01 γ=0.993 T=0.0502
2026-04-29 16:21:09,819 INFO train_distributed it=  99 lr=5.95e-04 loss_world=1.1977 |∇|=3.21e+01 γ=0.994 T=0.0508
2026-04-29 16:21:10,098 INFO train_distributed it=  59 lr=8.60e-04 loss_world=0.6587 |∇|=1.60e+00 γ=0.999 T=0.0501
2026-04-29 16:21:10,609 INFO train_distributed it= 159 lr=2.00e-04 loss_world=0.6447 |∇|=3.71e+01 γ=0.998 T=0.0498
2026-04-29 16:21:15,066 INFO train_distributed it=  69 lr=8.02e-04 loss_world=0.7751 |∇|=3.61e+00 γ=1.002 T=0.0504
2026-04-29 16:21:16,339 INFO train_distributed it= 199 lr=1.00e-04 loss_world=0.7737 |∇|=3.05e+01 γ=0.993 T=0.0502
2026-04-29 16:21:16,344 INFO train_distributed training finished in 220.6s (200 iters, world_size=1)
2026-04-29 16:21:16,344 INFO train_distributed [rank 0] peak HBM: alloc=7.09 GB, reserved=7.68 GB
2026-04-29 16:21:16,347 INFO train_distributed [rank 0] wrote experiments/043_arch_pairs/results_p_2_1__2_2_seed2/training_log.json
  ✓ p_2_1__2_2_seed2 226s (card 6)

═ TRAIN p_3_1__1_3_seed2 (card 3) ═ 16:21:17
2026-04-29 16:21:17,340 INFO train_distributed it=  59 lr=8.60e-04 loss_world=0.6282 |∇|=3.15e+01 γ=0.993 T=0.0499
2026-04-29 16:21:20,038 INFO train_distributed it=  79 lr=7.38e-04 loss_world=0.8173 |∇|=1.86e+00 γ=1.004 T=0.0505
2026-04-29 16:21:20,393 INFO train_distributed [dist] rank=0 world_size=1 local_rank=0 cuda_available=True
2026-04-29 16:21:20,438 INFO train_distributed loaded 2,841 returns for spx/2015-2026_daily
2026-04-29 16:21:20,445 INFO train_distributed targets: acf_sq=0.342 leverage_sum=-0.790 hill_alpha=2.68
2026-04-29 16:21:20,888 INFO train_distributed EcoMDSimulator built: 105316 parameters (device=cuda:0)
2026-04-29 16:21:21,557 INFO train_distributed it= 169 lr=1.58e-04 loss_world=0.6180 |∇|=4.51e+01 γ=0.998 T=0.0498
2026-04-29 16:21:22,613 INFO train_distributed it=   0 lr=1.00e-04 loss_world=1.0501 |∇|=1.52e+00 γ=1.000 T=0.0500
2026-04-29 16:21:23,613 INFO train_distributed it= 189 lr=1.07e-04 loss_world=1.2281 |∇|=3.35e+02 γ=0.995 T=0.0504
2026-04-29 16:21:24,998 INFO train_distributed it=  89 lr=6.68e-04 loss_world=0.6655 |∇|=2.90e+00 γ=1.002 T=0.0505
2026-04-29 16:21:27,074 INFO train_distributed it=   9 lr=1.00e-03 loss_world=0.9239 |∇|=8.51e-01 γ=1.002 T=0.0501
2026-04-29 16:21:29,965 INFO train_distributed it=  99 lr=5.95e-04 loss_world=0.5872 |∇|=2.22e+00 γ=1.002 T=0.0505
2026-04-29 16:21:32,030 INFO train_distributed it=  19 lr=9.95e-04 loss_world=1.4426 |∇|=2.86e-01 γ=1.006 T=0.0504
2026-04-29 16:21:32,500 INFO train_distributed it= 179 lr=1.27e-04 loss_world=0.6117 |∇|=3.82e+01 γ=0.998 T=0.0498
2026-04-29 16:21:34,925 INFO train_distributed it= 109 lr=5.20e-04 loss_world=1.3123 |∇|=2.18e+00 γ=1.001 T=0.0505
2026-04-29 16:21:36,992 INFO train_distributed it=  29 lr=9.78e-04 loss_world=0.7945 |∇|=7.64e+00 γ=1.007 T=0.0504
2026-04-29 16:21:39,897 INFO train_distributed it= 119 lr=4.47e-04 loss_world=0.9506 |∇|=1.14e+00 γ=1.000 T=0.0504
2026-04-29 16:21:41,361 INFO train_distributed it=  69 lr=8.02e-04 loss_world=0.6130 |∇|=2.98e+01 γ=0.993 T=0.0499
2026-04-29 16:21:41,946 INFO train_distributed it=  39 lr=9.49e-04 loss_world=1.8899 |∇|=6.89e-01 γ=1.009 T=0.0505
2026-04-29 16:21:43,449 INFO train_distributed it= 189 lr=1.07e-04 loss_world=0.6266 |∇|=4.96e+01 γ=0.998 T=0.0498
2026-04-29 16:21:44,854 INFO train_distributed it= 129 lr=3.76e-04 loss_world=0.9349 |∇|=3.29e+00 γ=1.000 T=0.0504
2026-04-29 16:21:45,943 INFO train_distributed it= 109 lr=5.20e-04 loss_world=0.9327 |∇|=3.62e+01 γ=0.996 T=0.0508
2026-04-29 16:21:46,897 INFO train_distributed it=  49 lr=9.10e-04 loss_world=0.8095 |∇|=3.16e+00 γ=1.010 T=0.0504
2026-04-29 16:21:49,811 INFO train_distributed it= 139 lr=3.10e-04 loss_world=1.4092 |∇|=1.15e+00 γ=1.002 T=0.0505
2026-04-29 16:21:51,858 INFO train_distributed it=  59 lr=8.60e-04 loss_world=0.7662 |∇|=1.66e+00 γ=1.010 T=0.0503
2026-04-29 16:21:54,392 INFO train_distributed it= 199 lr=1.00e-04 loss_world=0.6100 |∇|=5.28e+01 γ=0.998 T=0.0498
2026-04-29 16:21:54,397 INFO train_distributed training finished in 220.1s (200 iters, world_size=1)
2026-04-29 16:21:54,397 INFO train_distributed [rank 0] peak HBM: alloc=7.09 GB, reserved=7.68 GB
2026-04-29 16:21:54,400 INFO train_distributed [rank 0] wrote experiments/043_arch_pairs/results_p_2_1__2_2_seed3/training_log.json
2026-04-29 16:21:54,776 INFO train_distributed it= 149 lr=2.51e-04 loss_world=1.4048 |∇|=3.49e+00 γ=1.003 T=0.0506
  ✓ p_2_1__2_2_seed3 225s (card 7)

═ TRAIN p_3_1__1_3_seed3 (card 4) ═ 16:21:55
2026-04-29 16:21:55,743 INFO train_distributed it= 199 lr=1.00e-04 loss_world=0.7017 |∇|=2.20e+01 γ=0.995 T=0.0505
2026-04-29 16:21:55,748 INFO train_distributed training finished in 760.5s (200 iters, world_size=1)
2026-04-29 16:21:55,748 INFO train_distributed [rank 0] peak HBM: alloc=9.09 GB, reserved=10.21 GB
2026-04-29 16:21:55,751 INFO train_distributed [rank 0] wrote experiments/043_arch_pairs/results_p_1_2__1_3_seed3/training_log.json
  ✓ p_1_2__1_3_seed3 766s (card 2)

═ TRAIN p_3_1__1_3_seed4 (card 5) ═ 16:21:56
2026-04-29 16:21:56,813 INFO train_distributed it=  69 lr=8.02e-04 loss_world=0.7495 |∇|=1.61e+00 γ=1.009 T=0.0503
2026-04-29 16:21:57,961 INFO train_distributed it= 159 lr=2.00e-04 loss_world=0.8741 |∇|=9.33e-01 γ=1.003 T=0.0506
2026-04-29 16:21:58,699 INFO train_distributed [dist] rank=0 world_size=1 local_rank=0 cuda_available=True
2026-04-29 16:21:58,750 INFO train_distributed loaded 2,841 returns for spx/2015-2026_daily
2026-04-29 16:21:58,758 INFO train_distributed targets: acf_sq=0.342 leverage_sum=-0.790 hill_alpha=2.68
2026-04-29 16:21:59,031 INFO train_distributed EcoMDSimulator built: 105316 parameters (device=cuda:0)
2026-04-29 16:22:00,051 INFO train_distributed [dist] rank=0 world_size=1 local_rank=0 cuda_available=True
2026-04-29 16:22:00,096 INFO train_distributed loaded 2,841 returns for spx/2015-2026_daily
2026-04-29 16:22:00,103 INFO train_distributed targets: acf_sq=0.342 leverage_sum=-0.790 hill_alpha=2.68
2026-04-29 16:22:00,428 INFO train_distributed EcoMDSimulator built: 105316 parameters (device=cuda:0)
2026-04-29 16:22:00,722 INFO train_distributed it= 169 lr=1.58e-04 loss_world=0.7908 |∇|=1.54e+00 γ=1.002 T=0.0506
2026-04-29 16:22:00,779 INFO train_distributed it=   0 lr=1.00e-04 loss_world=0.8133 |∇|=1.66e+00 γ=1.000 T=0.0500
2026-04-29 16:22:01,087 INFO train_distributed it=  99 lr=5.95e-04 loss_world=0.8677 |∇|=5.27e+01 γ=1.002 T=0.0507
2026-04-29 16:22:01,820 INFO train_distributed it=   0 lr=1.00e-04 loss_world=1.0117 |∇|=1.48e+00 γ=1.000 T=0.0500
2026-04-29 16:22:01,857 INFO train_distributed it=  79 lr=7.38e-04 loss_world=0.6079 |∇|=2.35e+00 γ=1.009 T=0.0502
2026-04-29 16:22:03,287 INFO train_distributed it=   9 lr=1.00e-03 loss_world=0.7948 |∇|=1.71e-01 γ=1.004 T=0.0500
2026-04-29 16:22:03,499 INFO train_distributed it= 179 lr=1.27e-04 loss_world=0.7285 |∇|=2.53e+00 γ=1.002 T=0.0505
2026-04-29 16:22:04,232 INFO train_distributed it=   9 lr=1.00e-03 loss_world=1.0049 |∇|=1.27e+01 γ=1.002 T=0.0500
2026-04-29 16:22:05,380 INFO train_distributed it=  79 lr=7.38e-04 loss_world=0.7270 |∇|=6.28e+01 γ=0.993 T=0.0499
2026-04-29 16:22:05,983 INFO train_distributed it=  19 lr=9.95e-04 loss_world=1.0672 |∇|=1.24e+00 γ=1.006 T=0.0499
2026-04-29 16:22:06,244 INFO train_distributed it= 189 lr=1.07e-04 loss_world=1.2360 |∇|=3.50e+00 γ=1.002 T=0.0506
2026-04-29 16:22:06,805 INFO train_distributed it=  89 lr=6.68e-04 loss_world=0.8258 |∇|=2.40e+00 γ=1.010 T=0.0503
2026-04-29 16:22:06,938 INFO train_distributed it=  19 lr=9.95e-04 loss_world=0.8113 |∇|=4.67e+00 γ=1.001 T=0.0501
2026-04-29 16:22:08,698 INFO train_distributed it=  29 lr=9.78e-04 loss_world=0.6777 |∇|=2.14e+01 γ=1.012 T=0.0501
2026-04-29 16:22:09,016 INFO train_distributed it= 199 lr=1.00e-04 loss_world=0.8659 |∇|=2.40e+00 γ=1.004 T=0.0506
2026-04-29 16:22:09,024 INFO train_distributed training finished in 89.9s (200 iters, world_size=1)
2026-04-29 16:22:09,024 INFO train_distributed [rank 0] peak HBM: alloc=0.59 GB, reserved=0.77 GB
2026-04-29 16:22:09,027 INFO train_distributed [rank 0] wrote experiments/043_arch_pairs/results_p_3_1__1_3_seed1/training_log.json
2026-04-29 16:22:09,627 INFO train_distributed it=  29 lr=9.78e-04 loss_world=0.8735 |∇|=1.10e+00 γ=1.002 T=0.0503
  ✓ p_3_1__1_3_seed1 94s (card 2)
2026-04-29 16:22:11,408 INFO train_distributed it=  39 lr=9.49e-04 loss_world=0.9100 |∇|=4.59e-01 γ=1.017 T=0.0502
2026-04-29 16:22:11,772 INFO train_distributed it=  99 lr=5.95e-04 loss_world=0.9465 |∇|=1.85e+00 γ=1.009 T=0.0503
2026-04-29 16:22:12,296 INFO train_distributed it=  39 lr=9.49e-04 loss_world=1.1098 |∇|=1.04e+00 γ=1.005 T=0.0503
2026-04-29 16:22:14,111 INFO train_distributed it=  49 lr=9.10e-04 loss_world=1.5210 |∇|=1.52e+01 γ=1.019 T=0.0503
2026-04-29 16:22:14,997 INFO train_distributed it=  49 lr=9.10e-04 loss_world=0.8117 |∇|=7.53e-01 γ=1.008 T=0.0503
2026-04-29 16:22:16,724 INFO train_distributed it= 109 lr=5.20e-04 loss_world=0.7555 |∇|=2.47e+00 γ=1.012 T=0.0504
2026-04-29 16:22:16,910 INFO train_distributed it=  59 lr=8.60e-04 loss_world=0.9358 |∇|=3.67e-01 γ=1.019 T=0.0503
2026-04-29 16:22:17,680 INFO train_distributed it=  59 lr=8.60e-04 loss_world=0.7513 |∇|=1.42e+00 γ=1.008 T=0.0503
2026-04-29 16:22:19,621 INFO train_distributed it=  69 lr=8.02e-04 loss_world=0.8079 |∇|=2.59e+00 γ=1.019 T=0.0505
2026-04-29 16:22:20,359 INFO train_distributed it=  69 lr=8.02e-04 loss_world=1.0596 |∇|=1.97e+00 γ=1.008 T=0.0503
2026-04-29 16:22:21,672 INFO train_distributed it= 119 lr=4.47e-04 loss_world=0.9296 |∇|=2.89e+00 γ=1.013 T=0.0504
2026-04-29 16:22:22,076 INFO train_distributed it= 119 lr=4.47e-04 loss_world=0.6428 |∇|=1.28e+01 γ=0.996 T=0.0508
2026-04-29 16:22:22,334 INFO train_distributed it=  79 lr=7.38e-04 loss_world=0.7568 |∇|=7.67e+00 γ=1.019 T=0.0505
2026-04-29 16:22:23,036 INFO train_distributed it=  79 lr=7.38e-04 loss_world=1.2401 |∇|=2.13e+00 γ=1.009 T=0.0503
2026-04-29 16:22:25,091 INFO train_distributed it=  89 lr=6.68e-04 loss_world=0.7331 |∇|=1.31e+00 γ=1.018 T=0.0505
2026-04-29 16:22:25,718 INFO train_distributed it=  89 lr=6.68e-04 loss_world=0.5537 |∇|=6.55e+00 γ=1.010 T=0.0504
2026-04-29 16:22:26,629 INFO train_distributed it= 129 lr=3.76e-04 loss_world=0.7296 |∇|=3.98e+00 γ=1.013 T=0.0503
2026-04-29 16:22:27,829 INFO train_distributed it=  99 lr=5.95e-04 loss_world=0.6086 |∇|=3.23e+00 γ=1.015 T=0.0504
2026-04-29 16:22:28,407 INFO train_distributed it=  99 lr=5.95e-04 loss_world=0.7294 |∇|=1.42e+00 γ=1.010 T=0.0505
2026-04-29 16:22:29,385 INFO train_distributed it=  89 lr=6.68e-04 loss_world=0.6646 |∇|=2.26e+01 γ=0.994 T=0.0499
2026-04-29 16:22:30,564 INFO train_distributed it= 109 lr=5.20e-04 loss_world=1.0993 |∇|=1.86e+00 γ=1.016 T=0.0505
2026-04-29 16:22:31,106 INFO train_distributed it= 109 lr=5.20e-04 loss_world=0.7488 |∇|=1.28e+00 γ=1.009 T=0.0504
2026-04-29 16:22:31,582 INFO train_distributed it= 139 lr=3.10e-04 loss_world=0.8403 |∇|=8.26e+00 γ=1.013 T=0.0503
2026-04-29 16:22:32,995 INFO train_distributed it= 199 lr=1.00e-04 loss_world=1.2606 |∇|=8.54e+01 γ=0.995 T=0.0504
2026-04-29 16:22:33,000 INFO train_distributed training finished in 757.7s (200 iters, world_size=1)
2026-04-29 16:22:33,000 INFO train_distributed [rank 0] peak HBM: alloc=9.09 GB, reserved=10.21 GB
2026-04-29 16:22:33,003 INFO train_distributed [rank 0] wrote experiments/043_arch_pairs/results_p_1_2__1_3_seed4/training_log.json
2026-04-29 16:22:33,263 INFO train_distributed it= 119 lr=4.47e-04 loss_world=1.4826 |∇|=5.33e-01 γ=1.019 T=0.0506
2026-04-29 16:22:33,798 INFO train_distributed it= 119 lr=4.47e-04 loss_world=0.8311 |∇|=1.80e+00 γ=1.009 T=0.0505
  ✓ p_1_2__1_3_seed4 762s (card 3)
2026-04-29 16:22:34,944 INFO train_distributed it= 149 lr=2.51e-04 loss_world=0.7704 |∇|=1.80e+01 γ=1.014 T=0.0504
2026-04-29 16:22:35,951 INFO train_distributed it= 129 lr=3.76e-04 loss_world=1.0697 |∇|=9.72e+00 γ=1.021 T=0.0507
2026-04-29 16:22:36,487 INFO train_distributed it= 129 lr=3.76e-04 loss_world=0.6483 |∇|=2.18e+00 γ=1.009 T=0.0504
2026-04-29 16:22:37,727 INFO train_distributed it= 159 lr=2.00e-04 loss_world=0.9495 |∇|=4.16e+00 γ=1.015 T=0.0504
2026-04-29 16:22:38,650 INFO train_distributed it= 139 lr=3.10e-04 loss_world=0.9096 |∇|=2.73e+00 γ=1.021 T=0.0508
2026-04-29 16:22:39,208 INFO train_distributed it= 139 lr=3.10e-04 loss_world=0.6792 |∇|=1.57e+00 γ=1.009 T=0.0504
2026-04-29 16:22:40,509 INFO train_distributed it= 169 lr=1.58e-04 loss_world=0.7589 |∇|=4.40e-01 γ=1.015 T=0.0503
2026-04-29 16:22:41,351 INFO train_distributed it= 149 lr=2.51e-04 loss_world=0.8106 |∇|=4.06e+00 γ=1.021 T=0.0508
2026-04-29 16:22:41,894 INFO train_distributed it= 149 lr=2.51e-04 loss_world=1.6222 |∇|=1.84e+00 γ=1.009 T=0.0505
2026-04-29 16:22:43,232 INFO train_distributed it= 179 lr=1.27e-04 loss_world=0.6461 |∇|=1.80e+00 γ=1.016 T=0.0504
2026-04-29 16:22:44,057 INFO train_distributed it= 159 lr=2.00e-04 loss_world=0.7144 |∇|=4.94e+00 γ=1.021 T=0.0508
2026-04-29 16:22:44,579 INFO train_distributed it= 159 lr=2.00e-04 loss_world=0.8971 |∇|=1.97e+00 γ=1.009 T=0.0505
2026-04-29 16:22:46,002 INFO train_distributed it= 189 lr=1.07e-04 loss_world=0.9254 |∇|=7.60e+00 γ=1.016 T=0.0504
2026-04-29 16:22:46,762 INFO train_distributed it= 169 lr=1.58e-04 loss_world=1.7396 |∇|=2.11e+00 γ=1.021 T=0.0508
2026-04-29 16:22:47,262 INFO train_distributed it= 169 lr=1.58e-04 loss_world=1.0385 |∇|=1.56e+00 γ=1.009 T=0.0505
2026-04-29 16:22:48,703 INFO train_distributed it= 199 lr=1.00e-04 loss_world=0.9220 |∇|=2.23e+00 γ=1.016 T=0.0504
2026-04-29 16:22:48,711 INFO train_distributed training finished in 87.8s (200 iters, world_size=1)
2026-04-29 16:22:48,711 INFO train_distributed [rank 0] peak HBM: alloc=0.59 GB, reserved=0.77 GB
2026-04-29 16:22:48,714 INFO train_distributed [rank 0] wrote experiments/043_arch_pairs/results_p_3_1__1_3_seed2/training_log.json
2026-04-29 16:22:49,472 INFO train_distributed it= 179 lr=1.27e-04 loss_world=0.7496 |∇|=1.46e+00 γ=1.021 T=0.0508
  ✓ p_3_1__1_3_seed2 92s (card 3)
2026-04-29 16:22:49,947 INFO train_distributed it= 179 lr=1.27e-04 loss_world=1.0289 |∇|=1.34e+00 γ=1.009 T=0.0505
2026-04-29 16:22:52,169 INFO train_distributed it= 189 lr=1.07e-04 loss_world=1.0268 |∇|=5.36e+00 γ=1.022 T=0.0508
2026-04-29 16:22:52,629 INFO train_distributed it= 189 lr=1.07e-04 loss_world=1.4224 |∇|=7.12e+00 γ=1.009 T=0.0505
2026-04-29 16:22:53,382 INFO train_distributed it=  99 lr=5.95e-04 loss_world=0.8743 |∇|=1.77e+01 γ=0.994 T=0.0499
2026-04-29 16:22:54,869 INFO train_distributed it= 199 lr=1.00e-04 loss_world=0.7739 |∇|=4.58e+00 γ=1.021 T=0.0508
2026-04-29 16:22:54,876 INFO train_distributed training finished in 55.8s (200 iters, world_size=1)
2026-04-29 16:22:54,876 INFO train_distributed [rank 0] peak HBM: alloc=0.59 GB, reserved=0.77 GB
2026-04-29 16:22:54,879 INFO train_distributed [rank 0] wrote experiments/043_arch_pairs/results_p_3_1__1_3_seed3/training_log.json
2026-04-29 16:22:55,303 INFO train_distributed it= 199 lr=1.00e-04 loss_world=0.8478 |∇|=5.34e+00 γ=1.009 T=0.0505
2026-04-29 16:22:55,309 INFO train_distributed training finished in 54.9s (200 iters, world_size=1)
2026-04-29 16:22:55,310 INFO train_distributed [rank 0] peak HBM: alloc=0.59 GB, reserved=0.77 GB
2026-04-29 16:22:55,312 INFO train_distributed [rank 0] wrote experiments/043_arch_pairs/results_p_3_1__1_3_seed4/training_log.json
  ✓ p_3_1__1_3_seed3 60s (card 4)
  ✓ p_3_1__1_3_seed4 60s (card 5)
2026-04-29 16:22:58,201 INFO train_distributed it= 129 lr=3.76e-04 loss_world=0.8794 |∇|=2.50e+01 γ=0.996 T=0.0508
2026-04-29 16:23:16,999 INFO train_distributed it= 109 lr=5.20e-04 loss_world=0.9722 |∇|=8.16e+01 γ=1.001 T=0.0508
2026-04-29 16:23:17,364 INFO train_distributed it= 109 lr=5.20e-04 loss_world=0.7065 |∇|=4.94e+01 γ=0.994 T=0.0499
2026-04-29 16:23:34,325 INFO train_distributed it= 139 lr=3.10e-04 loss_world=0.8683 |∇|=2.92e+01 γ=0.997 T=0.0508
2026-04-29 16:23:41,348 INFO train_distributed it= 119 lr=4.47e-04 loss_world=0.6742 |∇|=3.25e+01 γ=0.993 T=0.0499
2026-04-29 16:24:05,348 INFO train_distributed it= 129 lr=3.76e-04 loss_world=0.6348 |∇|=2.57e+01 γ=0.993 T=0.0499
2026-04-29 16:24:10,451 INFO train_distributed it= 149 lr=2.51e-04 loss_world=0.9881 |∇|=1.18e+01 γ=0.997 T=0.0508
2026-04-29 16:24:29,341 INFO train_distributed it= 139 lr=3.10e-04 loss_world=0.6410 |∇|=2.28e+01 γ=0.993 T=0.0499
2026-04-29 16:24:32,871 INFO train_distributed it= 119 lr=4.47e-04 loss_world=0.9236 |∇|=1.94e+01 γ=1.002 T=0.0508
2026-04-29 16:24:46,586 INFO train_distributed it= 159 lr=2.00e-04 loss_world=0.6680 |∇|=8.73e+00 γ=0.996 T=0.0508
2026-04-29 16:24:53,313 INFO train_distributed it= 149 lr=2.51e-04 loss_world=0.6213 |∇|=3.94e+01 γ=0.993 T=0.0499
2026-04-29 16:25:17,299 INFO train_distributed it= 159 lr=2.00e-04 loss_world=0.6280 |∇|=4.00e+01 γ=0.993 T=0.0499
2026-04-29 16:25:22,709 INFO train_distributed it= 169 lr=1.58e-04 loss_world=0.8814 |∇|=1.41e+01 γ=0.995 T=0.0508
2026-04-29 16:25:41,248 INFO train_distributed it= 169 lr=1.58e-04 loss_world=0.6260 |∇|=4.07e+01 γ=0.993 T=0.0499
2026-04-29 16:25:48,681 INFO train_distributed it= 129 lr=3.76e-04 loss_world=1.0327 |∇|=1.37e+01 γ=1.003 T=0.0508
2026-04-29 16:25:58,827 INFO train_distributed it= 179 lr=1.27e-04 loss_world=0.6204 |∇|=6.46e+01 γ=0.995 T=0.0508
2026-04-29 16:26:05,202 INFO train_distributed it= 179 lr=1.27e-04 loss_world=0.6139 |∇|=4.13e+01 γ=0.993 T=0.0499
2026-04-29 16:26:29,182 INFO train_distributed it= 189 lr=1.07e-04 loss_world=0.6097 |∇|=3.92e+01 γ=0.993 T=0.0499
2026-04-29 16:26:34,946 INFO train_distributed it= 189 lr=1.07e-04 loss_world=0.7541 |∇|=1.43e+01 γ=0.995 T=0.0508
2026-04-29 16:26:53,159 INFO train_distributed it= 199 lr=1.00e-04 loss_world=0.6048 |∇|=3.69e+01 γ=0.993 T=0.0498
2026-04-29 16:26:53,164 INFO train_distributed training finished in 480.7s (200 iters, world_size=1)
2026-04-29 16:26:53,164 INFO train_distributed [rank 0] peak HBM: alloc=7.09 GB, reserved=7.68 GB
2026-04-29 16:26:53,167 INFO train_distributed [rank 0] wrote experiments/043_arch_pairs/results_p_2_1__2_2_seed4/training_log.json
  ✓ p_2_1__2_2_seed4 486s (card 0)
2026-04-29 16:26:58,583 INFO train_distributed it= 139 lr=3.10e-04 loss_world=1.4199 |∇|=1.04e+02 γ=1.003 T=0.0508
2026-04-29 16:27:11,069 INFO train_distributed it= 199 lr=1.00e-04 loss_world=0.7511 |∇|=1.28e+01 γ=0.995 T=0.0508
2026-04-29 16:27:11,075 INFO train_distributed training finished in 1075.8s (200 iters, world_size=1)
2026-04-29 16:27:11,075 INFO train_distributed [rank 0] peak HBM: alloc=9.09 GB, reserved=10.21 GB
2026-04-29 16:27:11,078 INFO train_distributed [rank 0] wrote experiments/043_arch_pairs/results_p_1_2__1_3_seed2/training_log.json
  ✓ p_1_2__1_3_seed2 1082s (card 1)
2026-04-29 16:27:34,740 INFO train_distributed it= 149 lr=2.51e-04 loss_world=0.8783 |∇|=3.35e+01 γ=1.002 T=0.0508
2026-04-29 16:28:10,891 INFO train_distributed it= 159 lr=2.00e-04 loss_world=1.0916 |∇|=1.21e+02 γ=1.001 T=0.0508
2026-04-29 16:28:47,053 INFO train_distributed it= 169 lr=1.58e-04 loss_world=0.9043 |∇|=4.80e+01 γ=1.001 T=0.0508
2026-04-29 16:29:23,222 INFO train_distributed it= 179 lr=1.27e-04 loss_world=0.8579 |∇|=1.24e+02 γ=1.000 T=0.0508
2026-04-29 16:29:59,377 INFO train_distributed it= 189 lr=1.07e-04 loss_world=0.8753 |∇|=6.70e+01 γ=1.000 T=0.0508
2026-04-29 16:30:35,547 INFO train_distributed it= 199 lr=1.00e-04 loss_world=0.7688 |∇|=2.74e+02 γ=1.001 T=0.0508
2026-04-29 16:30:35,552 INFO train_distributed training finished in 1281.1s (200 iters, world_size=1)
2026-04-29 16:30:35,552 INFO train_distributed [rank 0] peak HBM: alloc=9.09 GB, reserved=10.21 GB
2026-04-29 16:30:35,555 INFO train_distributed [rank 0] wrote experiments/043_arch_pairs/results_p_1_2__1_3_seed1/training_log.json
  ✓ p_1_2__1_3_seed1 1286s (card 0)

═ EVAL  p_1_1__1_2_seed0 (card 0) ═ 16:30:36

═ EVAL  p_1_1__1_2_seed1 (card 1) ═ 16:30:36

═ EVAL  p_1_1__1_2_seed2 (card 2) ═ 16:30:36

═ EVAL  p_1_1__1_2_seed3 (card 3) ═ 16:30:36

═ EVAL  p_1_1__1_2_seed4 (card 4) ═ 16:30:36

═ EVAL  p_1_1__1_3_seed0 (card 5) ═ 16:30:36

═ EVAL  p_1_1__1_3_seed1 (card 6) ═ 16:30:36

═ EVAL  p_1_1__1_3_seed2 (card 7) ═ 16:30:36
2026-04-29 16:30:41,261 INFO inference_run_large [dist] world_size=1 cuda=True
2026-04-29 16:30:41,873 INFO inference_run_large [dist] world_size=1 cuda=True
2026-04-29 16:30:42,233 INFO inference_run_large [dist] world_size=1 cuda=True
2026-04-29 16:30:42,623 INFO inference_run_large [dist] world_size=1 cuda=True
2026-04-29 16:30:43,046 INFO inference_run_large [dist] world_size=1 cuda=True
2026-04-29 16:30:43,474 INFO inference_run_large [dist] world_size=1 cuda=True
2026-04-29 16:30:43,834 INFO inference_run_large [dist] world_size=1 cuda=True
2026-04-29 16:30:44,285 INFO inference_run_large [dist] world_size=1 cuda=True
2026-04-29 16:30:44,963 INFO inference_run_large loaded checkpoint iter=200 from /AI4S/Users/howardwang/h204/ecophys/experiments/043_arch_pairs/results_p_1_1__1_2_seed1/checkpoint.pt
2026-04-29 16:30:44,968 INFO inference_run_large loaded checkpoint iter=200 from /AI4S/Users/howardwang/h204/ecophys/experiments/043_arch_pairs/results_p_1_1__1_2_seed0/checkpoint.pt
2026-04-29 16:30:44,987 INFO inference_run_large loaded checkpoint iter=200 from /AI4S/Users/howardwang/h204/ecophys/experiments/043_arch_pairs/results_p_1_1__1_2_seed4/checkpoint.pt
2026-04-29 16:30:45,021 INFO inference_run_large loaded checkpoint iter=200 from /AI4S/Users/howardwang/h204/ecophys/experiments/043_arch_pairs/results_p_1_1__1_3_seed1/checkpoint.pt
2026-04-29 16:30:45,021 INFO inference_run_large loaded checkpoint iter=200 from /AI4S/Users/howardwang/h204/ecophys/experiments/043_arch_pairs/results_p_1_1__1_3_seed0/checkpoint.pt
2026-04-29 16:30:45,032 INFO inference_run_large loaded checkpoint iter=200 from /AI4S/Users/howardwang/h204/ecophys/experiments/043_arch_pairs/results_p_1_1__1_2_seed2/checkpoint.pt
2026-04-29 16:30:45,033 INFO inference_run_large loaded checkpoint iter=200 from /AI4S/Users/howardwang/h204/ecophys/experiments/043_arch_pairs/results_p_1_1__1_3_seed2/checkpoint.pt
2026-04-29 16:30:45,165 INFO inference_run_large loaded checkpoint iter=200 from /AI4S/Users/howardwang/h204/ecophys/experiments/043_arch_pairs/results_p_1_1__1_2_seed3/checkpoint.pt
2026-04-29 16:31:35,813 INFO inference_run_large [rank 0] rollout 1/4 seed=10000 took 49.8s
2026-04-29 16:31:35,831 INFO inference_run_large [rank 0] rollout 1/4 seed=10000 took 49.9s
2026-04-29 16:31:35,904 INFO inference_run_large [rank 0] rollout 1/4 seed=10000 took 50.0s
2026-04-29 16:31:35,923 INFO inference_run_large [rank 0] rollout 1/4 seed=10000 took 49.8s
2026-04-29 16:31:36,024 INFO inference_run_large [rank 0] rollout 1/4 seed=10000 took 50.0s
2026-04-29 16:32:18,819 INFO inference_run_large [rank 0] rollout 1/4 seed=10000 took 92.8s
2026-04-29 16:32:18,852 INFO inference_run_large [rank 0] rollout 1/4 seed=10000 took 92.8s
2026-04-29 16:32:18,996 INFO inference_run_large [rank 0] rollout 1/4 seed=10000 took 93.0s
2026-04-29 16:32:25,275 INFO inference_run_large [rank 0] rollout 2/4 seed=10001 took 49.4s
2026-04-29 16:32:25,323 INFO inference_run_large [rank 0] rollout 2/4 seed=10001 took 49.3s
2026-04-29 16:32:25,328 INFO inference_run_large [rank 0] rollout 2/4 seed=10001 took 49.4s
2026-04-29 16:32:25,412 INFO inference_run_large [rank 0] rollout 2/4 seed=10001 took 49.4s
2026-04-29 16:32:25,532 INFO inference_run_large [rank 0] rollout 2/4 seed=10001 took 49.4s
2026-04-29 16:33:14,765 INFO inference_run_large [rank 0] rollout 3/4 seed=10002 took 49.4s
2026-04-29 16:33:14,782 INFO inference_run_large [rank 0] rollout 3/4 seed=10002 took 49.4s
2026-04-29 16:33:14,824 INFO inference_run_large [rank 0] rollout 3/4 seed=10002 took 49.4s
2026-04-29 16:33:14,955 INFO inference_run_large [rank 0] rollout 3/4 seed=10002 took 49.5s
2026-04-29 16:33:15,110 INFO inference_run_large [rank 0] rollout 3/4 seed=10002 took 49.5s
2026-04-29 16:33:51,215 INFO inference_run_large [rank 0] rollout 2/4 seed=10001 took 92.3s
2026-04-29 16:33:51,261 INFO inference_run_large [rank 0] rollout 2/4 seed=10001 took 92.3s
2026-04-29 16:33:51,548 INFO inference_run_large [rank 0] rollout 2/4 seed=10001 took 92.5s
2026-04-29 16:34:04,136 INFO inference_run_large [rank 0] rollout 4/4 seed=10003 took 49.3s
2026-04-29 16:34:04,139 INFO inference_run_large [rank 0] wrote /AI4S/Users/howardwang/h204/ecophys/experiments/043_arch_pairs/results_p_1_1__1_2_seed3/inference_rank_0.json
2026-04-29 16:34:04,143 INFO inference_run_large [rank 0] merged 4 rollouts → /AI4S/Users/howardwang/h204/ecophys/experiments/043_arch_pairs/results_p_1_1__1_2_seed3/inference_merged.json
2026-04-29 16:34:04,246 INFO inference_run_large [rank 0] rollout 4/4 seed=10003 took 49.4s
2026-04-29 16:34:04,249 INFO inference_run_large [rank 0] wrote /AI4S/Users/howardwang/h204/ecophys/experiments/043_arch_pairs/results_p_1_1__1_2_seed2/inference_rank_0.json
2026-04-29 16:34:04,253 INFO inference_run_large [rank 0] merged 4 rollouts → /AI4S/Users/howardwang/h204/ecophys/experiments/043_arch_pairs/results_p_1_1__1_2_seed2/inference_merged.json
2026-04-29 16:34:04,290 INFO inference_run_large [rank 0] rollout 4/4 seed=10003 took 49.4s
2026-04-29 16:34:04,293 INFO inference_run_large [rank 0] wrote /AI4S/Users/howardwang/h204/ecophys/experiments/043_arch_pairs/results_p_1_1__1_2_seed0/inference_rank_0.json
2026-04-29 16:34:04,297 INFO inference_run_large [rank 0] merged 4 rollouts → /AI4S/Users/howardwang/h204/ecophys/experiments/043_arch_pairs/results_p_1_1__1_2_seed0/inference_merged.json
2026-04-29 16:34:04,507 INFO inference_run_large [rank 0] rollout 4/4 seed=10003 took 49.5s
2026-04-29 16:34:04,510 INFO inference_run_large [rank 0] wrote /AI4S/Users/howardwang/h204/ecophys/experiments/043_arch_pairs/results_p_1_1__1_2_seed4/inference_rank_0.json
2026-04-29 16:34:04,515 INFO inference_run_large [rank 0] merged 4 rollouts → /AI4S/Users/howardwang/h204/ecophys/experiments/043_arch_pairs/results_p_1_1__1_2_seed4/inference_merged.json
2026-04-29 16:34:04,635 INFO inference_run_large [rank 0] rollout 4/4 seed=10003 took 49.4s
2026-04-29 16:34:04,639 INFO inference_run_large [rank 0] wrote /AI4S/Users/howardwang/h204/ecophys/experiments/043_arch_pairs/results_p_1_1__1_2_seed1/inference_rank_0.json
2026-04-29 16:34:04,642 INFO inference_run_large [rank 0] merged 4 rollouts → /AI4S/Users/howardwang/h204/ecophys/experiments/043_arch_pairs/results_p_1_1__1_2_seed1/inference_merged.json
  ✓ eval p_1_1__1_2_seed3 209s (card 3)

═ EVAL  p_1_1__1_3_seed3 (card 0) ═ 16:34:05
  ✓ eval p_1_1__1_2_seed2 209s (card 2)

═ EVAL  p_1_1__1_3_seed4 (card 1) ═ 16:34:05
  ✓ eval p_1_1__1_2_seed0 209s (card 0)

═ EVAL  p_1_1__2_1_seed0 (card 2) ═ 16:34:05
  ✓ eval p_1_1__1_2_seed4 209s (card 4)

═ EVAL  p_1_1__2_1_seed1 (card 3) ═ 16:34:05
  ✓ eval p_1_1__1_2_seed1 209s (card 1)

═ EVAL  p_1_1__2_1_seed2 (card 4) ═ 16:34:05
2026-04-29 16:34:09,245 INFO inference_run_large [dist] world_size=1 cuda=True
2026-04-29 16:34:09,831 INFO inference_run_large [dist] world_size=1 cuda=True
2026-04-29 16:34:10,624 INFO inference_run_large [dist] world_size=1 cuda=True
2026-04-29 16:34:11,129 INFO inference_run_large [dist] world_size=1 cuda=True
2026-04-29 16:34:11,607 INFO inference_run_large [dist] world_size=1 cuda=True
2026-04-29 16:34:11,910 INFO inference_run_large loaded checkpoint iter=200 from /AI4S/Users/howardwang/h204/ecophys/experiments/043_arch_pairs/results_p_1_1__1_3_seed3/checkpoint.pt
2026-04-29 16:34:11,965 INFO inference_run_large loaded checkpoint iter=200 from /AI4S/Users/howardwang/h204/ecophys/experiments/043_arch_pairs/results_p_1_1__2_1_seed0/checkpoint.pt
2026-04-29 16:34:11,966 INFO inference_run_large loaded checkpoint iter=200 from /AI4S/Users/howardwang/h204/ecophys/experiments/043_arch_pairs/results_p_1_1__1_3_seed4/checkpoint.pt
2026-04-29 16:34:11,966 INFO inference_run_large loaded checkpoint iter=200 from /AI4S/Users/howardwang/h204/ecophys/experiments/043_arch_pairs/results_p_1_1__2_1_seed1/checkpoint.pt
2026-04-29 16:34:12,105 INFO inference_run_large loaded checkpoint iter=200 from /AI4S/Users/howardwang/h204/ecophys/experiments/043_arch_pairs/results_p_1_1__2_1_seed2/checkpoint.pt
2026-04-29 16:34:58,148 INFO inference_run_large [rank 0] rollout 1/4 seed=10000 took 45.2s
2026-04-29 16:34:58,238 INFO inference_run_large [rank 0] rollout 1/4 seed=10000 took 45.2s
2026-04-29 16:34:58,247 INFO inference_run_large [rank 0] rollout 1/4 seed=10000 took 45.3s
2026-04-29 16:35:23,662 INFO inference_run_large [rank 0] rollout 3/4 seed=10002 took 92.3s
2026-04-29 16:35:23,737 INFO inference_run_large [rank 0] rollout 3/4 seed=10002 took 92.4s
2026-04-29 16:35:24,167 INFO inference_run_large [rank 0] rollout 3/4 seed=10002 took 92.5s
2026-04-29 16:35:42,890 INFO inference_run_large [rank 0] rollout 2/4 seed=10001 took 44.7s
2026-04-29 16:35:43,003 INFO inference_run_large [rank 0] rollout 2/4 seed=10001 took 44.7s
2026-04-29 16:35:43,094 INFO inference_run_large [rank 0] rollout 2/4 seed=10001 took 44.8s
2026-04-29 16:35:45,690 INFO inference_run_large [rank 0] rollout 1/4 seed=10000 took 92.8s
2026-04-29 16:35:45,813 INFO inference_run_large [rank 0] rollout 1/4 seed=10000 took 93.0s
2026-04-29 16:36:27,629 INFO inference_run_large [rank 0] rollout 3/4 seed=10002 took 44.7s
2026-04-29 16:36:27,756 INFO inference_run_large [rank 0] rollout 3/4 seed=10002 took 44.7s
2026-04-29 16:36:27,905 INFO inference_run_large [rank 0] rollout 3/4 seed=10002 took 44.7s
2026-04-29 16:36:56,069 INFO inference_run_large [rank 0] rollout 4/4 seed=10003 took 92.3s
2026-04-29 16:36:56,073 INFO inference_run_large [rank 0] wrote /AI4S/Users/howardwang/h204/ecophys/experiments/043_arch_pairs/results_p_1_1__1_3_seed2/inference_rank_0.json
2026-04-29 16:36:56,077 INFO inference_run_large [rank 0] merged 4 rollouts → /AI4S/Users/howardwang/h204/ecophys/experiments/043_arch_pairs/results_p_1_1__1_3_seed2/inference_merged.json
2026-04-29 16:36:56,159 INFO inference_run_large [rank 0] rollout 4/4 seed=10003 took 92.3s
2026-04-29 16:36:56,163 INFO inference_run_large [rank 0] wrote /AI4S/Users/howardwang/h204/ecophys/experiments/043_arch_pairs/results_p_1_1__1_3_seed1/inference_rank_0.json
2026-04-29 16:36:56,167 INFO inference_run_large [rank 0] merged 4 rollouts → /AI4S/Users/howardwang/h204/ecophys/experiments/043_arch_pairs/results_p_1_1__1_3_seed1/inference_merged.json
2026-04-29 16:36:56,737 INFO inference_run_large [rank 0] rollout 4/4 seed=10003 took 92.5s
2026-04-29 16:36:56,740 INFO inference_run_large [rank 0] wrote /AI4S/Users/howardwang/h204/ecophys/experiments/043_arch_pairs/results_p_1_1__1_3_seed0/inference_rank_0.json
2026-04-29 16:36:56,744 INFO inference_run_large [rank 0] merged 4 rollouts → /AI4S/Users/howardwang/h204/ecophys/experiments/043_arch_pairs/results_p_1_1__1_3_seed0/inference_merged.json
  ✓ eval p_1_1__1_3_seed2 381s (card 7)

═ EVAL  p_1_1__2_1_seed3 (card 5) ═ 16:36:57
  ✓ eval p_1_1__1_3_seed1 381s (card 6)

═ EVAL  p_1_1__2_1_seed4 (card 6) ═ 16:36:57
  ✓ eval p_1_1__1_3_seed0 381s (card 5)

═ EVAL  p_1_2__1_3_seed0 (card 7) ═ 16:36:57
2026-04-29 16:37:00,932 INFO inference_run_large [dist] world_size=1 cuda=True
2026-04-29 16:37:01,666 INFO inference_run_large [dist] world_size=1 cuda=True
2026-04-29 16:37:02,236 INFO inference_run_large [dist] world_size=1 cuda=True
2026-04-29 16:37:02,421 INFO inference_run_large loaded checkpoint iter=200 from /AI4S/Users/howardwang/h204/ecophys/experiments/043_arch_pairs/results_p_1_1__2_1_seed3/checkpoint.pt
2026-04-29 16:37:02,455 INFO inference_run_large loaded checkpoint iter=200 from /AI4S/Users/howardwang/h204/ecophys/experiments/043_arch_pairs/results_p_1_1__2_1_seed4/checkpoint.pt
2026-04-29 16:37:02,597 INFO inference_run_large loaded checkpoint iter=200 from /AI4S/Users/howardwang/h204/ecophys/experiments/043_arch_pairs/results_p_1_2__1_3_seed0/checkpoint.pt
2026-04-29 16:37:12,421 INFO inference_run_large [rank 0] rollout 4/4 seed=10003 took 44.7s
2026-04-29 16:37:12,424 INFO inference_run_large [rank 0] wrote /AI4S/Users/howardwang/h204/ecophys/experiments/043_arch_pairs/results_p_1_1__2_1_seed1/inference_rank_0.json
2026-04-29 16:37:12,428 INFO inference_run_large [rank 0] merged 4 rollouts → /AI4S/Users/howardwang/h204/ecophys/experiments/043_arch_pairs/results_p_1_1__2_1_seed1/inference_merged.json
2026-04-29 16:37:12,550 INFO inference_run_large [rank 0] rollout 4/4 seed=10003 took 44.7s
2026-04-29 16:37:12,554 INFO inference_run_large [rank 0] wrote /AI4S/Users/howardwang/h204/ecophys/experiments/043_arch_pairs/results_p_1_1__2_1_seed2/inference_rank_0.json
2026-04-29 16:37:12,558 INFO inference_run_large [rank 0] merged 4 rollouts → /AI4S/Users/howardwang/h204/ecophys/experiments/043_arch_pairs/results_p_1_1__2_1_seed2/inference_merged.json
2026-04-29 16:37:12,806 INFO inference_run_large [rank 0] rollout 4/4 seed=10003 took 44.8s
2026-04-29 16:37:12,809 INFO inference_run_large [rank 0] wrote /AI4S/Users/howardwang/h204/ecophys/experiments/043_arch_pairs/results_p_1_1__2_1_seed0/inference_rank_0.json
2026-04-29 16:37:12,813 INFO inference_run_large [rank 0] merged 4 rollouts → /AI4S/Users/howardwang/h204/ecophys/experiments/043_arch_pairs/results_p_1_1__2_1_seed0/inference_merged.json
  ✓ eval p_1_1__2_1_seed1 188s (card 3)

═ EVAL  p_1_2__1_3_seed1 (card 0) ═ 16:37:13
  ✓ eval p_1_1__2_1_seed2 188s (card 4)

═ EVAL  p_1_2__1_3_seed2 (card 1) ═ 16:37:13
  ✓ eval p_1_1__2_1_seed0 188s (card 2)

═ EVAL  p_1_2__1_3_seed3 (card 2) ═ 16:37:13
2026-04-29 16:37:16,398 INFO inference_run_large [dist] world_size=1 cuda=True
2026-04-29 16:37:16,826 INFO inference_run_large [dist] world_size=1 cuda=True
2026-04-29 16:37:17,228 INFO inference_run_large loaded checkpoint iter=200 from /AI4S/Users/howardwang/h204/ecophys/experiments/043_arch_pairs/results_p_1_2__1_3_seed1/checkpoint.pt
2026-04-29 16:37:17,555 INFO inference_run_large [dist] world_size=1 cuda=True
2026-04-29 16:37:17,821 INFO inference_run_large loaded checkpoint iter=200 from /AI4S/Users/howardwang/h204/ecophys/experiments/043_arch_pairs/results_p_1_2__1_3_seed2/checkpoint.pt
2026-04-29 16:37:17,966 INFO inference_run_large loaded checkpoint iter=200 from /AI4S/Users/howardwang/h204/ecophys/experiments/043_arch_pairs/results_p_1_2__1_3_seed3/checkpoint.pt
2026-04-29 16:37:18,162 INFO inference_run_large [rank 0] rollout 2/4 seed=10001 took 92.4s
2026-04-29 16:37:18,772 INFO inference_run_large [rank 0] rollout 2/4 seed=10001 took 92.8s
2026-04-29 16:37:48,704 INFO inference_run_large [rank 0] rollout 1/4 seed=10000 took 45.3s
2026-04-29 16:37:49,199 INFO inference_run_large [rank 0] rollout 1/4 seed=10000 took 45.9s
2026-04-29 16:38:33,491 INFO inference_run_large [rank 0] rollout 2/4 seed=10001 took 44.7s
2026-04-29 16:38:34,828 INFO inference_run_large [rank 0] rollout 2/4 seed=10001 took 45.5s
2026-04-29 16:38:40,514 INFO inference_run_large [rank 0] rollout 1/4 seed=10000 took 96.8s
2026-04-29 16:38:55,714 INFO inference_run_large [rank 0] rollout 1/4 seed=10000 took 96.8s
2026-04-29 16:39:18,289 INFO inference_run_large [rank 0] rollout 3/4 seed=10002 took 44.7s
2026-04-29 16:39:20,504 INFO inference_run_large [rank 0] rollout 3/4 seed=10002 took 45.6s
Traceback (most recent call last):
  File "<frozen runpy>", line 198, in _run_module_as_main
  File "<frozen runpy>", line 88, in _run_code
  File "/AI4S/Users/howardwang/h204/ecophys/ecomd/inference/run_large.py", line 167, in <module>
    main()
  File "/AI4S/Users/howardwang/h204/ecophys/ecomd/inference/run_large.py", line 103, in main
    traj = sim.run(n_steps=args.n_steps, seed=seed)
           ^^^^^^^^^^^^^^^^^^^^^^^^^^^^^^^^^^^^^^^^
  File "/root/miniconda3/envs/ecophys/lib/python3.12/site-packages/torch/utils/_contextlib.py", line 116, in decorate_context
    return func(*args, **kwargs)
           ^^^^^^^^^^^^^^^^^^^^^
  File "/AI4S/Users/howardwang/h204/ecophys/ecomd/models/ecomd.py", line 941, in run
    s_next, price_state, rec, h_regime, h_agent, h_global = self.step(
                                                            ^^^^^^^^^^
  File "/AI4S/Users/howardwang/h204/ecophys/ecomd/models/ecomd.py", line 528, in step
    f_cons = conservative_forces(
             ^^^^^^^^^^^^^^^^^^^^
  File "/AI4S/Users/howardwang/h204/ecophys/ecomd/models/potentials.py", line 518, in conservative_forces
    u = potential(s, context, u_global=u_global)
        ^^^^^^^^^^^^^^^^^^^^^^^^^^^^^^^^^^^^^^^^
  File "/root/miniconda3/envs/ecophys/lib/python3.12/site-packages/torch/nn/modules/module.py", line 1739, in _wrapped_call_impl
    return self._call_impl(*args, **kwargs)
           ^^^^^^^^^^^^^^^^^^^^^^^^^^^^^^^^
  File "/root/miniconda3/envs/ecophys/lib/python3.12/site-packages/torch/nn/modules/module.py", line 1750, in _call_impl
    return forward_call(*args, **kwargs)
           ^^^^^^^^^^^^^^^^^^^^^^^^^^^^^
  File "/AI4S/Users/howardwang/h204/ecophys/ecomd/models/potentials.py", line 492, in forward
    v_pair = self.pairwise(s, context=u_global)
             ^^^^^^^^^^^^^^^^^^^^^^^^^^^^^^^^^^
  File "/root/miniconda3/envs/ecophys/lib/python3.12/site-packages/torch/nn/modules/module.py", line 1739, in _wrapped_call_impl
    return self._call_impl(*args, **kwargs)
           ^^^^^^^^^^^^^^^^^^^^^^^^^^^^^^^^
  File "/root/miniconda3/envs/ecophys/lib/python3.12/site-packages/torch/nn/modules/module.py", line 1750, in _call_impl
    return forward_call(*args, **kwargs)
           ^^^^^^^^^^^^^^^^^^^^^^^^^^^^^
  File "/AI4S/Users/howardwang/h204/ecophys/ecomd/models/potentials.py", line 372, in forward
    phi = self._eval_kernel(inp_ij, inp_ji, src, dst)       # (E,)
          ^^^^^^^^^^^^^^^^^^^^^^^^^^^^^^^^^^^^^^^^^^^
  File "/AI4S/Users/howardwang/h204/ecophys/ecomd/models/potentials.py", line 347, in _eval_kernel
    phi_ij = (h_ij * w_ij).sum(dim=-1) + b_ij                # (E,)
              ~~~~~^~~~~~
torch.OutOfMemoryError: CUDA out of memory. Tried to allocate 184.00 MiB. GPU 0 has a total capacity of 95.08 GiB of which 174.31 MiB is free. Process 1244919 has 75.09 GiB memory in use. Including non-PyTorch memory, this process has 19.81 GiB memory in use. Of the allocated memory 18.89 GiB is allocated by PyTorch, and 439.77 MiB is reserved by PyTorch but unallocated. If reserved but unallocated memory is large try setting PYTORCH_CUDA_ALLOC_CONF=expandable_segments:True to avoid fragmentation.  See documentation for Memory Management  (https://pytorch.org/docs/stable/notes/cuda.html#environment-variables)
E0429 16:39:35.718000 1252923 site-packages/torch/distributed/elastic/multiprocessing/api.py:869] failed (exitcode: 1) local_rank: 0 (pid: 1253210) of binary: /root/miniconda3/envs/ecophys/bin/python3.12
Traceback (most recent call last):
  File "/root/miniconda3/envs/ecophys/bin/torchrun", line 6, in <module>
    sys.exit(main())
             ^^^^^^
  File "/root/miniconda3/envs/ecophys/lib/python3.12/site-packages/torch/distributed/elastic/multiprocessing/errors/__init__.py", line 355, in wrapper
    return f(*args, **kwargs)
           ^^^^^^^^^^^^^^^^^^
  File "/root/miniconda3/envs/ecophys/lib/python3.12/site-packages/torch/distributed/run.py", line 918, in main
    run(args)
  File "/root/miniconda3/envs/ecophys/lib/python3.12/site-packages/torch/distributed/run.py", line 909, in run
    elastic_launch(
  File "/root/miniconda3/envs/ecophys/lib/python3.12/site-packages/torch/distributed/launcher/api.py", line 138, in __call__
    return launch_agent(self._config, self._entrypoint, list(args))
           ^^^^^^^^^^^^^^^^^^^^^^^^^^^^^^^^^^^^^^^^^^^^^^^^^^^^^^^^
  File "/root/miniconda3/envs/ecophys/lib/python3.12/site-packages/torch/distributed/launcher/api.py", line 269, in launch_agent
    raise ChildFailedError(
torch.distributed.elastic.multiprocessing.errors.ChildFailedError: 
============================================================
ecomd.inference.run_large FAILED
------------------------------------------------------------
Failures:
  <NO_OTHER_FAILURES>
------------------------------------------------------------
Root Cause (first observed failure):
[0]:
  time      : 2026-04-29_16:39:35
  host      : nb-755846ce0e46404ee8-5cfd549bf-wxkpg
  rank      : 0 (local_rank: 0)
  exitcode  : 1 (pid: 1253210)
  error_file: <N/A>
  traceback : To enable traceback see: https://pytorch.org/docs/stable/elastic/errors.html
============================================================
  ✗ eval p_1_2__1_3_seed1 exit=1 (card 0)

═ EVAL  p_1_2__1_3_seed4 (card 3) ═ 16:39:35
Traceback (most recent call last):
  File "<frozen runpy>", line 198, in _run_module_as_main
  File "<frozen runpy>", line 88, in _run_code
  File "/AI4S/Users/howardwang/h204/ecophys/ecomd/inference/run_large.py", line 167, in <module>
    main()
  File "/AI4S/Users/howardwang/h204/ecophys/ecomd/inference/run_large.py", line 103, in main
    traj = sim.run(n_steps=args.n_steps, seed=seed)
           ^^^^^^^^^^^^^^^^^^^^^^^^^^^^^^^^^^^^^^^^
  File "/root/miniconda3/envs/ecophys/lib/python3.12/site-packages/torch/utils/_contextlib.py", line 116, in decorate_context
    return func(*args, **kwargs)
           ^^^^^^^^^^^^^^^^^^^^^
  File "/AI4S/Users/howardwang/h204/ecophys/ecomd/models/ecomd.py", line 941, in run
    s_next, price_state, rec, h_regime, h_agent, h_global = self.step(
                                                            ^^^^^^^^^^
  File "/AI4S/Users/howardwang/h204/ecophys/ecomd/models/ecomd.py", line 528, in step
    f_cons = conservative_forces(
             ^^^^^^^^^^^^^^^^^^^^
  File "/AI4S/Users/howardwang/h204/ecophys/ecomd/models/potentials.py", line 518, in conservative_forces
    u = potential(s, context, u_global=u_global)
        ^^^^^^^^^^^^^^^^^^^^^^^^^^^^^^^^^^^^^^^^
  File "/root/miniconda3/envs/ecophys/lib/python3.12/site-packages/torch/nn/modules/module.py", line 1739, in _wrapped_call_impl
    return self._call_impl(*args, **kwargs)
           ^^^^^^^^^^^^^^^^^^^^^^^^^^^^^^^^
  File "/root/miniconda3/envs/ecophys/lib/python3.12/site-packages/torch/nn/modules/module.py", line 1750, in _call_impl
    return forward_call(*args, **kwargs)
           ^^^^^^^^^^^^^^^^^^^^^^^^^^^^^
  File "/AI4S/Users/howardwang/h204/ecophys/ecomd/models/potentials.py", line 492, in forward
    v_pair = self.pairwise(s, context=u_global)
             ^^^^^^^^^^^^^^^^^^^^^^^^^^^^^^^^^^
  File "/root/miniconda3/envs/ecophys/lib/python3.12/site-packages/torch/nn/modules/module.py", line 1739, in _wrapped_call_impl
    return self._call_impl(*args, **kwargs)
           ^^^^^^^^^^^^^^^^^^^^^^^^^^^^^^^^
  File "/root/miniconda3/envs/ecophys/lib/python3.12/site-packages/torch/nn/modules/module.py", line 1750, in _call_impl
    return forward_call(*args, **kwargs)
           ^^^^^^^^^^^^^^^^^^^^^^^^^^^^^
  File "/AI4S/Users/howardwang/h204/ecophys/ecomd/models/potentials.py", line 372, in forward
    phi = self._eval_kernel(inp_ij, inp_ji, src, dst)       # (E,)
          ^^^^^^^^^^^^^^^^^^^^^^^^^^^^^^^^^^^^^^^^^^^
  File "/AI4S/Users/howardwang/h204/ecophys/ecomd/models/potentials.py", line 347, in _eval_kernel
    phi_ij = (h_ij * w_ij).sum(dim=-1) + b_ij                # (E,)
              ~~~~~^~~~~~
torch.OutOfMemoryError: CUDA out of memory. Tried to allocate 184.00 MiB. GPU 0 has a total capacity of 95.08 GiB of which 174.31 MiB is free. Process 1244852 has 75.09 GiB memory in use. Including non-PyTorch memory, this process has 19.81 GiB memory in use. Of the allocated memory 18.89 GiB is allocated by PyTorch, and 439.77 MiB is reserved by PyTorch but unallocated. If reserved but unallocated memory is large try setting PYTORCH_CUDA_ALLOC_CONF=expandable_segments:True to avoid fragmentation.  See documentation for Memory Management  (https://pytorch.org/docs/stable/notes/cuda.html#environment-variables)
E0429 16:39:37.156000 1252945 site-packages/torch/distributed/elastic/multiprocessing/api.py:869] failed (exitcode: 1) local_rank: 0 (pid: 1253287) of binary: /root/miniconda3/envs/ecophys/bin/python3.12
Traceback (most recent call last):
  File "/root/miniconda3/envs/ecophys/bin/torchrun", line 6, in <module>
    sys.exit(main())
             ^^^^^^
  File "/root/miniconda3/envs/ecophys/lib/python3.12/site-packages/torch/distributed/elastic/multiprocessing/errors/__init__.py", line 355, in wrapper
    return f(*args, **kwargs)
           ^^^^^^^^^^^^^^^^^^
  File "/root/miniconda3/envs/ecophys/lib/python3.12/site-packages/torch/distributed/run.py", line 918, in main
    run(args)
  File "/root/miniconda3/envs/ecophys/lib/python3.12/site-packages/torch/distributed/run.py", line 909, in run
    elastic_launch(
  File "/root/miniconda3/envs/ecophys/lib/python3.12/site-packages/torch/distributed/launcher/api.py", line 138, in __call__
    return launch_agent(self._config, self._entrypoint, list(args))
           ^^^^^^^^^^^^^^^^^^^^^^^^^^^^^^^^^^^^^^^^^^^^^^^^^^^^^^^^
  File "/root/miniconda3/envs/ecophys/lib/python3.12/site-packages/torch/distributed/launcher/api.py", line 269, in launch_agent
    raise ChildFailedError(
torch.distributed.elastic.multiprocessing.errors.ChildFailedError: 
============================================================
ecomd.inference.run_large FAILED
------------------------------------------------------------
Failures:
  <NO_OTHER_FAILURES>
------------------------------------------------------------
Root Cause (first observed failure):
[0]:
  time      : 2026-04-29_16:39:37
  host      : nb-755846ce0e46404ee8-5cfd549bf-wxkpg
  rank      : 0 (local_rank: 0)
  exitcode  : 1 (pid: 1253287)
  error_file: <N/A>
  traceback : To enable traceback see: https://pytorch.org/docs/stable/elastic/errors.html
============================================================
  ✗ eval p_1_2__1_3_seed2 exit=1 (card 1)

═ EVAL  p_2_1__2_2_seed0 (card 4) ═ 16:39:37
2026-04-29 16:39:39,316 INFO inference_run_large [dist] world_size=1 cuda=True
2026-04-29 16:39:39,640 INFO inference_run_large loaded checkpoint iter=200 from /AI4S/Users/howardwang/h204/ecophys/experiments/043_arch_pairs/results_p_1_2__1_3_seed4/checkpoint.pt
2026-04-29 16:39:40,928 INFO inference_run_large [dist] world_size=1 cuda=True
2026-04-29 16:39:41,190 INFO inference_run_large loaded checkpoint iter=200 from /AI4S/Users/howardwang/h204/ecophys/experiments/043_arch_pairs/results_p_2_1__2_2_seed0/checkpoint.pt
2026-04-29 16:40:03,153 INFO inference_run_large [rank 0] rollout 4/4 seed=10003 took 44.8s
2026-04-29 16:40:03,156 INFO inference_run_large [rank 0] wrote /AI4S/Users/howardwang/h204/ecophys/experiments/043_arch_pairs/results_p_1_1__2_1_seed4/inference_rank_0.json
2026-04-29 16:40:03,160 INFO inference_run_large [rank 0] merged 4 rollouts → /AI4S/Users/howardwang/h204/ecophys/experiments/043_arch_pairs/results_p_1_1__2_1_seed4/inference_merged.json
  ✓ eval p_1_1__2_1_seed4 186s (card 6)

═ EVAL  p_2_1__2_2_seed1 (card 5) ═ 16:40:04
2026-04-29 16:40:05,661 INFO inference_run_large [rank 0] rollout 3/4 seed=10002 took 166.8s
2026-04-29 16:40:05,898 INFO inference_run_large [rank 0] rollout 3/4 seed=10002 took 167.6s
2026-04-29 16:40:06,200 INFO inference_run_large [rank 0] rollout 4/4 seed=10003 took 45.6s
2026-04-29 16:40:06,203 INFO inference_run_large [rank 0] wrote /AI4S/Users/howardwang/h204/ecophys/experiments/043_arch_pairs/results_p_1_1__2_1_seed3/inference_rank_0.json
2026-04-29 16:40:06,207 INFO inference_run_large [rank 0] merged 4 rollouts → /AI4S/Users/howardwang/h204/ecophys/experiments/043_arch_pairs/results_p_1_1__2_1_seed3/inference_merged.json
  ✓ eval p_1_1__2_1_seed3 190s (card 5)

═ EVAL  p_2_1__2_2_seed2 (card 6) ═ 16:40:07
2026-04-29 16:40:07,237 INFO inference_run_large [dist] world_size=1 cuda=True
2026-04-29 16:40:07,510 INFO inference_run_large loaded checkpoint iter=200 from /AI4S/Users/howardwang/h204/ecophys/experiments/043_arch_pairs/results_p_2_1__2_2_seed1/checkpoint.pt
2026-04-29 16:40:10,381 INFO inference_run_large [dist] world_size=1 cuda=True
2026-04-29 16:40:10,788 INFO inference_run_large loaded checkpoint iter=200 from /AI4S/Users/howardwang/h204/ecophys/experiments/043_arch_pairs/results_p_2_1__2_2_seed2/checkpoint.pt
2026-04-29 16:40:16,900 INFO inference_run_large [rank 0] rollout 2/4 seed=10001 took 96.3s
2026-04-29 16:40:26,621 INFO inference_run_large [rank 0] rollout 1/4 seed=10000 took 44.5s
2026-04-29 16:40:32,185 INFO inference_run_large [rank 0] rollout 2/4 seed=10001 took 96.4s
2026-04-29 16:40:53,690 INFO inference_run_large [rank 0] rollout 1/4 seed=10000 took 45.3s
2026-04-29 16:40:55,966 INFO inference_run_large [rank 0] rollout 1/4 seed=10000 took 44.3s
2026-04-29 16:41:10,724 INFO inference_run_large [rank 0] rollout 2/4 seed=10001 took 44.0s
2026-04-29 16:41:17,262 INFO inference_run_large [rank 0] rollout 1/4 seed=10000 took 96.7s
2026-04-29 16:41:38,262 INFO inference_run_large [rank 0] rollout 4/4 seed=10003 took 92.5s
2026-04-29 16:41:38,265 INFO inference_run_large [rank 0] wrote /AI4S/Users/howardwang/h204/ecophys/experiments/043_arch_pairs/results_p_1_1__1_3_seed3/inference_rank_0.json
2026-04-29 16:41:38,269 INFO inference_run_large [rank 0] merged 4 rollouts → /AI4S/Users/howardwang/h204/ecophys/experiments/043_arch_pairs/results_p_1_1__1_3_seed3/inference_merged.json
2026-04-29 16:41:38,298 INFO inference_run_large [rank 0] rollout 4/4 seed=10003 took 92.3s
2026-04-29 16:41:38,301 INFO inference_run_large [rank 0] wrote /AI4S/Users/howardwang/h204/ecophys/experiments/043_arch_pairs/results_p_1_1__1_3_seed4/inference_rank_0.json
2026-04-29 16:41:38,306 INFO inference_run_large [rank 0] merged 4 rollouts → /AI4S/Users/howardwang/h204/ecophys/experiments/043_arch_pairs/results_p_1_1__1_3_seed4/inference_merged.json
2026-04-29 16:41:38,638 INFO inference_run_large [rank 0] rollout 2/4 seed=10001 took 44.9s
  ✓ eval p_1_1__1_3_seed3 454s (card 0)

═ EVAL  p_2_1__2_2_seed3 (card 7) ═ 16:41:39
  ✓ eval p_1_1__1_3_seed4 454s (card 1)

═ EVAL  p_2_1__2_2_seed4 (card 0) ═ 16:41:39
2026-04-29 16:41:39,899 INFO inference_run_large [rank 0] rollout 2/4 seed=10001 took 43.9s
2026-04-29 16:41:42,595 INFO inference_run_large [dist] world_size=1 cuda=True
2026-04-29 16:41:43,033 INFO inference_run_large [dist] world_size=1 cuda=True
2026-04-29 16:41:43,399 INFO inference_run_large loaded checkpoint iter=200 from /AI4S/Users/howardwang/h204/ecophys/experiments/043_arch_pairs/results_p_2_1__2_2_seed4/checkpoint.pt
2026-04-29 16:41:43,404 INFO inference_run_large loaded checkpoint iter=200 from /AI4S/Users/howardwang/h204/ecophys/experiments/043_arch_pairs/results_p_2_1__2_2_seed3/checkpoint.pt
2026-04-29 16:41:54,829 INFO inference_run_large [rank 0] rollout 3/4 seed=10002 took 44.0s
2026-04-29 16:42:03,208 INFO inference_run_large [rank 0] rollout 3/4 seed=10002 took 106.2s
2026-04-29 16:42:08,808 INFO inference_run_large [rank 0] rollout 3/4 seed=10002 took 96.5s
2026-04-29 16:42:23,633 INFO inference_run_large [rank 0] rollout 3/4 seed=10002 took 44.9s
2026-04-29 16:42:23,823 INFO inference_run_large [rank 0] rollout 3/4 seed=10002 took 43.8s
2026-04-29 16:42:28,754 INFO inference_run_large [rank 0] rollout 1/4 seed=10000 took 44.5s
2026-04-29 16:42:38,990 INFO inference_run_large [rank 0] rollout 4/4 seed=10003 took 44.1s
2026-04-29 16:42:38,993 INFO inference_run_large [rank 0] wrote /AI4S/Users/howardwang/h204/ecophys/experiments/043_arch_pairs/results_p_2_1__2_2_seed0/inference_rank_0.json
2026-04-29 16:42:38,997 INFO inference_run_large [rank 0] merged 4 rollouts → /AI4S/Users/howardwang/h204/ecophys/experiments/043_arch_pairs/results_p_2_1__2_2_seed0/inference_merged.json
  ✓ eval p_2_1__2_2_seed0 182s (card 4)

═ EVAL  p_3_1__1_3_seed0 (card 1) ═ 16:42:39
2026-04-29 16:42:43,267 INFO inference_run_large [dist] world_size=1 cuda=True
2026-04-29 16:42:43,529 INFO inference_run_large loaded checkpoint iter=200 from /AI4S/Users/howardwang/h204/ecophys/experiments/043_arch_pairs/results_p_3_1__1_3_seed0/checkpoint.pt
Traceback (most recent call last):
  File "<frozen runpy>", line 198, in _run_module_as_main
  File "<frozen runpy>", line 88, in _run_code
  File "/AI4S/Users/howardwang/h204/ecophys/ecomd/inference/run_large.py", line 167, in <module>
    main()
  File "/AI4S/Users/howardwang/h204/ecophys/ecomd/inference/run_large.py", line 103, in main
    traj = sim.run(n_steps=args.n_steps, seed=seed)
           ^^^^^^^^^^^^^^^^^^^^^^^^^^^^^^^^^^^^^^^^
  File "/root/miniconda3/envs/ecophys/lib/python3.12/site-packages/torch/utils/_contextlib.py", line 116, in decorate_context
    return func(*args, **kwargs)
           ^^^^^^^^^^^^^^^^^^^^^
  File "/AI4S/Users/howardwang/h204/ecophys/ecomd/models/ecomd.py", line 941, in run
    s_next, price_state, rec, h_regime, h_agent, h_global = self.step(
                                                            ^^^^^^^^^^
  File "/AI4S/Users/howardwang/h204/ecophys/ecomd/models/ecomd.py", line 528, in step
    f_cons = conservative_forces(
             ^^^^^^^^^^^^^^^^^^^^
  File "/AI4S/Users/howardwang/h204/ecophys/ecomd/models/potentials.py", line 519, in conservative_forces
    (grad_s,) = torch.autograd.grad(u, s, create_graph=create_graph)
                ^^^^^^^^^^^^^^^^^^^^^^^^^^^^^^^^^^^^^^^^^^^^^^^^^^^^
  File "/root/miniconda3/envs/ecophys/lib/python3.12/site-packages/torch/autograd/__init__.py", line 496, in grad
    result = _engine_run_backward(
             ^^^^^^^^^^^^^^^^^^^^^
  File "/root/miniconda3/envs/ecophys/lib/python3.12/site-packages/torch/autograd/graph.py", line 823, in _engine_run_backward
    return Variable._execution_engine.run_backward(  # Calls into the C++ engine to run the backward pass
           ^^^^^^^^^^^^^^^^^^^^^^^^^^^^^^^^^^^^^^^^^^^^^^^^^^^^^^^^^^^^^^^^^^^^^^^^^^^^^^^^^^^^^^^^^^^^^^
torch.OutOfMemoryError: CUDA out of memory. Tried to allocate 184.00 MiB. GPU 0 has a total capacity of 95.08 GiB of which 12.31 MiB is free. Process 1252383 has 75.42 GiB memory in use. Including non-PyTorch memory, this process has 19.64 GiB memory in use. Of the allocated memory 18.66 GiB is allocated by PyTorch, and 500.69 MiB is reserved by PyTorch but unallocated. If reserved but unallocated memory is large try setting PYTORCH_CUDA_ALLOC_CONF=expandable_segments:True to avoid fragmentation.  See documentation for Memory Management  (https://pytorch.org/docs/stable/notes/cuda.html#environment-variables)
E0429 16:42:53.411000 1264157 site-packages/torch/distributed/elastic/multiprocessing/api.py:869] failed (exitcode: 1) local_rank: 0 (pid: 1264384) of binary: /root/miniconda3/envs/ecophys/bin/python3.12
Traceback (most recent call last):
  File "/root/miniconda3/envs/ecophys/bin/torchrun", line 6, in <module>
    sys.exit(main())
             ^^^^^^
  File "/root/miniconda3/envs/ecophys/lib/python3.12/site-packages/torch/distributed/elastic/multiprocessing/errors/__init__.py", line 355, in wrapper
    return f(*args, **kwargs)
           ^^^^^^^^^^^^^^^^^^
  File "/root/miniconda3/envs/ecophys/lib/python3.12/site-packages/torch/distributed/run.py", line 918, in main
    run(args)
  File "/root/miniconda3/envs/ecophys/lib/python3.12/site-packages/torch/distributed/run.py", line 909, in run
    elastic_launch(
  File "/root/miniconda3/envs/ecophys/lib/python3.12/site-packages/torch/distributed/launcher/api.py", line 138, in __call__
    return launch_agent(self._config, self._entrypoint, list(args))
           ^^^^^^^^^^^^^^^^^^^^^^^^^^^^^^^^^^^^^^^^^^^^^^^^^^^^^^^^
  File "/root/miniconda3/envs/ecophys/lib/python3.12/site-packages/torch/distributed/launcher/api.py", line 269, in launch_agent
    raise ChildFailedError(
torch.distributed.elastic.multiprocessing.errors.ChildFailedError: 
============================================================
ecomd.inference.run_large FAILED
------------------------------------------------------------
Failures:
  <NO_OTHER_FAILURES>
------------------------------------------------------------
Root Cause (first observed failure):
[0]:
  time      : 2026-04-29_16:42:53
  host      : nb-755846ce0e46404ee8-5cfd549bf-wxkpg
  rank      : 0 (local_rank: 0)
  exitcode  : 1 (pid: 1264384)
  error_file: <N/A>
  traceback : To enable traceback see: https://pytorch.org/docs/stable/elastic/errors.html
============================================================
2026-04-29 16:42:53,578 INFO inference_run_large [rank 0] rollout 2/4 seed=10001 took 96.2s
  ✗ eval p_2_1__2_2_seed3 exit=1 (card 7)

═ EVAL  p_3_1__1_3_seed1 (card 2) ═ 16:42:53
2026-04-29 16:42:56,646 INFO inference_run_large [dist] world_size=1 cuda=True
2026-04-29 16:42:57,079 INFO inference_run_large loaded checkpoint iter=200 from /AI4S/Users/howardwang/h204/ecophys/experiments/043_arch_pairs/results_p_3_1__1_3_seed1/checkpoint.pt
2026-04-29 16:42:58,047 INFO inference_run_large [rank 0] rollout 1/4 seed=10000 took 13.5s
2026-04-29 16:43:07,843 INFO inference_run_large [rank 0] rollout 4/4 seed=10003 took 43.9s
2026-04-29 16:43:07,846 INFO inference_run_large [rank 0] wrote /AI4S/Users/howardwang/h204/ecophys/experiments/043_arch_pairs/results_p_2_1__2_2_seed2/inference_rank_0.json
2026-04-29 16:43:07,850 INFO inference_run_large [rank 0] merged 4 rollouts → /AI4S/Users/howardwang/h204/ecophys/experiments/043_arch_pairs/results_p_2_1__2_2_seed2/inference_merged.json
  ✓ eval p_2_1__2_2_seed2 181s (card 6)

═ EVAL  p_3_1__1_3_seed2 (card 3) ═ 16:43:08
2026-04-29 16:43:08,765 INFO inference_run_large [rank 0] rollout 4/4 seed=10003 took 45.1s
2026-04-29 16:43:08,768 INFO inference_run_large [rank 0] wrote /AI4S/Users/howardwang/h204/ecophys/experiments/043_arch_pairs/results_p_2_1__2_2_seed1/inference_rank_0.json
2026-04-29 16:43:08,774 INFO inference_run_large [rank 0] merged 4 rollouts → /AI4S/Users/howardwang/h204/ecophys/experiments/043_arch_pairs/results_p_2_1__2_2_seed1/inference_merged.json
  ✓ eval p_2_1__2_2_seed1 185s (card 5)

═ EVAL  p_3_1__1_3_seed3 (card 4) ═ 16:43:09
Traceback (most recent call last):
  File "<frozen runpy>", line 198, in _run_module_as_main
  File "<frozen runpy>", line 88, in _run_code
  File "/AI4S/Users/howardwang/h204/ecophys/ecomd/inference/run_large.py", line 167, in <module>
    main()
  File "/AI4S/Users/howardwang/h204/ecophys/ecomd/inference/run_large.py", line 103, in main
    traj = sim.run(n_steps=args.n_steps, seed=seed)
           ^^^^^^^^^^^^^^^^^^^^^^^^^^^^^^^^^^^^^^^^
  File "/root/miniconda3/envs/ecophys/lib/python3.12/site-packages/torch/utils/_contextlib.py", line 116, in decorate_context
    return func(*args, **kwargs)
           ^^^^^^^^^^^^^^^^^^^^^
  File "/AI4S/Users/howardwang/h204/ecophys/ecomd/models/ecomd.py", line 941, in run
    s_next, price_state, rec, h_regime, h_agent, h_global = self.step(
                                                            ^^^^^^^^^^
  File "/AI4S/Users/howardwang/h204/ecophys/ecomd/models/ecomd.py", line 528, in step
    f_cons = conservative_forces(
             ^^^^^^^^^^^^^^^^^^^^
  File "/AI4S/Users/howardwang/h204/ecophys/ecomd/models/potentials.py", line 518, in conservative_forces
    u = potential(s, context, u_global=u_global)
        ^^^^^^^^^^^^^^^^^^^^^^^^^^^^^^^^^^^^^^^^
  File "/root/miniconda3/envs/ecophys/lib/python3.12/site-packages/torch/nn/modules/module.py", line 1739, in _wrapped_call_impl
    return self._call_impl(*args, **kwargs)
           ^^^^^^^^^^^^^^^^^^^^^^^^^^^^^^^^
  File "/root/miniconda3/envs/ecophys/lib/python3.12/site-packages/torch/nn/modules/module.py", line 1750, in _call_impl
    return forward_call(*args, **kwargs)
           ^^^^^^^^^^^^^^^^^^^^^^^^^^^^^
  File "/AI4S/Users/howardwang/h204/ecophys/ecomd/models/potentials.py", line 493, in forward
    v_ext = self.external(s, context)
            ^^^^^^^^^^^^^^^^^^^^^^^^^
  File "/root/miniconda3/envs/ecophys/lib/python3.12/site-packages/torch/nn/modules/module.py", line 1739, in _wrapped_call_impl
    return self._call_impl(*args, **kwargs)
           ^^^^^^^^^^^^^^^^^^^^^^^^^^^^^^^^
  File "/root/miniconda3/envs/ecophys/lib/python3.12/site-packages/torch/nn/modules/module.py", line 1750, in _call_impl
    return forward_call(*args, **kwargs)
           ^^^^^^^^^^^^^^^^^^^^^^^^^^^^^
  File "/AI4S/Users/howardwang/h204/ecophys/ecomd/models/potentials.py", line 437, in forward
    psi = self.net(inp).squeeze(-1)
          ^^^^^^^^^^^^^
  File "/root/miniconda3/envs/ecophys/lib/python3.12/site-packages/torch/nn/modules/module.py", line 1739, in _wrapped_call_impl
    return self._call_impl(*args, **kwargs)
           ^^^^^^^^^^^^^^^^^^^^^^^^^^^^^^^^
  File "/root/miniconda3/envs/ecophys/lib/python3.12/site-packages/torch/nn/modules/module.py", line 1750, in _call_impl
    return forward_call(*args, **kwargs)
           ^^^^^^^^^^^^^^^^^^^^^^^^^^^^^
  File "/root/miniconda3/envs/ecophys/lib/python3.12/site-packages/torch/nn/modules/container.py", line 250, in forward
    input = module(input)
            ^^^^^^^^^^^^^
  File "/root/miniconda3/envs/ecophys/lib/python3.12/site-packages/torch/nn/modules/module.py", line 1739, in _wrapped_call_impl
    return self._call_impl(*args, **kwargs)
           ^^^^^^^^^^^^^^^^^^^^^^^^^^^^^^^^
  File "/root/miniconda3/envs/ecophys/lib/python3.12/site-packages/torch/nn/modules/module.py", line 1750, in _call_impl
    return forward_call(*args, **kwargs)
           ^^^^^^^^^^^^^^^^^^^^^^^^^^^^^
  File "/root/miniconda3/envs/ecophys/lib/python3.12/site-packages/torch/nn/modules/activation.py", line 432, in forward
    return F.silu(input, inplace=self.inplace)
           ^^^^^^^^^^^^^^^^^^^^^^^^^^^^^^^^^^^
  File "/root/miniconda3/envs/ecophys/lib/python3.12/site-packages/torch/nn/functional.py", line 2380, in silu
    return torch._C._nn.silu(input)
           ^^^^^^^^^^^^^^^^^^^^^^^^
torch.OutOfMemoryError: CUDA out of memory. Tried to allocate 20.00 MiB. GPU 0 has a total capacity of 95.08 GiB of which 10.31 MiB is free. Process 1253417 has 75.42 GiB memory in use. Including non-PyTorch memory, this process has 19.64 GiB memory in use. Of the allocated memory 19.14 GiB is allocated by PyTorch, and 12.77 MiB is reserved by PyTorch but unallocated. If reserved but unallocated memory is large try setting PYTORCH_CUDA_ALLOC_CONF=expandable_segments:True to avoid fragmentation.  See documentation for Memory Management  (https://pytorch.org/docs/stable/notes/cuda.html#environment-variables)
2026-04-29 16:43:11,276 INFO inference_run_large [rank 0] rollout 2/4 seed=10001 took 13.1s
E0429 16:43:11.302000 1267402 site-packages/torch/distributed/elastic/multiprocessing/api.py:869] failed (exitcode: 1) local_rank: 0 (pid: 1267540) of binary: /root/miniconda3/envs/ecophys/bin/python3.12
Traceback (most recent call last):
  File "/root/miniconda3/envs/ecophys/bin/torchrun", line 6, in <module>
    sys.exit(main())
             ^^^^^^
  File "/root/miniconda3/envs/ecophys/lib/python3.12/site-packages/torch/distributed/elastic/multiprocessing/errors/__init__.py", line 355, in wrapper
    return f(*args, **kwargs)
           ^^^^^^^^^^^^^^^^^^
  File "/root/miniconda3/envs/ecophys/lib/python3.12/site-packages/torch/distributed/run.py", line 918, in main
    run(args)
  File "/root/miniconda3/envs/ecophys/lib/python3.12/site-packages/torch/distributed/run.py", line 909, in run
    elastic_launch(
  File "/root/miniconda3/envs/ecophys/lib/python3.12/site-packages/torch/distributed/launcher/api.py", line 138, in __call__
    return launch_agent(self._config, self._entrypoint, list(args))
           ^^^^^^^^^^^^^^^^^^^^^^^^^^^^^^^^^^^^^^^^^^^^^^^^^^^^^^^^
  File "/root/miniconda3/envs/ecophys/lib/python3.12/site-packages/torch/distributed/launcher/api.py", line 269, in launch_agent
    raise ChildFailedError(
torch.distributed.elastic.multiprocessing.errors.ChildFailedError: 
============================================================
ecomd.inference.run_large FAILED
------------------------------------------------------------
Failures:
  <NO_OTHER_FAILURES>
------------------------------------------------------------
Root Cause (first observed failure):
[0]:
  time      : 2026-04-29_16:43:11
  host      : nb-755846ce0e46404ee8-5cfd549bf-wxkpg
  rank      : 0 (local_rank: 0)
  exitcode  : 1 (pid: 1267540)
  error_file: <N/A>
  traceback : To enable traceback see: https://pytorch.org/docs/stable/elastic/errors.html
============================================================
  ✗ eval p_3_1__1_3_seed1 exit=1 (card 2)

═ EVAL  p_3_1__1_3_seed4 (card 5) ═ 16:43:11
2026-04-29 16:43:11,831 INFO inference_run_large [dist] world_size=1 cuda=True
2026-04-29 16:43:12,300 INFO inference_run_large loaded checkpoint iter=200 from /AI4S/Users/howardwang/h204/ecophys/experiments/043_arch_pairs/results_p_3_1__1_3_seed2/checkpoint.pt
2026-04-29 16:43:13,009 INFO inference_run_large [rank 0] rollout 2/4 seed=10001 took 44.2s
2026-04-29 16:43:13,301 INFO inference_run_large [dist] world_size=1 cuda=True
2026-04-29 16:43:13,572 INFO inference_run_large loaded checkpoint iter=200 from /AI4S/Users/howardwang/h204/ecophys/experiments/043_arch_pairs/results_p_3_1__1_3_seed3/checkpoint.pt
2026-04-29 16:43:14,869 INFO inference_run_large [dist] world_size=1 cuda=True
2026-04-29 16:43:15,144 INFO inference_run_large loaded checkpoint iter=200 from /AI4S/Users/howardwang/h204/ecophys/experiments/043_arch_pairs/results_p_3_1__1_3_seed4/checkpoint.pt
2026-04-29 16:43:24,265 INFO inference_run_large [rank 0] rollout 3/4 seed=10002 took 12.9s
Traceback (most recent call last):
  File "<frozen runpy>", line 198, in _run_module_as_main
  File "<frozen runpy>", line 88, in _run_code
  File "/AI4S/Users/howardwang/h204/ecophys/ecomd/inference/run_large.py", line 167, in <module>
    main()
  File "/AI4S/Users/howardwang/h204/ecophys/ecomd/inference/run_large.py", line 103, in main
    traj = sim.run(n_steps=args.n_steps, seed=seed)
           ^^^^^^^^^^^^^^^^^^^^^^^^^^^^^^^^^^^^^^^^
  File "/root/miniconda3/envs/ecophys/lib/python3.12/site-packages/torch/utils/_contextlib.py", line 116, in decorate_context
    return func(*args, **kwargs)
           ^^^^^^^^^^^^^^^^^^^^^
  File "/AI4S/Users/howardwang/h204/ecophys/ecomd/models/ecomd.py", line 941, in run
    s_next, price_state, rec, h_regime, h_agent, h_global = self.step(
                                                            ^^^^^^^^^^
  File "/AI4S/Users/howardwang/h204/ecophys/ecomd/models/ecomd.py", line 528, in step
    f_cons = conservative_forces(
             ^^^^^^^^^^^^^^^^^^^^
  File "/AI4S/Users/howardwang/h204/ecophys/ecomd/models/potentials.py", line 518, in conservative_forces
    u = potential(s, context, u_global=u_global)
        ^^^^^^^^^^^^^^^^^^^^^^^^^^^^^^^^^^^^^^^^
  File "/root/miniconda3/envs/ecophys/lib/python3.12/site-packages/torch/nn/modules/module.py", line 1739, in _wrapped_call_impl
    return self._call_impl(*args, **kwargs)
           ^^^^^^^^^^^^^^^^^^^^^^^^^^^^^^^^
  File "/root/miniconda3/envs/ecophys/lib/python3.12/site-packages/torch/nn/modules/module.py", line 1750, in _call_impl
    return forward_call(*args, **kwargs)
           ^^^^^^^^^^^^^^^^^^^^^^^^^^^^^
  File "/AI4S/Users/howardwang/h204/ecophys/ecomd/models/potentials.py", line 493, in forward
    v_ext = self.external(s, context)
            ^^^^^^^^^^^^^^^^^^^^^^^^^
  File "/root/miniconda3/envs/ecophys/lib/python3.12/site-packages/torch/nn/modules/module.py", line 1739, in _wrapped_call_impl
    return self._call_impl(*args, **kwargs)
           ^^^^^^^^^^^^^^^^^^^^^^^^^^^^^^^^
  File "/root/miniconda3/envs/ecophys/lib/python3.12/site-packages/torch/nn/modules/module.py", line 1750, in _call_impl
    return forward_call(*args, **kwargs)
           ^^^^^^^^^^^^^^^^^^^^^^^^^^^^^
  File "/AI4S/Users/howardwang/h204/ecophys/ecomd/models/potentials.py", line 437, in forward
    psi = self.net(inp).squeeze(-1)
          ^^^^^^^^^^^^^
  File "/root/miniconda3/envs/ecophys/lib/python3.12/site-packages/torch/nn/modules/module.py", line 1739, in _wrapped_call_impl
    return self._call_impl(*args, **kwargs)
           ^^^^^^^^^^^^^^^^^^^^^^^^^^^^^^^^
  File "/root/miniconda3/envs/ecophys/lib/python3.12/site-packages/torch/nn/modules/module.py", line 1750, in _call_impl
    return forward_call(*args, **kwargs)
           ^^^^^^^^^^^^^^^^^^^^^^^^^^^^^
  File "/root/miniconda3/envs/ecophys/lib/python3.12/site-packages/torch/nn/modules/container.py", line 250, in forward
    input = module(input)
            ^^^^^^^^^^^^^
  File "/root/miniconda3/envs/ecophys/lib/python3.12/site-packages/torch/nn/modules/module.py", line 1739, in _wrapped_call_impl
    return self._call_impl(*args, **kwargs)
           ^^^^^^^^^^^^^^^^^^^^^^^^^^^^^^^^
  File "/root/miniconda3/envs/ecophys/lib/python3.12/site-packages/torch/nn/modules/module.py", line 1750, in _call_impl
    return forward_call(*args, **kwargs)
           ^^^^^^^^^^^^^^^^^^^^^^^^^^^^^
  File "/root/miniconda3/envs/ecophys/lib/python3.12/site-packages/torch/nn/modules/activation.py", line 432, in forward
    return F.silu(input, inplace=self.inplace)
           ^^^^^^^^^^^^^^^^^^^^^^^^^^^^^^^^^^^
  File "/root/miniconda3/envs/ecophys/lib/python3.12/site-packages/torch/nn/functional.py", line 2380, in silu
    return torch._C._nn.silu(input)
           ^^^^^^^^^^^^^^^^^^^^^^^^
torch.OutOfMemoryError: CUDA out of memory. Tried to allocate 20.00 MiB. GPU 0 has a total capacity of 95.08 GiB of which 10.31 MiB is free. Process 1258959 has 75.42 GiB memory in use. Including non-PyTorch memory, this process has 19.64 GiB memory in use. Of the allocated memory 19.14 GiB is allocated by PyTorch, and 12.77 MiB is reserved by PyTorch but unallocated. If reserved but unallocated memory is large try setting PYTORCH_CUDA_ALLOC_CONF=expandable_segments:True to avoid fragmentation.  See documentation for Memory Management  (https://pytorch.org/docs/stable/notes/cuda.html#environment-variables)
E0429 16:43:27.082000 1268124 site-packages/torch/distributed/elastic/multiprocessing/api.py:869] failed (exitcode: 1) local_rank: 0 (pid: 1268288) of binary: /root/miniconda3/envs/ecophys/bin/python3.12
Traceback (most recent call last):
  File "/root/miniconda3/envs/ecophys/bin/torchrun", line 6, in <module>
    sys.exit(main())
             ^^^^^^
  File "/root/miniconda3/envs/ecophys/lib/python3.12/site-packages/torch/distributed/elastic/multiprocessing/errors/__init__.py", line 355, in wrapper
    return f(*args, **kwargs)
           ^^^^^^^^^^^^^^^^^^
  File "/root/miniconda3/envs/ecophys/lib/python3.12/site-packages/torch/distributed/run.py", line 918, in main
    run(args)
  File "/root/miniconda3/envs/ecophys/lib/python3.12/site-packages/torch/distributed/run.py", line 909, in run
    elastic_launch(
  File "/root/miniconda3/envs/ecophys/lib/python3.12/site-packages/torch/distributed/launcher/api.py", line 138, in __call__
    return launch_agent(self._config, self._entrypoint, list(args))
           ^^^^^^^^^^^^^^^^^^^^^^^^^^^^^^^^^^^^^^^^^^^^^^^^^^^^^^^^
  File "/root/miniconda3/envs/ecophys/lib/python3.12/site-packages/torch/distributed/launcher/api.py", line 269, in launch_agent
    raise ChildFailedError(
torch.distributed.elastic.multiprocessing.errors.ChildFailedError: 
============================================================
ecomd.inference.run_large FAILED
------------------------------------------------------------
Failures:
  <NO_OTHER_FAILURES>
------------------------------------------------------------
Root Cause (first observed failure):
[0]:
  time      : 2026-04-29_16:43:27
  host      : nb-755846ce0e46404ee8-5cfd549bf-wxkpg
  rank      : 0 (local_rank: 0)
  exitcode  : 1 (pid: 1268288)
  error_file: <N/A>
  traceback : To enable traceback see: https://pytorch.org/docs/stable/elastic/errors.html
============================================================
  ✗ eval p_3_1__1_3_seed2 exit=1 (card 3)
2026-04-29 16:43:28,987 INFO inference_run_large [rank 0] rollout 1/4 seed=10000 took 14.5s
2026-04-29 16:43:29,809 INFO inference_run_large [rank 0] rollout 1/4 seed=10000 took 13.8s
2026-04-29 16:43:37,094 INFO inference_run_large [rank 0] rollout 4/4 seed=10003 took 12.7s
2026-04-29 16:43:37,097 INFO inference_run_large [rank 0] wrote /AI4S/Users/howardwang/h204/ecophys/experiments/043_arch_pairs/results_p_3_1__1_3_seed0/inference_rank_0.json
2026-04-29 16:43:37,101 INFO inference_run_large [rank 0] merged 4 rollouts → /AI4S/Users/howardwang/h204/ecophys/experiments/043_arch_pairs/results_p_3_1__1_3_seed0/inference_merged.json
  ✓ eval p_3_1__1_3_seed0 59s (card 1)
2026-04-29 16:43:41,871 INFO inference_run_large [rank 0] rollout 2/4 seed=10001 took 12.8s
2026-04-29 16:43:42,459 INFO inference_run_large [rank 0] rollout 2/4 seed=10001 took 12.6s
2026-04-29 16:43:51,819 INFO inference_run_large [rank 0] rollout 4/4 seed=10003 took 102.9s
2026-04-29 16:43:51,822 INFO inference_run_large [rank 0] wrote /AI4S/Users/howardwang/h204/ecophys/experiments/043_arch_pairs/results_p_1_2__1_3_seed3/inference_rank_0.json
2026-04-29 16:43:51,826 INFO inference_run_large [rank 0] merged 4 rollouts → /AI4S/Users/howardwang/h204/ecophys/experiments/043_arch_pairs/results_p_1_2__1_3_seed3/inference_merged.json
  ✓ eval p_1_2__1_3_seed3 399s (card 2)
2026-04-29 16:43:54,841 INFO inference_run_large [rank 0] rollout 3/4 seed=10002 took 12.9s
2026-04-29 16:43:55,360 INFO inference_run_large [rank 0] rollout 3/4 seed=10002 took 12.8s
2026-04-29 16:43:57,366 INFO inference_run_large [rank 0] rollout 3/4 seed=10002 took 44.3s
2026-04-29 16:44:05,181 INFO inference_run_large [rank 0] rollout 4/4 seed=10003 took 121.9s
2026-04-29 16:44:05,184 INFO inference_run_large [rank 0] wrote /AI4S/Users/howardwang/h204/ecophys/experiments/043_arch_pairs/results_p_1_2__1_3_seed0/inference_rank_0.json
2026-04-29 16:44:05,188 INFO inference_run_large [rank 0] merged 4 rollouts → /AI4S/Users/howardwang/h204/ecophys/experiments/043_arch_pairs/results_p_1_2__1_3_seed0/inference_merged.json
  ✓ eval p_1_2__1_3_seed0 429s (card 7)
2026-04-29 16:44:07,679 INFO inference_run_large [rank 0] rollout 4/4 seed=10003 took 12.7s
2026-04-29 16:44:07,682 INFO inference_run_large [rank 0] wrote /AI4S/Users/howardwang/h204/ecophys/experiments/043_arch_pairs/results_p_3_1__1_3_seed3/inference_rank_0.json
2026-04-29 16:44:07,686 INFO inference_run_large [rank 0] merged 4 rollouts → /AI4S/Users/howardwang/h204/ecophys/experiments/043_arch_pairs/results_p_3_1__1_3_seed3/inference_merged.json
2026-04-29 16:44:08,096 INFO inference_run_large [rank 0] rollout 4/4 seed=10003 took 12.6s
2026-04-29 16:44:08,100 INFO inference_run_large [rank 0] wrote /AI4S/Users/howardwang/h204/ecophys/experiments/043_arch_pairs/results_p_3_1__1_3_seed4/inference_rank_0.json
2026-04-29 16:44:08,104 INFO inference_run_large [rank 0] merged 4 rollouts → /AI4S/Users/howardwang/h204/ecophys/experiments/043_arch_pairs/results_p_3_1__1_3_seed4/inference_merged.json
  ✓ eval p_3_1__1_3_seed3 59s (card 4)
  ✓ eval p_3_1__1_3_seed4 58s (card 5)
2026-04-29 16:44:36,328 INFO inference_run_large [rank 0] rollout 3/4 seed=10002 took 102.7s
2026-04-29 16:44:41,859 INFO inference_run_large [rank 0] rollout 4/4 seed=10003 took 44.4s
2026-04-29 16:44:41,862 INFO inference_run_large [rank 0] wrote /AI4S/Users/howardwang/h204/ecophys/experiments/043_arch_pairs/results_p_2_1__2_2_seed4/inference_rank_0.json
2026-04-29 16:44:41,866 INFO inference_run_large [rank 0] merged 4 rollouts → /AI4S/Users/howardwang/h204/ecophys/experiments/043_arch_pairs/results_p_2_1__2_2_seed4/inference_merged.json
  ✓ eval p_2_1__2_2_seed4 183s (card 0)
2026-04-29 16:46:12,611 INFO inference_run_large [rank 0] rollout 4/4 seed=10003 took 96.2s
2026-04-29 16:46:12,615 INFO inference_run_large [rank 0] wrote /AI4S/Users/howardwang/h204/ecophys/experiments/043_arch_pairs/results_p_1_2__1_3_seed4/inference_rank_0.json
2026-04-29 16:46:12,618 INFO inference_run_large [rank 0] merged 4 rollouts → /AI4S/Users/howardwang/h204/ecophys/experiments/043_arch_pairs/results_p_1_2__1_3_seed4/inference_merged.json
  ✓ eval p_1_2__1_3_seed4 398s (card 3)

═══ DONE — Wed Apr 29 04:46:13 PM CST 2026 ═══
