═══ PHASE RUN — Tue Apr 28 07:26:39 PM CST 2026 ═══
  CONFIG_DIR=experiments/043_arch_pairs NPROC=1 PARALLEL=8 SKIP_DONE=1
  Configs: 30

═ TRAIN p_1_1__1_2_seed0 (card 0) ═ 19:26:39

═ TRAIN p_1_1__1_2_seed1 (card 1) ═ 19:26:39

═ TRAIN p_1_1__1_2_seed2 (card 2) ═ 19:26:39

═ TRAIN p_1_1__1_2_seed3 (card 3) ═ 19:26:39

═ TRAIN p_1_1__1_2_seed4 (card 4) ═ 19:26:39

═ TRAIN p_1_1__1_3_seed0 (card 5) ═ 19:26:39

═ TRAIN p_1_1__1_3_seed1 (card 6) ═ 19:26:39

═ TRAIN p_1_1__1_3_seed2 (card 7) ═ 19:26:39
2026-04-28 19:26:45,135 INFO train_distributed [dist] rank=0 world_size=1 local_rank=0 cuda_available=True
2026-04-28 19:26:45,181 INFO train_distributed loaded 2,841 returns for spx/2015-2026_daily
2026-04-28 19:26:45,201 INFO train_distributed targets: acf_sq=0.342 leverage_sum=-0.790 hill_alpha=2.68
2026-04-28 19:26:45,666 INFO train_distributed [dist] rank=0 world_size=1 local_rank=0 cuda_available=True
2026-04-28 19:26:45,710 INFO train_distributed loaded 2,841 returns for spx/2015-2026_daily
2026-04-28 19:26:45,718 INFO train_distributed targets: acf_sq=0.342 leverage_sum=-0.790 hill_alpha=2.68
2026-04-28 19:26:45,991 INFO train_distributed [dist] rank=0 world_size=1 local_rank=0 cuda_available=True
2026-04-28 19:26:46,035 INFO train_distributed loaded 2,841 returns for spx/2015-2026_daily
2026-04-28 19:26:46,043 INFO train_distributed targets: acf_sq=0.342 leverage_sum=-0.790 hill_alpha=2.68
2026-04-28 19:26:46,330 INFO train_distributed [dist] rank=0 world_size=1 local_rank=0 cuda_available=True
2026-04-28 19:26:46,375 INFO train_distributed loaded 2,841 returns for spx/2015-2026_daily
2026-04-28 19:26:46,382 INFO train_distributed targets: acf_sq=0.342 leverage_sum=-0.790 hill_alpha=2.68
2026-04-28 19:26:46,677 INFO train_distributed [dist] rank=0 world_size=1 local_rank=0 cuda_available=True
2026-04-28 19:26:46,721 INFO train_distributed loaded 2,841 returns for spx/2015-2026_daily
2026-04-28 19:26:46,728 INFO train_distributed targets: acf_sq=0.342 leverage_sum=-0.790 hill_alpha=2.68
2026-04-28 19:26:47,093 INFO train_distributed [dist] rank=0 world_size=1 local_rank=0 cuda_available=True
2026-04-28 19:26:47,138 INFO train_distributed loaded 2,841 returns for spx/2015-2026_daily
2026-04-28 19:26:47,146 INFO train_distributed targets: acf_sq=0.342 leverage_sum=-0.790 hill_alpha=2.68
2026-04-28 19:26:47,514 INFO train_distributed [dist] rank=0 world_size=1 local_rank=0 cuda_available=True
2026-04-28 19:26:47,559 INFO train_distributed loaded 2,841 returns for spx/2015-2026_daily
2026-04-28 19:26:47,566 INFO train_distributed targets: acf_sq=0.342 leverage_sum=-0.790 hill_alpha=2.68
2026-04-28 19:26:47,971 INFO train_distributed [dist] rank=0 world_size=1 local_rank=0 cuda_available=True
2026-04-28 19:26:48,016 INFO train_distributed loaded 2,841 returns for spx/2015-2026_daily
2026-04-28 19:26:48,023 INFO train_distributed targets: acf_sq=0.342 leverage_sum=-0.790 hill_alpha=2.68
2026-04-28 19:26:48,649 INFO train_distributed EcoMDSimulator built: 35863 parameters (device=cuda:0)
2026-04-28 19:26:48,681 INFO train_distributed EcoMDSimulator built: 35863 parameters (device=cuda:0)
2026-04-28 19:26:48,713 INFO train_distributed EcoMDSimulator built: 34600 parameters (device=cuda:0)
2026-04-28 19:26:48,713 INFO train_distributed EcoMDSimulator built: 35863 parameters (device=cuda:0)
2026-04-28 19:26:48,713 INFO train_distributed EcoMDSimulator built: 35863 parameters (device=cuda:0)
2026-04-28 19:26:48,722 INFO train_distributed EcoMDSimulator built: 34600 parameters (device=cuda:0)
2026-04-28 19:26:48,724 INFO train_distributed EcoMDSimulator built: 34600 parameters (device=cuda:0)
2026-04-28 19:26:48,825 INFO train_distributed EcoMDSimulator built: 35863 parameters (device=cuda:0)
2026-04-28 19:26:51,300 INFO train_distributed it=   0 lr=1.00e-04 loss_world=2.2843 |∇|=4.23e+03 γ=1.000 T=0.0500
2026-04-28 19:26:51,308 INFO train_distributed it=   0 lr=1.00e-04 loss_world=1.0828 |∇|=9.47e+02 γ=1.000 T=0.0500
2026-04-28 19:26:51,344 INFO train_distributed it=   0 lr=1.00e-04 loss_world=2.1100 |∇|=1.87e+01 γ=1.000 T=0.0500
2026-04-28 19:26:52,216 INFO train_distributed it=   0 lr=1.00e-04 loss_world=10.9944 |∇|=1.53e+03 γ=1.000 T=0.0500
2026-04-28 19:26:52,233 INFO train_distributed it=   0 lr=1.00e-04 loss_world=7.7030 |∇|=1.21e+03 γ=1.000 T=0.0500
2026-04-28 19:26:52,260 INFO train_distributed it=   0 lr=1.00e-04 loss_world=23.2424 |∇|=6.41e+03 γ=1.000 T=0.0500
2026-04-28 19:26:52,337 INFO train_distributed it=   0 lr=1.00e-04 loss_world=1.9351 |∇|=1.14e+02 γ=1.000 T=0.0500
2026-04-28 19:26:52,354 INFO train_distributed it=   0 lr=1.00e-04 loss_world=4.8705 |∇|=1.19e+03 γ=1.000 T=0.0500
2026-04-28 19:27:02,982 INFO train_distributed it=   9 lr=1.00e-03 loss_world=nan |∇|=nan γ=nan T=nan
2026-04-28 19:27:03,005 INFO train_distributed it=   9 lr=1.00e-03 loss_world=1.3569 |∇|=4.03e+09 γ=1.002 T=0.0501
2026-04-28 19:27:03,100 INFO train_distributed it=   9 lr=1.00e-03 loss_world=nan |∇|=nan γ=nan T=nan
2026-04-28 19:27:12,541 INFO train_distributed it=   9 lr=1.00e-03 loss_world=4.5172 |∇|=3.84e+02 γ=1.004 T=0.0501
2026-04-28 19:27:12,543 INFO train_distributed it=   9 lr=1.00e-03 loss_world=5.9954 |∇|=1.20e+03 γ=1.003 T=0.0499
2026-04-28 19:27:12,549 INFO train_distributed it=   9 lr=1.00e-03 loss_world=2.1002 |∇|=7.19e+02 γ=0.999 T=0.0499
2026-04-28 19:27:12,602 INFO train_distributed it=   9 lr=1.00e-03 loss_world=2.5667 |∇|=1.42e+02 γ=1.003 T=0.0500
2026-04-28 19:27:12,664 INFO train_distributed it=   9 lr=1.00e-03 loss_world=4.3068 |∇|=3.36e+02 γ=1.003 T=0.0501
2026-04-28 19:27:16,010 INFO train_distributed it=  19 lr=9.95e-04 loss_world=1.5223 |∇|=7.17e+06 γ=1.003 T=0.0502
2026-04-28 19:27:16,042 INFO train_distributed it=  19 lr=9.95e-04 loss_world=nan |∇|=nan γ=nan T=nan
2026-04-28 19:27:16,147 INFO train_distributed it=  19 lr=9.95e-04 loss_world=nan |∇|=nan γ=nan T=nan
2026-04-28 19:27:29,010 INFO train_distributed it=  29 lr=9.78e-04 loss_world=1.6644 |∇|=6.97e+03 γ=1.004 T=0.0501
2026-04-28 19:27:29,088 INFO train_distributed it=  29 lr=9.78e-04 loss_world=nan |∇|=nan γ=nan T=nan
2026-04-28 19:27:29,194 INFO train_distributed it=  29 lr=9.78e-04 loss_world=nan |∇|=nan γ=nan T=nan
2026-04-28 19:27:35,200 INFO train_distributed it=  19 lr=9.95e-04 loss_world=1.0467 |∇|=6.85e+02 γ=1.004 T=0.0497
2026-04-28 19:27:35,201 INFO train_distributed it=  19 lr=9.95e-04 loss_world=2.8254 |∇|=1.71e+02 γ=1.006 T=0.0503
2026-04-28 19:27:35,213 INFO train_distributed it=  19 lr=9.95e-04 loss_world=2.9355 |∇|=1.05e+02 γ=1.001 T=0.0500
2026-04-28 19:27:35,228 INFO train_distributed it=  19 lr=9.95e-04 loss_world=2.4774 |∇|=1.90e+02 γ=0.996 T=0.0497
2026-04-28 19:27:35,347 INFO train_distributed it=  19 lr=9.95e-04 loss_world=2.6489 |∇|=1.61e+02 γ=0.998 T=0.0502
2026-04-28 19:27:42,017 INFO train_distributed it=  39 lr=9.49e-04 loss_world=1.7496 |∇|=5.31e+03 γ=1.006 T=0.0500
2026-04-28 19:27:42,138 INFO train_distributed it=  39 lr=9.49e-04 loss_world=nan |∇|=nan γ=nan T=nan
2026-04-28 19:27:42,240 INFO train_distributed it=  39 lr=9.49e-04 loss_world=nan |∇|=nan γ=nan T=nan
2026-04-28 19:27:55,051 INFO train_distributed it=  49 lr=9.10e-04 loss_world=17.7664 |∇|=9.63e+09 γ=1.009 T=0.0499
2026-04-28 19:27:55,188 INFO train_distributed it=  49 lr=9.10e-04 loss_world=nan |∇|=nan γ=nan T=nan
2026-04-28 19:27:55,286 INFO train_distributed it=  49 lr=9.10e-04 loss_world=nan |∇|=nan γ=nan T=nan
2026-04-28 19:27:57,895 INFO train_distributed it=  29 lr=9.78e-04 loss_world=2.2468 |∇|=9.15e+01 γ=0.998 T=0.0500
2026-04-28 19:27:57,910 INFO train_distributed it=  29 lr=9.78e-04 loss_world=2.5913 |∇|=1.55e+02 γ=1.005 T=0.0504
2026-04-28 19:27:57,920 INFO train_distributed it=  29 lr=9.78e-04 loss_world=1.4038 |∇|=5.19e+01 γ=1.005 T=0.0497
2026-04-28 19:27:57,936 INFO train_distributed it=  29 lr=9.78e-04 loss_world=1.4557 |∇|=2.63e+03 γ=0.993 T=0.0497
2026-04-28 19:27:58,069 INFO train_distributed it=  29 lr=9.78e-04 loss_world=6.2673 |∇|=9.96e+02 γ=0.994 T=0.0502
2026-04-28 19:28:08,133 INFO train_distributed it=  59 lr=8.60e-04 loss_world=nan |∇|=nan γ=nan T=nan
2026-04-28 19:28:08,242 INFO train_distributed it=  59 lr=8.60e-04 loss_world=nan |∇|=nan γ=nan T=nan
2026-04-28 19:28:08,338 INFO train_distributed it=  59 lr=8.60e-04 loss_world=nan |∇|=nan γ=nan T=nan
2026-04-28 19:28:20,581 INFO train_distributed it=  39 lr=9.49e-04 loss_world=7.5136 |∇|=5.06e+03 γ=0.996 T=0.0500
2026-04-28 19:28:20,640 INFO train_distributed it=  39 lr=9.49e-04 loss_world=1.1548 |∇|=1.01e+01 γ=0.991 T=0.0498
2026-04-28 19:28:20,649 INFO train_distributed it=  39 lr=9.49e-04 loss_world=9.6131 |∇|=2.85e+03 γ=1.004 T=0.0504
2026-04-28 19:28:20,651 INFO train_distributed it=  39 lr=9.49e-04 loss_world=1.3044 |∇|=4.97e+01 γ=1.004 T=0.0497
2026-04-28 19:28:20,795 INFO train_distributed it=  39 lr=9.49e-04 loss_world=2.5027 |∇|=2.54e+02 γ=0.988 T=0.0503
2026-04-28 19:28:21,156 INFO train_distributed it=  69 lr=8.02e-04 loss_world=nan |∇|=nan γ=nan T=nan
2026-04-28 19:28:21,295 INFO train_distributed it=  69 lr=8.02e-04 loss_world=nan |∇|=nan γ=nan T=nan
2026-04-28 19:28:21,388 INFO train_distributed it=  69 lr=8.02e-04 loss_world=nan |∇|=nan γ=nan T=nan
2026-04-28 19:28:34,180 INFO train_distributed it=  79 lr=7.38e-04 loss_world=nan |∇|=nan γ=nan T=nan
2026-04-28 19:28:34,345 INFO train_distributed it=  79 lr=7.38e-04 loss_world=nan |∇|=nan γ=nan T=nan
2026-04-28 19:28:34,431 INFO train_distributed it=  79 lr=7.38e-04 loss_world=nan |∇|=nan γ=nan T=nan
2026-04-28 19:28:43,270 INFO train_distributed it=  49 lr=9.10e-04 loss_world=2.5259 |∇|=2.59e+02 γ=0.993 T=0.0500
2026-04-28 19:28:43,349 INFO train_distributed it=  49 lr=9.10e-04 loss_world=1.0062 |∇|=2.28e+01 γ=0.990 T=0.0498
2026-04-28 19:28:43,379 INFO train_distributed it=  49 lr=9.10e-04 loss_world=1.1248 |∇|=2.85e+01 γ=1.002 T=0.0497
2026-04-28 19:28:43,400 INFO train_distributed it=  49 lr=9.10e-04 loss_world=2.4948 |∇|=1.52e+02 γ=1.001 T=0.0504
2026-04-28 19:28:43,523 INFO train_distributed it=  49 lr=9.10e-04 loss_world=25.1798 |∇|=1.47e+04 γ=0.983 T=0.0502
2026-04-28 19:28:47,205 INFO train_distributed it=  89 lr=6.68e-04 loss_world=nan |∇|=nan γ=nan T=nan
2026-04-28 19:28:47,394 INFO train_distributed it=  89 lr=6.68e-04 loss_world=nan |∇|=nan γ=nan T=nan
2026-04-28 19:28:47,473 INFO train_distributed it=  89 lr=6.68e-04 loss_world=nan |∇|=nan γ=nan T=nan
2026-04-28 19:29:00,234 INFO train_distributed it=  99 lr=5.95e-04 loss_world=nan |∇|=nan γ=nan T=nan
2026-04-28 19:29:00,443 INFO train_distributed it=  99 lr=5.95e-04 loss_world=nan |∇|=nan γ=nan T=nan
2026-04-28 19:29:00,520 INFO train_distributed it=  99 lr=5.95e-04 loss_world=nan |∇|=nan γ=nan T=nan
2026-04-28 19:29:05,967 INFO train_distributed it=  59 lr=8.60e-04 loss_world=1.0615 |∇|=3.11e+01 γ=0.990 T=0.0500
2026-04-28 19:29:06,057 INFO train_distributed it=  59 lr=8.60e-04 loss_world=1.0191 |∇|=2.10e+01 γ=0.989 T=0.0498
2026-04-28 19:29:06,104 INFO train_distributed it=  59 lr=8.60e-04 loss_world=1.0747 |∇|=7.59e+00 γ=1.001 T=0.0497
2026-04-28 19:29:06,163 INFO train_distributed it=  59 lr=8.60e-04 loss_world=14.7273 |∇|=3.28e+03 γ=0.999 T=0.0505
2026-04-28 19:29:06,238 INFO train_distributed it=  59 lr=8.60e-04 loss_world=3.1298 |∇|=2.09e+03 γ=0.979 T=0.0502
2026-04-28 19:29:13,262 INFO train_distributed it= 109 lr=5.20e-04 loss_world=nan |∇|=nan γ=nan T=nan
2026-04-28 19:29:13,507 INFO train_distributed it= 109 lr=5.20e-04 loss_world=nan |∇|=nan γ=nan T=nan
2026-04-28 19:29:13,577 INFO train_distributed it= 109 lr=5.20e-04 loss_world=nan |∇|=nan γ=nan T=nan
2026-04-28 19:29:26,295 INFO train_distributed it= 119 lr=4.47e-04 loss_world=nan |∇|=nan γ=nan T=nan
2026-04-28 19:29:26,555 INFO train_distributed it= 119 lr=4.47e-04 loss_world=nan |∇|=nan γ=nan T=nan
2026-04-28 19:29:26,635 INFO train_distributed it= 119 lr=4.47e-04 loss_world=nan |∇|=nan γ=nan T=nan
2026-04-28 19:29:28,665 INFO train_distributed it=  69 lr=8.02e-04 loss_world=1.0144 |∇|=2.89e+01 γ=0.989 T=0.0500
2026-04-28 19:29:28,767 INFO train_distributed it=  69 lr=8.02e-04 loss_world=0.9959 |∇|=2.57e+01 γ=0.989 T=0.0499
2026-04-28 19:29:28,824 INFO train_distributed it=  69 lr=8.02e-04 loss_world=1.0145 |∇|=1.11e+01 γ=1.000 T=0.0496
2026-04-28 19:29:28,921 INFO train_distributed it=  69 lr=8.02e-04 loss_world=4.4094 |∇|=5.34e+03 γ=0.994 T=0.0505
2026-04-28 19:29:28,956 INFO train_distributed it=  69 lr=8.02e-04 loss_world=10.5431 |∇|=6.65e+03 γ=0.977 T=0.0502
2026-04-28 19:29:39,320 INFO train_distributed it= 129 lr=3.76e-04 loss_world=nan |∇|=nan γ=nan T=nan
2026-04-28 19:29:39,600 INFO train_distributed it= 129 lr=3.76e-04 loss_world=nan |∇|=nan γ=nan T=nan
2026-04-28 19:29:39,692 INFO train_distributed it= 129 lr=3.76e-04 loss_world=nan |∇|=nan γ=nan T=nan
2026-04-28 19:29:51,362 INFO train_distributed it=  79 lr=7.38e-04 loss_world=1.0144 |∇|=3.09e+01 γ=0.988 T=0.0500
2026-04-28 19:29:51,473 INFO train_distributed it=  79 lr=7.38e-04 loss_world=1.0046 |∇|=2.63e+01 γ=0.989 T=0.0499
2026-04-28 19:29:51,553 INFO train_distributed it=  79 lr=7.38e-04 loss_world=0.9876 |∇|=9.35e+00 γ=1.000 T=0.0496
2026-04-28 19:29:51,669 INFO train_distributed it=  79 lr=7.38e-04 loss_world=4.1958 |∇|=4.04e+03 γ=0.974 T=0.0503
2026-04-28 19:29:51,679 INFO train_distributed it=  79 lr=7.38e-04 loss_world=4.0062 |∇|=1.82e+03 γ=0.991 T=0.0504
2026-04-28 19:29:52,340 INFO train_distributed it= 139 lr=3.10e-04 loss_world=nan |∇|=nan γ=nan T=nan
2026-04-28 19:29:52,645 INFO train_distributed it= 139 lr=3.10e-04 loss_world=nan |∇|=nan γ=nan T=nan
2026-04-28 19:29:52,749 INFO train_distributed it= 139 lr=3.10e-04 loss_world=nan |∇|=nan γ=nan T=nan
2026-04-28 19:30:05,368 INFO train_distributed it= 149 lr=2.51e-04 loss_world=nan |∇|=nan γ=nan T=nan
2026-04-28 19:30:05,691 INFO train_distributed it= 149 lr=2.51e-04 loss_world=nan |∇|=nan γ=nan T=nan
2026-04-28 19:30:05,801 INFO train_distributed it= 149 lr=2.51e-04 loss_world=nan |∇|=nan γ=nan T=nan
2026-04-28 19:30:14,054 INFO train_distributed it=  89 lr=6.68e-04 loss_world=1.1094 |∇|=3.47e+01 γ=0.988 T=0.0500
2026-04-28 19:30:14,184 INFO train_distributed it=  89 lr=6.68e-04 loss_world=1.0328 |∇|=3.06e+01 γ=0.989 T=0.0499
2026-04-28 19:30:14,279 INFO train_distributed it=  89 lr=6.68e-04 loss_world=1.0012 |∇|=9.98e+00 γ=1.000 T=0.0496
2026-04-28 19:30:14,383 INFO train_distributed it=  89 lr=6.68e-04 loss_world=10.0105 |∇|=3.92e+03 γ=0.972 T=0.0504
2026-04-28 19:30:14,436 INFO train_distributed it=  89 lr=6.68e-04 loss_world=2.6112 |∇|=5.20e+02 γ=0.989 T=0.0504
2026-04-28 19:30:18,397 INFO train_distributed it= 159 lr=2.00e-04 loss_world=nan |∇|=nan γ=nan T=nan
2026-04-28 19:30:18,740 INFO train_distributed it= 159 lr=2.00e-04 loss_world=nan |∇|=nan γ=nan T=nan
2026-04-28 19:30:18,857 INFO train_distributed it= 159 lr=2.00e-04 loss_world=nan |∇|=nan γ=nan T=nan
2026-04-28 19:30:31,421 INFO train_distributed it= 169 lr=1.58e-04 loss_world=nan |∇|=nan γ=nan T=nan
2026-04-28 19:30:31,786 INFO train_distributed it= 169 lr=1.58e-04 loss_world=nan |∇|=nan γ=nan T=nan
2026-04-28 19:30:31,910 INFO train_distributed it= 169 lr=1.58e-04 loss_world=nan |∇|=nan γ=nan T=nan
2026-04-28 19:30:36,752 INFO train_distributed it=  99 lr=5.95e-04 loss_world=1.0281 |∇|=3.00e+01 γ=0.988 T=0.0500
2026-04-28 19:30:36,885 INFO train_distributed it=  99 lr=5.95e-04 loss_world=1.0369 |∇|=3.04e+01 γ=0.989 T=0.0499
2026-04-28 19:30:37,004 INFO train_distributed it=  99 lr=5.95e-04 loss_world=1.0272 |∇|=1.20e+01 γ=1.000 T=0.0496
2026-04-28 19:30:37,088 INFO train_distributed it=  99 lr=5.95e-04 loss_world=58.3955 |∇|=4.84e+04 γ=0.970 T=0.0505
2026-04-28 19:30:37,191 INFO train_distributed it=  99 lr=5.95e-04 loss_world=8.0625 |∇|=1.18e+04 γ=0.987 T=0.0504
2026-04-28 19:30:44,442 INFO train_distributed it= 179 lr=1.27e-04 loss_world=nan |∇|=nan γ=nan T=nan
2026-04-28 19:30:44,832 INFO train_distributed it= 179 lr=1.27e-04 loss_world=nan |∇|=nan γ=nan T=nan
2026-04-28 19:30:44,963 INFO train_distributed it= 179 lr=1.27e-04 loss_world=nan |∇|=nan γ=nan T=nan
2026-04-28 19:30:57,464 INFO train_distributed it= 189 lr=1.07e-04 loss_world=nan |∇|=nan γ=nan T=nan
2026-04-28 19:30:57,878 INFO train_distributed it= 189 lr=1.07e-04 loss_world=nan |∇|=nan γ=nan T=nan
2026-04-28 19:30:58,016 INFO train_distributed it= 189 lr=1.07e-04 loss_world=nan |∇|=nan γ=nan T=nan
2026-04-28 19:30:59,456 INFO train_distributed it= 109 lr=5.20e-04 loss_world=1.0448 |∇|=1.69e+01 γ=0.988 T=0.0500
2026-04-28 19:30:59,595 INFO train_distributed it= 109 lr=5.20e-04 loss_world=0.9930 |∇|=2.13e+01 γ=0.989 T=0.0499
2026-04-28 19:30:59,724 INFO train_distributed it= 109 lr=5.20e-04 loss_world=1.0036 |∇|=9.23e+00 γ=1.000 T=0.0496
2026-04-28 19:30:59,788 INFO train_distributed it= 109 lr=5.20e-04 loss_world=19.2059 |∇|=2.32e+04 γ=0.969 T=0.0504
2026-04-28 19:30:59,952 INFO train_distributed it= 109 lr=5.20e-04 loss_world=2.3036 |∇|=8.32e+02 γ=0.986 T=0.0504
2026-04-28 19:31:10,494 INFO train_distributed it= 199 lr=1.00e-04 loss_world=nan |∇|=nan γ=nan T=nan
2026-04-28 19:31:10,500 INFO train_distributed training finished in 261.8s (200 iters, world_size=1)
2026-04-28 19:31:10,500 INFO train_distributed [rank 0] peak HBM: alloc=7.42 GB, reserved=7.88 GB
2026-04-28 19:31:10,502 INFO train_distributed [rank 0] wrote experiments/043_arch_pairs/results_p_1_1__1_3_seed0/training_log.json
2026-04-28 19:31:10,925 INFO train_distributed it= 199 lr=1.00e-04 loss_world=nan |∇|=nan γ=nan T=nan
2026-04-28 19:31:10,931 INFO train_distributed training finished in 262.2s (200 iters, world_size=1)
2026-04-28 19:31:10,931 INFO train_distributed [rank 0] peak HBM: alloc=7.42 GB, reserved=7.88 GB
2026-04-28 19:31:10,933 INFO train_distributed [rank 0] wrote experiments/043_arch_pairs/results_p_1_1__1_3_seed1/training_log.json
2026-04-28 19:31:11,072 INFO train_distributed it= 199 lr=1.00e-04 loss_world=nan |∇|=nan γ=nan T=nan
2026-04-28 19:31:11,078 INFO train_distributed training finished in 262.4s (200 iters, world_size=1)
2026-04-28 19:31:11,078 INFO train_distributed [rank 0] peak HBM: alloc=7.42 GB, reserved=7.88 GB
2026-04-28 19:31:11,080 INFO train_distributed [rank 0] wrote experiments/043_arch_pairs/results_p_1_1__1_3_seed2/training_log.json
  ✓ p_1_1__1_3_seed0 272s (card 5)

═ TRAIN p_1_1__1_3_seed3 (card 0) ═ 19:31:11
  ✓ p_1_1__1_3_seed1 272s (card 6)

═ TRAIN p_1_1__1_3_seed4 (card 1) ═ 19:31:11
  ✓ p_1_1__1_3_seed2 272s (card 7)

═ TRAIN p_1_1__2_1_seed0 (card 2) ═ 19:31:12
2026-04-28 19:31:14,942 INFO train_distributed [dist] rank=0 world_size=1 local_rank=0 cuda_available=True
2026-04-28 19:31:14,985 INFO train_distributed loaded 2,841 returns for spx/2015-2026_daily
2026-04-28 19:31:14,993 INFO train_distributed targets: acf_sq=0.342 leverage_sum=-0.790 hill_alpha=2.68
2026-04-28 19:31:15,389 INFO train_distributed [dist] rank=0 world_size=1 local_rank=0 cuda_available=True
2026-04-28 19:31:15,431 INFO train_distributed loaded 2,841 returns for spx/2015-2026_daily
2026-04-28 19:31:15,439 INFO train_distributed targets: acf_sq=0.342 leverage_sum=-0.790 hill_alpha=2.68
2026-04-28 19:31:15,710 INFO train_distributed [dist] rank=0 world_size=1 local_rank=0 cuda_available=True
2026-04-28 19:31:15,753 INFO train_distributed loaded 2,841 returns for spx/2015-2026_daily
2026-04-28 19:31:15,760 INFO train_distributed targets: acf_sq=0.342 leverage_sum=-0.790 hill_alpha=2.68
2026-04-28 19:31:15,861 INFO train_distributed EcoMDSimulator built: 34600 parameters (device=cuda:0)
2026-04-28 19:31:16,111 INFO train_distributed EcoMDSimulator built: 34600 parameters (device=cuda:0)
2026-04-28 19:31:16,247 INFO train_distributed EcoMDSimulator built: 34408 parameters (device=cuda:0)
2026-04-28 19:31:19,949 INFO train_distributed it=   0 lr=1.00e-04 loss_world=13.9633 |∇|=6.68e+02 γ=1.000 T=0.0500
2026-04-28 19:31:19,980 INFO train_distributed it=   0 lr=1.00e-04 loss_world=nan |∇|=nan γ=nan T=nan
2026-04-28 19:31:20,183 INFO train_distributed it=   0 lr=1.00e-04 loss_world=1.4494 |∇|=5.44e+01 γ=1.000 T=0.0500
2026-04-28 19:31:22,167 INFO train_distributed it= 119 lr=4.47e-04 loss_world=1.0310 |∇|=1.39e+01 γ=0.988 T=0.0500
2026-04-28 19:31:22,313 INFO train_distributed it= 119 lr=4.47e-04 loss_world=1.0432 |∇|=1.41e+01 γ=0.990 T=0.0499
2026-04-28 19:31:28,246 INFO train_distributed it= 119 lr=4.47e-04 loss_world=5.0871 |∇|=7.81e+03 γ=0.967 T=0.0504
2026-04-28 19:31:28,256 INFO train_distributed it= 119 lr=4.47e-04 loss_world=1.0272 |∇|=8.03e+00 γ=1.000 T=0.0496
2026-04-28 19:31:28,265 INFO train_distributed it= 119 lr=4.47e-04 loss_world=10.6570 |∇|=1.47e+04 γ=0.985 T=0.0504
2026-04-28 19:31:41,348 INFO train_distributed it=   9 lr=1.00e-03 loss_world=1.9336 |∇|=4.74e+01 γ=0.995 T=0.0500
2026-04-28 19:31:44,887 INFO train_distributed it= 129 lr=3.76e-04 loss_world=1.0161 |∇|=1.09e+01 γ=0.988 T=0.0500
2026-04-28 19:31:44,955 INFO train_distributed it=   9 lr=1.00e-03 loss_world=nan |∇|=nan γ=nan T=nan
2026-04-28 19:31:45,041 INFO train_distributed it= 129 lr=3.76e-04 loss_world=0.9927 |∇|=1.86e+01 γ=0.990 T=0.0499
2026-04-28 19:31:45,170 INFO train_distributed it=   9 lr=1.00e-03 loss_world=nan |∇|=nan γ=nan T=nan
2026-04-28 19:32:05,269 INFO train_distributed it=  19 lr=9.95e-04 loss_world=2.0572 |∇|=9.00e+01 γ=0.989 T=0.0499
2026-04-28 19:32:07,602 INFO train_distributed it= 139 lr=3.10e-04 loss_world=1.0116 |∇|=1.11e+01 γ=0.988 T=0.0500
2026-04-28 19:32:07,764 INFO train_distributed it= 139 lr=3.10e-04 loss_world=1.0240 |∇|=2.39e+01 γ=0.990 T=0.0499
2026-04-28 19:32:12,989 INFO train_distributed it=  19 lr=9.95e-04 loss_world=nan |∇|=nan γ=nan T=nan
2026-04-28 19:32:13,178 INFO train_distributed it=  19 lr=9.95e-04 loss_world=nan |∇|=nan γ=nan T=nan
2026-04-28 19:32:15,524 INFO train_distributed it= 129 lr=3.76e-04 loss_world=1.0202 |∇|=7.96e+00 γ=1.000 T=0.0496
2026-04-28 19:32:15,526 INFO train_distributed it= 129 lr=3.76e-04 loss_world=2.3977 |∇|=8.49e+02 γ=0.985 T=0.0504
2026-04-28 19:32:15,854 INFO train_distributed it= 129 lr=3.76e-04 loss_world=11.2237 |∇|=2.48e+03 γ=0.966 T=0.0504
2026-04-28 19:32:29,250 INFO train_distributed it=  29 lr=9.78e-04 loss_world=3.4383 |∇|=1.65e+03 γ=0.987 T=0.0499
2026-04-28 19:32:30,307 INFO train_distributed it= 149 lr=2.51e-04 loss_world=1.0074 |∇|=1.34e+01 γ=0.988 T=0.0500
2026-04-28 19:32:30,485 INFO train_distributed it= 149 lr=2.51e-04 loss_world=0.9983 |∇|=1.75e+01 γ=0.990 T=0.0499
2026-04-28 19:32:41,027 INFO train_distributed it=  29 lr=9.78e-04 loss_world=nan |∇|=nan γ=nan T=nan
2026-04-28 19:32:41,168 INFO train_distributed it=  29 lr=9.78e-04 loss_world=nan |∇|=nan γ=nan T=nan
2026-04-28 19:32:53,000 INFO train_distributed it= 159 lr=2.00e-04 loss_world=0.9916 |∇|=1.40e+01 γ=0.988 T=0.0500
2026-04-28 19:32:53,197 INFO train_distributed it= 159 lr=2.00e-04 loss_world=0.9951 |∇|=2.02e+01 γ=0.990 T=0.0499
2026-04-28 19:32:53,199 INFO train_distributed it=  39 lr=9.49e-04 loss_world=12.8076 |∇|=1.57e+03 γ=0.985 T=0.0499
2026-04-28 19:33:02,807 INFO train_distributed it= 139 lr=3.10e-04 loss_world=1.0348 |∇|=1.23e+01 γ=1.000 T=0.0496
2026-04-28 19:33:02,922 INFO train_distributed it= 139 lr=3.10e-04 loss_world=3.8448 |∇|=4.05e+03 γ=0.985 T=0.0504
2026-04-28 19:33:03,348 INFO train_distributed it= 139 lr=3.10e-04 loss_world=5.4186 |∇|=2.40e+04 γ=0.966 T=0.0504
2026-04-28 19:33:09,065 INFO train_distributed it=  39 lr=9.49e-04 loss_world=nan |∇|=nan γ=nan T=nan
2026-04-28 19:33:09,152 INFO train_distributed it=  39 lr=9.49e-04 loss_world=nan |∇|=nan γ=nan T=nan
2026-04-28 19:33:15,695 INFO train_distributed it= 169 lr=1.58e-04 loss_world=0.9981 |∇|=1.50e+01 γ=0.988 T=0.0500
2026-04-28 19:33:15,910 INFO train_distributed it= 169 lr=1.58e-04 loss_world=0.9934 |∇|=1.96e+01 γ=0.990 T=0.0499
2026-04-28 19:33:17,149 INFO train_distributed it=  49 lr=9.10e-04 loss_world=1.7564 |∇|=1.89e+02 γ=0.983 T=0.0500
2026-04-28 19:33:37,087 INFO train_distributed it=  49 lr=9.10e-04 loss_world=nan |∇|=nan γ=nan T=nan
2026-04-28 19:33:37,122 INFO train_distributed it=  49 lr=9.10e-04 loss_world=nan |∇|=nan γ=nan T=nan
2026-04-28 19:33:38,387 INFO train_distributed it= 179 lr=1.27e-04 loss_world=0.9998 |∇|=1.55e+01 γ=0.988 T=0.0500
2026-04-28 19:33:38,620 INFO train_distributed it= 179 lr=1.27e-04 loss_world=1.0011 |∇|=2.27e+01 γ=0.990 T=0.0499
2026-04-28 19:33:41,095 INFO train_distributed it=  59 lr=8.60e-04 loss_world=0.7105 |∇|=4.20e+02 γ=0.981 T=0.0501
2026-04-28 19:33:50,114 INFO train_distributed it= 149 lr=2.51e-04 loss_world=0.9998 |∇|=8.91e+00 γ=1.000 T=0.0496
2026-04-28 19:33:50,304 INFO train_distributed it= 149 lr=2.51e-04 loss_world=2.9147 |∇|=7.10e+03 γ=0.985 T=0.0504
2026-04-28 19:33:50,863 INFO train_distributed it= 149 lr=2.51e-04 loss_world=2.2650 |∇|=7.20e+02 γ=0.966 T=0.0504
2026-04-28 19:34:01,083 INFO train_distributed it= 189 lr=1.07e-04 loss_world=0.9858 |∇|=1.64e+01 γ=0.988 T=0.0500
2026-04-28 19:34:01,331 INFO train_distributed it= 189 lr=1.07e-04 loss_world=0.9969 |∇|=2.04e+01 γ=0.990 T=0.0499
2026-04-28 19:34:05,042 INFO train_distributed it=  69 lr=8.02e-04 loss_world=1.2940 |∇|=1.83e+02 γ=0.980 T=0.0501
2026-04-28 19:34:05,087 INFO train_distributed it=  59 lr=8.60e-04 loss_world=nan |∇|=nan γ=nan T=nan
2026-04-28 19:34:05,102 INFO train_distributed it=  59 lr=8.60e-04 loss_world=nan |∇|=nan γ=nan T=nan
2026-04-28 19:34:23,782 INFO train_distributed it= 199 lr=1.00e-04 loss_world=1.0274 |∇|=1.51e+01 γ=0.988 T=0.0500
2026-04-28 19:34:23,788 INFO train_distributed training finished in 455.1s (200 iters, world_size=1)
2026-04-28 19:34:23,788 INFO train_distributed [rank 0] peak HBM: alloc=7.47 GB, reserved=8.05 GB
2026-04-28 19:34:23,791 INFO train_distributed [rank 0] wrote experiments/043_arch_pairs/results_p_1_1__1_2_seed3/training_log.json
2026-04-28 19:34:24,036 INFO train_distributed it= 199 lr=1.00e-04 loss_world=0.9971 |∇|=2.22e+01 γ=0.990 T=0.0499
2026-04-28 19:34:24,042 INFO train_distributed training finished in 455.3s (200 iters, world_size=1)
2026-04-28 19:34:24,042 INFO train_distributed [rank 0] peak HBM: alloc=7.47 GB, reserved=8.05 GB
2026-04-28 19:34:24,045 INFO train_distributed [rank 0] wrote experiments/043_arch_pairs/results_p_1_1__1_2_seed4/training_log.json
  ✓ p_1_1__1_2_seed3 465s (card 3)

═ TRAIN p_1_1__2_1_seed1 (card 3) ═ 19:34:24
  ✓ p_1_1__1_2_seed4 466s (card 4)

═ TRAIN p_1_1__2_1_seed2 (card 4) ═ 19:34:25
2026-04-28 19:34:28,737 INFO train_distributed [dist] rank=0 world_size=1 local_rank=0 cuda_available=True
2026-04-28 19:34:28,781 INFO train_distributed loaded 2,841 returns for spx/2015-2026_daily
2026-04-28 19:34:28,798 INFO train_distributed targets: acf_sq=0.342 leverage_sum=-0.790 hill_alpha=2.68
2026-04-28 19:34:28,973 INFO train_distributed it=  79 lr=7.38e-04 loss_world=1.6540 |∇|=1.32e+02 γ=0.979 T=0.0501
2026-04-28 19:34:29,147 INFO train_distributed [dist] rank=0 world_size=1 local_rank=0 cuda_available=True
2026-04-28 19:34:29,189 INFO train_distributed loaded 2,841 returns for spx/2015-2026_daily
2026-04-28 19:34:29,196 INFO train_distributed targets: acf_sq=0.342 leverage_sum=-0.790 hill_alpha=2.68
2026-04-28 19:34:29,463 INFO train_distributed EcoMDSimulator built: 34408 parameters (device=cuda:0)
2026-04-28 19:34:29,574 INFO train_distributed EcoMDSimulator built: 34408 parameters (device=cuda:0)
2026-04-28 19:34:31,839 INFO train_distributed it=   0 lr=1.00e-04 loss_world=19.3013 |∇|=5.69e+03 γ=1.000 T=0.0500
2026-04-28 19:34:31,938 INFO train_distributed it=   0 lr=1.00e-04 loss_world=6.0712 |∇|=2.69e+03 γ=1.000 T=0.0500
2026-04-28 19:34:33,089 INFO train_distributed it=  69 lr=8.02e-04 loss_world=nan |∇|=nan γ=nan T=nan
2026-04-28 19:34:33,127 INFO train_distributed it=  69 lr=8.02e-04 loss_world=nan |∇|=nan γ=nan T=nan
2026-04-28 19:34:37,412 INFO train_distributed it= 159 lr=2.00e-04 loss_world=1.0333 |∇|=7.53e+00 γ=1.000 T=0.0496
2026-04-28 19:34:37,689 INFO train_distributed it= 159 lr=2.00e-04 loss_world=4.2152 |∇|=3.42e+04 γ=0.985 T=0.0504
2026-04-28 19:34:38,397 INFO train_distributed it= 159 lr=2.00e-04 loss_world=2.1127 |∇|=1.89e+03 γ=0.966 T=0.0504
2026-04-28 19:34:41,860 INFO train_distributed it=   9 lr=1.00e-03 loss_world=5.8117 |∇|=7.09e+02 γ=0.997 T=0.0500
2026-04-28 19:34:41,927 INFO train_distributed it=   9 lr=1.00e-03 loss_world=2.9199 |∇|=1.33e+02 γ=0.997 T=0.0501
2026-04-28 19:34:52,926 INFO train_distributed it=  89 lr=6.68e-04 loss_world=1.0309 |∇|=1.28e+02 γ=0.979 T=0.0501
2026-04-28 19:34:53,098 INFO train_distributed it=  19 lr=9.95e-04 loss_world=2.0704 |∇|=1.51e+02 γ=0.991 T=0.0500
2026-04-28 19:34:53,119 INFO train_distributed it=  19 lr=9.95e-04 loss_world=2.3884 |∇|=1.79e+02 γ=0.993 T=0.0501
2026-04-28 19:35:01,072 INFO train_distributed it=  79 lr=7.38e-04 loss_world=nan |∇|=nan γ=nan T=nan
2026-04-28 19:35:01,168 INFO train_distributed it=  79 lr=7.38e-04 loss_world=nan |∇|=nan γ=nan T=nan
2026-04-28 19:35:04,331 INFO train_distributed it=  29 lr=9.78e-04 loss_world=2.0822 |∇|=2.63e+02 γ=0.990 T=0.0502
2026-04-28 19:35:04,338 INFO train_distributed it=  29 lr=9.78e-04 loss_world=2.7497 |∇|=2.69e+02 γ=0.985 T=0.0499
2026-04-28 19:35:15,533 INFO train_distributed it=  39 lr=9.49e-04 loss_world=9.1555 |∇|=2.62e+03 γ=0.987 T=0.0502
2026-04-28 19:35:15,561 INFO train_distributed it=  39 lr=9.49e-04 loss_world=6.4841 |∇|=1.96e+03 γ=0.981 T=0.0499
2026-04-28 19:35:16,867 INFO train_distributed it=  99 lr=5.95e-04 loss_world=1.3118 |∇|=2.64e+02 γ=0.979 T=0.0500
2026-04-28 19:35:24,656 INFO train_distributed it= 169 lr=1.58e-04 loss_world=0.9933 |∇|=1.05e+01 γ=1.000 T=0.0496
2026-04-28 19:35:25,054 INFO train_distributed it= 169 lr=1.58e-04 loss_world=2.3356 |∇|=3.15e+02 γ=0.985 T=0.0504
2026-04-28 19:35:25,862 INFO train_distributed it= 169 lr=1.58e-04 loss_world=2.6692 |∇|=1.45e+03 γ=0.966 T=0.0504
2026-04-28 19:35:26,729 INFO train_distributed it=  49 lr=9.10e-04 loss_world=1.0521 |∇|=1.26e+03 γ=0.986 T=0.0503
2026-04-28 19:35:26,783 INFO train_distributed it=  49 lr=9.10e-04 loss_world=10.3202 |∇|=1.68e+03 γ=0.975 T=0.0499
2026-04-28 19:35:29,081 INFO train_distributed it=  89 lr=6.68e-04 loss_world=nan |∇|=nan γ=nan T=nan
2026-04-28 19:35:29,196 INFO train_distributed it=  89 lr=6.68e-04 loss_world=nan |∇|=nan γ=nan T=nan
2026-04-28 19:35:37,921 INFO train_distributed it=  59 lr=8.60e-04 loss_world=1.5561 |∇|=1.37e+02 γ=0.985 T=0.0504
2026-04-28 19:35:38,003 INFO train_distributed it=  59 lr=8.60e-04 loss_world=2.6336 |∇|=2.73e+02 γ=0.967 T=0.0498
2026-04-28 19:35:40,806 INFO train_distributed it= 109 lr=5.20e-04 loss_world=7.8782 |∇|=1.59e+03 γ=0.979 T=0.0500
2026-04-28 19:35:49,125 INFO train_distributed it=  69 lr=8.02e-04 loss_world=1.7069 |∇|=1.23e+02 γ=0.985 T=0.0504
2026-04-28 19:35:49,221 INFO train_distributed it=  69 lr=8.02e-04 loss_world=2.5001 |∇|=3.73e+02 γ=0.961 T=0.0498
2026-04-28 19:35:57,065 INFO train_distributed it=  99 lr=5.95e-04 loss_world=nan |∇|=nan γ=nan T=nan
2026-04-28 19:35:57,224 INFO train_distributed it=  99 lr=5.95e-04 loss_world=nan |∇|=nan γ=nan T=nan
2026-04-28 19:36:00,342 INFO train_distributed it=  79 lr=7.38e-04 loss_world=3.2854 |∇|=1.43e+03 γ=0.986 T=0.0505
2026-04-28 19:36:00,440 INFO train_distributed it=  79 lr=7.38e-04 loss_world=2.2739 |∇|=4.73e+02 γ=0.959 T=0.0498
2026-04-28 19:36:04,745 INFO train_distributed it= 119 lr=4.47e-04 loss_world=15.3534 |∇|=5.55e+03 γ=0.979 T=0.0500
2026-04-28 19:36:11,557 INFO train_distributed it=  89 lr=6.68e-04 loss_world=8.6082 |∇|=1.21e+03 γ=0.987 T=0.0505
2026-04-28 19:36:11,659 INFO train_distributed it=  89 lr=6.68e-04 loss_world=2.2653 |∇|=6.16e+02 γ=0.958 T=0.0498
2026-04-28 19:36:11,954 INFO train_distributed it= 179 lr=1.27e-04 loss_world=1.0314 |∇|=7.72e+00 γ=1.000 T=0.0496
2026-04-28 19:36:12,451 INFO train_distributed it= 179 lr=1.27e-04 loss_world=2.0903 |∇|=1.57e+03 γ=0.985 T=0.0504
2026-04-28 19:36:13,336 INFO train_distributed it= 179 lr=1.27e-04 loss_world=2.9415 |∇|=5.81e+03 γ=0.966 T=0.0504
2026-04-28 19:36:22,755 INFO train_distributed it=  99 lr=5.95e-04 loss_world=1.0113 |∇|=1.83e+02 γ=0.988 T=0.0505
2026-04-28 19:36:22,874 INFO train_distributed it=  99 lr=5.95e-04 loss_world=1.1233 |∇|=2.45e+04 γ=0.957 T=0.0499
2026-04-28 19:36:25,044 INFO train_distributed it= 109 lr=5.20e-04 loss_world=nan |∇|=nan γ=nan T=nan
2026-04-28 19:36:25,268 INFO train_distributed it= 109 lr=5.20e-04 loss_world=nan |∇|=nan γ=nan T=nan
2026-04-28 19:36:28,662 INFO train_distributed it= 129 lr=3.76e-04 loss_world=5.8160 |∇|=2.81e+03 γ=0.980 T=0.0499
2026-04-28 19:36:33,945 INFO train_distributed it= 109 lr=5.20e-04 loss_world=6.6272 |∇|=1.11e+03 γ=0.990 T=0.0505
2026-04-28 19:36:34,086 INFO train_distributed it= 109 lr=5.20e-04 loss_world=5.7710 |∇|=1.43e+04 γ=0.956 T=0.0499
2026-04-28 19:36:45,137 INFO train_distributed it= 119 lr=4.47e-04 loss_world=13.0143 |∇|=2.74e+03 γ=0.991 T=0.0506
2026-04-28 19:36:45,298 INFO train_distributed it= 119 lr=4.47e-04 loss_world=1.9266 |∇|=5.86e+03 γ=0.956 T=0.0499
2026-04-28 19:36:52,596 INFO train_distributed it= 139 lr=3.10e-04 loss_world=6.3153 |∇|=2.70e+03 γ=0.981 T=0.0499
2026-04-28 19:36:53,025 INFO train_distributed it= 119 lr=4.47e-04 loss_world=nan |∇|=nan γ=nan T=nan
2026-04-28 19:36:53,300 INFO train_distributed it= 119 lr=4.47e-04 loss_world=nan |∇|=nan γ=nan T=nan
2026-04-28 19:36:56,326 INFO train_distributed it= 129 lr=3.76e-04 loss_world=1.2820 |∇|=3.13e+02 γ=0.992 T=0.0507
2026-04-28 19:36:56,520 INFO train_distributed it= 129 lr=3.76e-04 loss_world=2.0427 |∇|=1.01e+03 γ=0.956 T=0.0499
2026-04-28 19:36:59,238 INFO train_distributed it= 189 lr=1.07e-04 loss_world=1.0065 |∇|=1.08e+01 γ=1.000 T=0.0496
2026-04-28 19:36:59,868 INFO train_distributed it= 189 lr=1.07e-04 loss_world=2.4258 |∇|=1.94e+03 γ=0.985 T=0.0504
2026-04-28 19:37:00,826 INFO train_distributed it= 189 lr=1.07e-04 loss_world=6.5272 |∇|=2.69e+04 γ=0.966 T=0.0504
2026-04-28 19:37:07,522 INFO train_distributed it= 139 lr=3.10e-04 loss_world=0.9118 |∇|=4.46e+02 γ=0.993 T=0.0507
2026-04-28 19:37:07,746 INFO train_distributed it= 139 lr=3.10e-04 loss_world=2.5662 |∇|=5.05e+02 γ=0.956 T=0.0499
2026-04-28 19:37:16,529 INFO train_distributed it= 149 lr=2.51e-04 loss_world=1.3677 |∇|=1.91e+02 γ=0.982 T=0.0499
2026-04-28 19:37:18,708 INFO train_distributed it= 149 lr=2.51e-04 loss_world=1.0759 |∇|=2.01e+02 γ=0.994 T=0.0507
2026-04-28 19:37:18,963 INFO train_distributed it= 149 lr=2.51e-04 loss_world=2.0280 |∇|=2.35e+03 γ=0.955 T=0.0499
2026-04-28 19:37:21,008 INFO train_distributed it= 129 lr=3.76e-04 loss_world=nan |∇|=nan γ=nan T=nan
2026-04-28 19:37:21,324 INFO train_distributed it= 129 lr=3.76e-04 loss_world=nan |∇|=nan γ=nan T=nan
2026-04-28 19:37:29,893 INFO train_distributed it= 159 lr=2.00e-04 loss_world=1.7195 |∇|=2.45e+03 γ=0.995 T=0.0507
2026-04-28 19:37:30,177 INFO train_distributed it= 159 lr=2.00e-04 loss_world=2.4791 |∇|=3.41e+03 γ=0.955 T=0.0499
2026-04-28 19:37:40,467 INFO train_distributed it= 159 lr=2.00e-04 loss_world=1.4769 |∇|=1.67e+02 γ=0.982 T=0.0499
2026-04-28 19:37:41,082 INFO train_distributed it= 169 lr=1.58e-04 loss_world=1.4770 |∇|=3.58e+02 γ=0.995 T=0.0507
2026-04-28 19:37:41,389 INFO train_distributed it= 169 lr=1.58e-04 loss_world=2.1493 |∇|=2.31e+03 γ=0.955 T=0.0499
2026-04-28 19:37:46,516 INFO train_distributed it= 199 lr=1.00e-04 loss_world=1.0035 |∇|=9.00e+00 γ=1.000 T=0.0496
2026-04-28 19:37:46,522 INFO train_distributed training finished in 657.9s (200 iters, world_size=1)
2026-04-28 19:37:46,523 INFO train_distributed [rank 0] peak HBM: alloc=7.47 GB, reserved=8.05 GB
2026-04-28 19:37:46,526 INFO train_distributed [rank 0] wrote experiments/043_arch_pairs/results_p_1_1__1_2_seed0/training_log.json
2026-04-28 19:37:47,281 INFO train_distributed it= 199 lr=1.00e-04 loss_world=1.2047 |∇|=4.89e+04 γ=0.985 T=0.0504
2026-04-28 19:37:47,287 INFO train_distributed training finished in 658.6s (200 iters, world_size=1)
2026-04-28 19:37:47,287 INFO train_distributed [rank 0] peak HBM: alloc=7.47 GB, reserved=8.05 GB
2026-04-28 19:37:47,290 INFO train_distributed [rank 0] wrote experiments/043_arch_pairs/results_p_1_1__1_2_seed2/training_log.json
  ✓ p_1_1__1_2_seed0 668s (card 0)

═ TRAIN p_1_1__2_1_seed3 (card 5) ═ 19:37:47
2026-04-28 19:37:47,693 INFO train_distributed it= 139 lr=3.10e-04 loss_world=nan |∇|=nan γ=nan T=nan
  ✓ p_1_1__1_2_seed2 669s (card 2)

═ TRAIN p_1_1__2_1_seed4 (card 6) ═ 19:37:48
2026-04-28 19:37:48,325 INFO train_distributed it= 199 lr=1.00e-04 loss_world=4.4391 |∇|=1.71e+04 γ=0.966 T=0.0504
2026-04-28 19:37:48,331 INFO train_distributed training finished in 659.5s (200 iters, world_size=1)
2026-04-28 19:37:48,332 INFO train_distributed [rank 0] peak HBM: alloc=7.47 GB, reserved=8.05 GB
2026-04-28 19:37:48,335 INFO train_distributed [rank 0] wrote experiments/043_arch_pairs/results_p_1_1__1_2_seed1/training_log.json
2026-04-28 19:37:48,809 INFO train_distributed it= 139 lr=3.10e-04 loss_world=nan |∇|=nan γ=nan T=nan
  ✓ p_1_1__1_2_seed1 670s (card 1)

═ TRAIN p_1_2__1_3_seed0 (card 7) ═ 19:37:49
2026-04-28 19:37:51,014 INFO train_distributed [dist] rank=0 world_size=1 local_rank=0 cuda_available=True
2026-04-28 19:37:51,060 INFO train_distributed loaded 2,841 returns for spx/2015-2026_daily
2026-04-28 19:37:51,068 INFO train_distributed targets: acf_sq=0.342 leverage_sum=-0.790 hill_alpha=2.68
2026-04-28 19:37:51,656 INFO train_distributed EcoMDSimulator built: 34408 parameters (device=cuda:0)
2026-04-28 19:37:52,041 INFO train_distributed [dist] rank=0 world_size=1 local_rank=0 cuda_available=True
2026-04-28 19:37:52,086 INFO train_distributed loaded 2,841 returns for spx/2015-2026_daily
2026-04-28 19:37:52,093 INFO train_distributed targets: acf_sq=0.342 leverage_sum=-0.790 hill_alpha=2.68
2026-04-28 19:37:52,282 INFO train_distributed it= 179 lr=1.27e-04 loss_world=1.0043 |∇|=5.60e+02 γ=0.995 T=0.0507
2026-04-28 19:37:52,628 INFO train_distributed it= 179 lr=1.27e-04 loss_world=2.3289 |∇|=1.76e+03 γ=0.955 T=0.0499
2026-04-28 19:37:52,740 INFO train_distributed [dist] rank=0 world_size=1 local_rank=0 cuda_available=True
2026-04-28 19:37:52,784 INFO train_distributed loaded 2,841 returns for spx/2015-2026_daily
2026-04-28 19:37:52,791 INFO train_distributed targets: acf_sq=0.342 leverage_sum=-0.790 hill_alpha=2.68
2026-04-28 19:37:52,921 INFO train_distributed EcoMDSimulator built: 34408 parameters (device=cuda:0)
2026-04-28 19:37:53,068 INFO train_distributed EcoMDSimulator built: 33235 parameters (device=cuda:0)
2026-04-28 19:37:54,409 INFO train_distributed it=   0 lr=1.00e-04 loss_world=1658.1442 |∇|=4.18e+06 γ=1.000 T=0.0500
2026-04-28 19:37:55,291 INFO train_distributed it=   0 lr=1.00e-04 loss_world=2.5358 |∇|=3.14e+02 γ=1.000 T=0.0500
2026-04-28 19:37:55,332 INFO train_distributed it= 169 lr=1.58e-04 loss_world=1.0944 |∇|=2.10e+02 γ=0.982 T=0.0499
2026-04-28 19:37:56,732 INFO train_distributed it=   0 lr=1.00e-04 loss_world=1.6125 |∇|=8.80e+03 γ=1.000 T=0.0500
2026-04-28 19:38:00,772 INFO train_distributed it= 149 lr=2.51e-04 loss_world=nan |∇|=nan γ=nan T=nan
2026-04-28 19:38:01,885 INFO train_distributed it= 149 lr=2.51e-04 loss_world=nan |∇|=nan γ=nan T=nan
2026-04-28 19:38:03,473 INFO train_distributed it= 189 lr=1.07e-04 loss_world=1.1864 |∇|=6.52e+02 γ=0.996 T=0.0507
2026-04-28 19:38:03,843 INFO train_distributed it= 189 lr=1.07e-04 loss_world=2.3555 |∇|=2.26e+03 γ=0.955 T=0.0499
2026-04-28 19:38:04,440 INFO train_distributed it=   9 lr=1.00e-03 loss_world=3.2076 |∇|=4.29e+02 γ=0.997 T=0.0500
2026-04-28 19:38:05,290 INFO train_distributed it=   9 lr=1.00e-03 loss_world=2.6448 |∇|=2.22e+02 γ=0.999 T=0.0499
2026-04-28 19:38:06,551 INFO train_distributed it= 179 lr=1.27e-04 loss_world=1.2059 |∇|=2.93e+02 γ=0.982 T=0.0499
2026-04-28 19:38:13,846 INFO train_distributed it= 159 lr=2.00e-04 loss_world=nan |∇|=nan γ=nan T=nan
2026-04-28 19:38:14,661 INFO train_distributed it= 199 lr=1.00e-04 loss_world=1.2922 |∇|=1.40e+02 γ=0.996 T=0.0507
2026-04-28 19:38:14,667 INFO train_distributed training finished in 225.1s (200 iters, world_size=1)
2026-04-28 19:38:14,667 INFO train_distributed [rank 0] peak HBM: alloc=7.10 GB, reserved=7.69 GB
2026-04-28 19:38:14,671 INFO train_distributed [rank 0] wrote experiments/043_arch_pairs/results_p_1_1__2_1_seed2/training_log.json
2026-04-28 19:38:14,949 INFO train_distributed it= 159 lr=2.00e-04 loss_world=nan |∇|=nan γ=nan T=nan
2026-04-28 19:38:15,061 INFO train_distributed it= 199 lr=1.00e-04 loss_world=2.1954 |∇|=5.87e+03 γ=0.955 T=0.0499
2026-04-28 19:38:15,067 INFO train_distributed training finished in 225.6s (200 iters, world_size=1)
2026-04-28 19:38:15,067 INFO train_distributed [rank 0] peak HBM: alloc=7.10 GB, reserved=7.69 GB
2026-04-28 19:38:15,070 INFO train_distributed [rank 0] wrote experiments/043_arch_pairs/results_p_1_1__2_1_seed1/training_log.json
  ✓ p_1_1__2_1_seed2 230s (card 4)

═ TRAIN p_1_2__1_3_seed1 (card 0) ═ 19:38:15
2026-04-28 19:38:15,708 INFO train_distributed it=  19 lr=9.95e-04 loss_world=1.7966 |∇|=1.36e+02 γ=0.995 T=0.0500
  ✓ p_1_1__2_1_seed1 231s (card 3)

═ TRAIN p_1_2__1_3_seed2 (card 1) ═ 19:38:15
2026-04-28 19:38:16,532 INFO train_distributed it=  19 lr=9.95e-04 loss_world=2.4958 |∇|=2.00e+02 γ=0.994 T=0.0499
2026-04-28 19:38:17,767 INFO train_distributed it= 189 lr=1.07e-04 loss_world=2.3304 |∇|=4.64e+03 γ=0.982 T=0.0499
2026-04-28 19:38:18,644 INFO train_distributed it=   9 lr=1.00e-03 loss_world=nan |∇|=nan γ=nan T=nan
2026-04-28 19:38:18,993 INFO train_distributed [dist] rank=0 world_size=1 local_rank=0 cuda_available=True
2026-04-28 19:38:19,037 INFO train_distributed loaded 2,841 returns for spx/2015-2026_daily
2026-04-28 19:38:19,045 INFO train_distributed targets: acf_sq=0.342 leverage_sum=-0.790 hill_alpha=2.68
2026-04-28 19:38:19,598 INFO train_distributed [dist] rank=0 world_size=1 local_rank=0 cuda_available=True
2026-04-28 19:38:19,642 INFO train_distributed loaded 2,841 returns for spx/2015-2026_daily
2026-04-28 19:38:19,647 INFO train_distributed EcoMDSimulator built: 33235 parameters (device=cuda:0)
2026-04-28 19:38:19,649 INFO train_distributed targets: acf_sq=0.342 leverage_sum=-0.790 hill_alpha=2.68
2026-04-28 19:38:20,061 INFO train_distributed EcoMDSimulator built: 33235 parameters (device=cuda:0)
2026-04-28 19:38:26,095 INFO train_distributed it=   0 lr=1.00e-04 loss_world=1.7889 |∇|=2.88e+04 γ=1.000 T=0.0500
2026-04-28 19:38:26,433 INFO train_distributed it=   0 lr=1.00e-04 loss_world=2.3256 |∇|=2.39e+06 γ=1.000 T=0.0500
2026-04-28 19:38:27,026 INFO train_distributed it=  29 lr=9.78e-04 loss_world=4.2216 |∇|=6.16e+02 γ=0.994 T=0.0500
2026-04-28 19:38:27,767 INFO train_distributed it=  29 lr=9.78e-04 loss_world=7.8473 |∇|=1.33e+03 γ=0.986 T=0.0499
2026-04-28 19:38:28,985 INFO train_distributed it= 199 lr=1.00e-04 loss_world=1.1059 |∇|=1.24e+03 γ=0.982 T=0.0499
2026-04-28 19:38:28,991 INFO train_distributed training finished in 432.7s (200 iters, world_size=1)
2026-04-28 19:38:28,991 INFO train_distributed [rank 0] peak HBM: alloc=7.10 GB, reserved=7.69 GB
2026-04-28 19:38:28,994 INFO train_distributed [rank 0] wrote experiments/043_arch_pairs/results_p_1_1__2_1_seed0/training_log.json
  ✓ p_1_1__2_1_seed0 437s (card 2)

═ TRAIN p_1_2__1_3_seed3 (card 2) ═ 19:38:29
2026-04-28 19:38:33,361 INFO train_distributed [dist] rank=0 world_size=1 local_rank=0 cuda_available=True
2026-04-28 19:38:33,403 INFO train_distributed loaded 2,841 returns for spx/2015-2026_daily
2026-04-28 19:38:33,411 INFO train_distributed targets: acf_sq=0.342 leverage_sum=-0.790 hill_alpha=2.68
2026-04-28 19:38:33,673 INFO train_distributed EcoMDSimulator built: 33235 parameters (device=cuda:0)
2026-04-28 19:38:33,826 INFO train_distributed it= 169 lr=1.58e-04 loss_world=nan |∇|=nan γ=nan T=nan
2026-04-28 19:38:35,823 INFO train_distributed it= 169 lr=1.58e-04 loss_world=nan |∇|=nan γ=nan T=nan
2026-04-28 19:38:37,285 INFO train_distributed it=   0 lr=1.00e-04 loss_world=1.8475 |∇|=2.75e+11 γ=1.000 T=0.0500
2026-04-28 19:38:38,337 INFO train_distributed it=  39 lr=9.49e-04 loss_world=1.2144 |∇|=1.21e+02 γ=0.992 T=0.0501
2026-04-28 19:38:38,983 INFO train_distributed it=  39 lr=9.49e-04 loss_world=4.7560 |∇|=1.25e+03 γ=0.979 T=0.0500
2026-04-28 19:38:42,971 INFO train_distributed it=  19 lr=9.95e-04 loss_world=nan |∇|=nan γ=nan T=nan
2026-04-28 19:38:49,675 INFO train_distributed it=  49 lr=9.10e-04 loss_world=11.8693 |∇|=1.38e+03 γ=0.990 T=0.0501
2026-04-28 19:38:50,186 INFO train_distributed it=  49 lr=9.10e-04 loss_world=1.8482 |∇|=2.81e+01 γ=0.972 T=0.0501
2026-04-28 19:38:59,190 INFO train_distributed it=   9 lr=1.00e-03 loss_world=nan |∇|=nan γ=nan T=nan
2026-04-28 19:39:01,055 INFO train_distributed it=  59 lr=8.60e-04 loss_world=1.2100 |∇|=5.23e+02 γ=0.991 T=0.0501
2026-04-28 19:39:01,386 INFO train_distributed it=  59 lr=8.60e-04 loss_world=8.5338 |∇|=1.45e+03 γ=0.967 T=0.0502
2026-04-28 19:39:01,944 INFO train_distributed it= 179 lr=1.27e-04 loss_world=nan |∇|=nan γ=nan T=nan
2026-04-28 19:39:03,962 INFO train_distributed it= 179 lr=1.27e-04 loss_world=nan |∇|=nan γ=nan T=nan
2026-04-28 19:39:07,295 INFO train_distributed it=  29 lr=9.78e-04 loss_world=nan |∇|=nan γ=nan T=nan
2026-04-28 19:39:11,994 INFO train_distributed it=   9 lr=1.00e-03 loss_world=nan |∇|=nan γ=nan T=nan
2026-04-28 19:39:12,349 INFO train_distributed it=   9 lr=1.00e-03 loss_world=nan |∇|=nan γ=nan T=nan
2026-04-28 19:39:12,435 INFO train_distributed it=  69 lr=8.02e-04 loss_world=1.5876 |∇|=1.30e+02 γ=0.993 T=0.0501
2026-04-28 19:39:12,580 INFO train_distributed it=  69 lr=8.02e-04 loss_world=2.0716 |∇|=2.57e+02 γ=0.962 T=0.0503
2026-04-28 19:39:23,502 INFO train_distributed it=  19 lr=9.95e-04 loss_world=nan |∇|=nan γ=nan T=nan
2026-04-28 19:39:23,775 INFO train_distributed it=  79 lr=7.38e-04 loss_world=6.7097 |∇|=1.25e+03 γ=0.957 T=0.0503
2026-04-28 19:39:23,836 INFO train_distributed it=  79 lr=7.38e-04 loss_world=3.0225 |∇|=1.40e+03 γ=0.994 T=0.0501
2026-04-28 19:39:30,062 INFO train_distributed it= 189 lr=1.07e-04 loss_world=nan |∇|=nan γ=nan T=nan
2026-04-28 19:39:31,620 INFO train_distributed it=  39 lr=9.49e-04 loss_world=nan |∇|=nan γ=nan T=nan
2026-04-28 19:39:32,115 INFO train_distributed it= 189 lr=1.07e-04 loss_world=nan |∇|=nan γ=nan T=nan
2026-04-28 19:39:34,973 INFO train_distributed it=  89 lr=6.68e-04 loss_world=2.2074 |∇|=3.33e+02 γ=0.951 T=0.0503
2026-04-28 19:39:35,238 INFO train_distributed it=  89 lr=6.68e-04 loss_world=1.0752 |∇|=1.32e+02 γ=0.995 T=0.0501
2026-04-28 19:39:46,174 INFO train_distributed it=  99 lr=5.95e-04 loss_world=3.0444 |∇|=1.78e+03 γ=0.948 T=0.0504
2026-04-28 19:39:46,637 INFO train_distributed it=  99 lr=5.95e-04 loss_world=1.3949 |∇|=3.82e+01 γ=0.996 T=0.0501
2026-04-28 19:39:47,809 INFO train_distributed it=  29 lr=9.78e-04 loss_world=nan |∇|=nan γ=nan T=nan
2026-04-28 19:39:55,950 INFO train_distributed it=  49 lr=9.10e-04 loss_world=nan |∇|=nan γ=nan T=nan
2026-04-28 19:39:57,374 INFO train_distributed it= 109 lr=5.20e-04 loss_world=2.2623 |∇|=3.89e+02 γ=0.946 T=0.0504
2026-04-28 19:39:58,039 INFO train_distributed it= 109 lr=5.20e-04 loss_world=1.4680 |∇|=8.70e+01 γ=0.996 T=0.0501
2026-04-28 19:39:58,180 INFO train_distributed it= 199 lr=1.00e-04 loss_world=nan |∇|=nan γ=nan T=nan
2026-04-28 19:39:58,186 INFO train_distributed training finished in 522.3s (200 iters, world_size=1)
2026-04-28 19:39:58,186 INFO train_distributed [rank 0] peak HBM: alloc=7.42 GB, reserved=7.88 GB
2026-04-28 19:39:58,188 INFO train_distributed [rank 0] wrote experiments/043_arch_pairs/results_p_1_1__1_3_seed3/training_log.json
  ✓ p_1_1__1_3_seed3 528s (card 0)

═ TRAIN p_1_2__1_3_seed4 (card 3) ═ 19:39:59
2026-04-28 19:40:00,244 INFO train_distributed it= 199 lr=1.00e-04 loss_world=nan |∇|=nan γ=nan T=nan
2026-04-28 19:40:00,250 INFO train_distributed training finished in 524.1s (200 iters, world_size=1)
2026-04-28 19:40:00,250 INFO train_distributed [rank 0] peak HBM: alloc=7.42 GB, reserved=7.88 GB
2026-04-28 19:40:00,252 INFO train_distributed [rank 0] wrote experiments/043_arch_pairs/results_p_1_1__1_3_seed4/training_log.json
2026-04-28 19:40:00,480 INFO train_distributed it=  19 lr=9.95e-04 loss_world=nan |∇|=nan γ=nan T=nan
  ✓ p_1_1__1_3_seed4 530s (card 1)

═ TRAIN p_2_1__2_2_seed0 (card 4) ═ 19:40:01
2026-04-28 19:40:01,719 INFO train_distributed it=  19 lr=9.95e-04 loss_world=nan |∇|=nan γ=nan T=nan
2026-04-28 19:40:02,818 INFO train_distributed [dist] rank=0 world_size=1 local_rank=0 cuda_available=True
2026-04-28 19:40:02,863 INFO train_distributed loaded 2,841 returns for spx/2015-2026_daily
2026-04-28 19:40:02,872 INFO train_distributed targets: acf_sq=0.342 leverage_sum=-0.790 hill_alpha=2.68
2026-04-28 19:40:03,139 INFO train_distributed EcoMDSimulator built: 33235 parameters (device=cuda:0)
2026-04-28 19:40:04,649 INFO train_distributed [dist] rank=0 world_size=1 local_rank=0 cuda_available=True
2026-04-28 19:40:04,823 INFO train_distributed loaded 2,841 returns for spx/2015-2026_daily
2026-04-28 19:40:04,831 INFO train_distributed targets: acf_sq=0.342 leverage_sum=-0.790 hill_alpha=2.68
2026-04-28 19:40:05,092 INFO train_distributed EcoMDSimulator built: 31588 parameters (device=cuda:0)
2026-04-28 19:40:06,915 INFO train_distributed it=   0 lr=1.00e-04 loss_world=2.0473 |∇|=1.30e+02 γ=1.000 T=0.0500
2026-04-28 19:40:07,390 INFO train_distributed it=   0 lr=1.00e-04 loss_world=7.2033 |∇|=5.20e+02 γ=1.000 T=0.0500
2026-04-28 19:40:08,583 INFO train_distributed it= 119 lr=4.47e-04 loss_world=3.4813 |∇|=2.66e+03 γ=0.944 T=0.0504
2026-04-28 19:40:09,441 INFO train_distributed it= 119 lr=4.47e-04 loss_world=1.2492 |∇|=2.74e+02 γ=0.996 T=0.0501
2026-04-28 19:40:12,130 INFO train_distributed it=  39 lr=9.49e-04 loss_world=nan |∇|=nan γ=nan T=nan
2026-04-28 19:40:17,141 INFO train_distributed it=   9 lr=1.00e-03 loss_world=1.1363 |∇|=1.99e+02 γ=0.996 T=0.0500
2026-04-28 19:40:19,783 INFO train_distributed it= 129 lr=3.76e-04 loss_world=1.9557 |∇|=3.83e+02 γ=0.942 T=0.0504
2026-04-28 19:40:20,296 INFO train_distributed it=  59 lr=8.60e-04 loss_world=nan |∇|=nan γ=nan T=nan
2026-04-28 19:40:20,849 INFO train_distributed it= 129 lr=3.76e-04 loss_world=1.1452 |∇|=8.17e+01 γ=0.996 T=0.0501
2026-04-28 19:40:24,830 INFO train_distributed it=  29 lr=9.78e-04 loss_world=nan |∇|=nan γ=nan T=nan
2026-04-28 19:40:26,043 INFO train_distributed it=  29 lr=9.78e-04 loss_world=nan |∇|=nan γ=nan T=nan
2026-04-28 19:40:28,095 INFO train_distributed it=  19 lr=9.95e-04 loss_world=1.1426 |∇|=7.40e+00 γ=0.992 T=0.0500
2026-04-28 19:40:28,771 INFO train_distributed it=   9 lr=1.00e-03 loss_world=nan |∇|=nan γ=nan T=nan
2026-04-28 19:40:30,984 INFO train_distributed it= 139 lr=3.10e-04 loss_world=2.0548 |∇|=6.71e+02 γ=0.941 T=0.0504
2026-04-28 19:40:32,262 INFO train_distributed it= 139 lr=3.10e-04 loss_world=1.2702 |∇|=1.90e+02 γ=0.996 T=0.0501
2026-04-28 19:40:36,450 INFO train_distributed it=  49 lr=9.10e-04 loss_world=nan |∇|=nan γ=nan T=nan
2026-04-28 19:40:39,079 INFO train_distributed it=  29 lr=9.78e-04 loss_world=1.0245 |∇|=4.74e+00 γ=0.989 T=0.0500
2026-04-28 19:40:42,185 INFO train_distributed it= 149 lr=2.51e-04 loss_world=2.3422 |∇|=7.98e+02 γ=0.941 T=0.0504
2026-04-28 19:40:43,661 INFO train_distributed it= 149 lr=2.51e-04 loss_world=1.3873 |∇|=1.07e+02 γ=0.996 T=0.0502
2026-04-28 19:40:44,631 INFO train_distributed it=  69 lr=8.02e-04 loss_world=nan |∇|=nan γ=nan T=nan
2026-04-28 19:40:49,162 INFO train_distributed it=  39 lr=9.49e-04 loss_world=nan |∇|=nan γ=nan T=nan
2026-04-28 19:40:50,077 INFO train_distributed it=  39 lr=9.49e-04 loss_world=1.0241 |∇|=7.95e+00 γ=0.988 T=0.0500
2026-04-28 19:40:50,364 INFO train_distributed it=  39 lr=9.49e-04 loss_world=nan |∇|=nan γ=nan T=nan
2026-04-28 19:40:53,035 INFO train_distributed it=  19 lr=9.95e-04 loss_world=nan |∇|=nan γ=nan T=nan
2026-04-28 19:40:53,389 INFO train_distributed it= 159 lr=2.00e-04 loss_world=2.1298 |∇|=1.36e+03 γ=0.941 T=0.0504
2026-04-28 19:40:55,077 INFO train_distributed it= 159 lr=2.00e-04 loss_world=1.4391 |∇|=1.29e+02 γ=0.996 T=0.0502
2026-04-28 19:41:00,763 INFO train_distributed it=  59 lr=8.60e-04 loss_world=nan |∇|=nan γ=nan T=nan
2026-04-28 19:41:01,079 INFO train_distributed it=  49 lr=9.10e-04 loss_world=1.0253 |∇|=9.59e+00 γ=0.987 T=0.0500
2026-04-28 19:41:04,592 INFO train_distributed it= 169 lr=1.58e-04 loss_world=2.4148 |∇|=1.07e+03 γ=0.941 T=0.0504
2026-04-28 19:41:06,496 INFO train_distributed it= 169 lr=1.58e-04 loss_world=0.9886 |∇|=2.96e+02 γ=0.997 T=0.0502
2026-04-28 19:41:08,975 INFO train_distributed it=  79 lr=7.38e-04 loss_world=nan |∇|=nan γ=nan T=nan
2026-04-28 19:41:12,077 INFO train_distributed it=  59 lr=8.60e-04 loss_world=0.9528 |∇|=5.51e+00 γ=0.986 T=0.0500
2026-04-28 19:41:13,499 INFO train_distributed it=  49 lr=9.10e-04 loss_world=nan |∇|=nan γ=nan T=nan
2026-04-28 19:41:14,689 INFO train_distributed it=  49 lr=9.10e-04 loss_world=nan |∇|=nan γ=nan T=nan
2026-04-28 19:41:15,798 INFO train_distributed it= 179 lr=1.27e-04 loss_world=2.5047 |∇|=2.20e+03 γ=0.941 T=0.0504
2026-04-28 19:41:17,295 INFO train_distributed it=  29 lr=9.78e-04 loss_world=nan |∇|=nan γ=nan T=nan
2026-04-28 19:41:17,910 INFO train_distributed it= 179 lr=1.27e-04 loss_world=1.3046 |∇|=5.05e+02 γ=0.997 T=0.0501
2026-04-28 19:41:23,066 INFO train_distributed it=  69 lr=8.02e-04 loss_world=1.8737 |∇|=2.01e+02 γ=0.985 T=0.0500
2026-04-28 19:41:25,085 INFO train_distributed it=  69 lr=8.02e-04 loss_world=nan |∇|=nan γ=nan T=nan
2026-04-28 19:41:26,999 INFO train_distributed it= 189 lr=1.07e-04 loss_world=3.2408 |∇|=1.38e+04 γ=0.941 T=0.0504
2026-04-28 19:41:29,327 INFO train_distributed it= 189 lr=1.07e-04 loss_world=2.5897 |∇|=1.56e+03 γ=0.997 T=0.0501
2026-04-28 19:41:33,309 INFO train_distributed it=  89 lr=6.68e-04 loss_world=nan |∇|=nan γ=nan T=nan
2026-04-28 19:41:34,032 INFO train_distributed it=  79 lr=7.38e-04 loss_world=1.0167 |∇|=1.77e+01 γ=0.985 T=0.0501
2026-04-28 19:41:37,842 INFO train_distributed it=  59 lr=8.60e-04 loss_world=nan |∇|=nan γ=nan T=nan
2026-04-28 19:41:38,193 INFO train_distributed it= 199 lr=1.00e-04 loss_world=2.5391 |∇|=1.19e+03 γ=0.941 T=0.0504
2026-04-28 19:41:38,199 INFO train_distributed training finished in 225.3s (200 iters, world_size=1)
2026-04-28 19:41:38,199 INFO train_distributed [rank 0] peak HBM: alloc=7.10 GB, reserved=7.69 GB
2026-04-28 19:41:38,202 INFO train_distributed [rank 0] wrote experiments/043_arch_pairs/results_p_1_1__2_1_seed4/training_log.json
2026-04-28 19:41:39,012 INFO train_distributed it=  59 lr=8.60e-04 loss_world=nan |∇|=nan γ=nan T=nan
  ✓ p_1_1__2_1_seed4 231s (card 6)

═ TRAIN p_2_1__2_2_seed1 (card 5) ═ 19:41:39
2026-04-28 19:41:40,745 INFO train_distributed it= 199 lr=1.00e-04 loss_world=1.1185 |∇|=6.74e+02 γ=0.997 T=0.0501
2026-04-28 19:41:40,751 INFO train_distributed training finished in 229.1s (200 iters, world_size=1)
2026-04-28 19:41:40,751 INFO train_distributed [rank 0] peak HBM: alloc=7.10 GB, reserved=7.69 GB
2026-04-28 19:41:40,754 INFO train_distributed [rank 0] wrote experiments/043_arch_pairs/results_p_1_1__2_1_seed3/training_log.json
2026-04-28 19:41:41,556 INFO train_distributed it=  39 lr=9.49e-04 loss_world=nan |∇|=nan γ=nan T=nan
  ✓ p_1_1__2_1_seed3 234s (card 5)

═ TRAIN p_2_1__2_2_seed2 (card 6) ═ 19:41:41
2026-04-28 19:41:42,311 INFO train_distributed [dist] rank=0 world_size=1 local_rank=0 cuda_available=True
2026-04-28 19:41:42,353 INFO train_distributed loaded 2,841 returns for spx/2015-2026_daily
2026-04-28 19:41:42,372 INFO train_distributed targets: acf_sq=0.342 leverage_sum=-0.790 hill_alpha=2.68
2026-04-28 19:41:42,616 INFO train_distributed EcoMDSimulator built: 31588 parameters (device=cuda:0)
2026-04-28 19:41:44,954 INFO train_distributed it=   0 lr=1.00e-04 loss_world=11.5608 |∇|=2.00e+03 γ=1.000 T=0.0500
2026-04-28 19:41:44,993 INFO train_distributed it=  89 lr=6.68e-04 loss_world=0.8159 |∇|=1.92e+01 γ=0.985 T=0.0502
2026-04-28 19:41:45,449 INFO train_distributed [dist] rank=0 world_size=1 local_rank=0 cuda_available=True
2026-04-28 19:41:45,493 INFO train_distributed loaded 2,841 returns for spx/2015-2026_daily
2026-04-28 19:41:45,500 INFO train_distributed targets: acf_sq=0.342 leverage_sum=-0.790 hill_alpha=2.68
2026-04-28 19:41:45,751 INFO train_distributed EcoMDSimulator built: 31588 parameters (device=cuda:0)
2026-04-28 19:41:48,049 INFO train_distributed it=   0 lr=1.00e-04 loss_world=5.6036 |∇|=1.67e+03 γ=1.000 T=0.0500
2026-04-28 19:41:49,412 INFO train_distributed it=  79 lr=7.38e-04 loss_world=nan |∇|=nan γ=nan T=nan
2026-04-28 19:41:55,071 INFO train_distributed it=   9 lr=1.00e-03 loss_world=1.9116 |∇|=6.14e+02 γ=0.999 T=0.0501
2026-04-28 19:41:55,956 INFO train_distributed it=  99 lr=5.95e-04 loss_world=0.7731 |∇|=1.57e+01 γ=0.985 T=0.0502
2026-04-28 19:41:57,644 INFO train_distributed it=  99 lr=5.95e-04 loss_world=nan |∇|=nan γ=nan T=nan
2026-04-28 19:41:57,771 INFO train_distributed it=   9 lr=1.00e-03 loss_world=1.3071 |∇|=2.65e+01 γ=0.999 T=0.0501
2026-04-28 19:42:02,191 INFO train_distributed it=  69 lr=8.02e-04 loss_world=nan |∇|=nan γ=nan T=nan
2026-04-28 19:42:03,336 INFO train_distributed it=  69 lr=8.02e-04 loss_world=nan |∇|=nan γ=nan T=nan
2026-04-28 19:42:05,837 INFO train_distributed it=  49 lr=9.10e-04 loss_world=nan |∇|=nan γ=nan T=nan
2026-04-28 19:42:06,344 INFO train_distributed it=  19 lr=9.95e-04 loss_world=1.2816 |∇|=7.36e+01 γ=0.994 T=0.0502
2026-04-28 19:42:06,915 INFO train_distributed it= 109 lr=5.20e-04 loss_world=0.8673 |∇|=2.41e+01 γ=0.985 T=0.0502
2026-04-28 19:42:08,676 INFO train_distributed it=  19 lr=9.95e-04 loss_world=0.9425 |∇|=9.30e+00 γ=0.997 T=0.0502
2026-04-28 19:42:13,737 INFO train_distributed it=  89 lr=6.68e-04 loss_world=nan |∇|=nan γ=nan T=nan
2026-04-28 19:42:17,570 INFO train_distributed it=  29 lr=9.78e-04 loss_world=4.4753 |∇|=1.90e+03 γ=0.991 T=0.0503
2026-04-28 19:42:17,864 INFO train_distributed it= 119 lr=4.47e-04 loss_world=0.8394 |∇|=1.63e+01 γ=0.985 T=0.0503
2026-04-28 19:42:19,599 INFO train_distributed it=  29 lr=9.78e-04 loss_world=0.9394 |∇|=8.35e+00 γ=0.996 T=0.0502
2026-04-28 19:42:21,979 INFO train_distributed it= 109 lr=5.20e-04 loss_world=nan |∇|=nan γ=nan T=nan
2026-04-28 19:42:26,532 INFO train_distributed it=  79 lr=7.38e-04 loss_world=nan |∇|=nan γ=nan T=nan
2026-04-28 19:42:27,658 INFO train_distributed it=  79 lr=7.38e-04 loss_world=nan |∇|=nan γ=nan T=nan
2026-04-28 19:42:28,781 INFO train_distributed it=  39 lr=9.49e-04 loss_world=3.8702 |∇|=3.07e+02 γ=0.990 T=0.0503
2026-04-28 19:42:28,812 INFO train_distributed it= 129 lr=3.76e-04 loss_world=0.8044 |∇|=1.48e+01 γ=0.985 T=0.0503
2026-04-28 19:42:30,112 INFO train_distributed it=  59 lr=8.60e-04 loss_world=nan |∇|=nan γ=nan T=nan
2026-04-28 19:42:30,517 INFO train_distributed it=  39 lr=9.49e-04 loss_world=1.0641 |∇|=1.12e+01 γ=0.995 T=0.0502
2026-04-28 19:42:38,059 INFO train_distributed it=  99 lr=5.95e-04 loss_world=nan |∇|=nan γ=nan T=nan
2026-04-28 19:42:39,764 INFO train_distributed it= 139 lr=3.10e-04 loss_world=0.7814 |∇|=1.69e+01 γ=0.985 T=0.0503
2026-04-28 19:42:39,969 INFO train_distributed it=  49 lr=9.10e-04 loss_world=1.3198 |∇|=1.31e+01 γ=0.989 T=0.0503
2026-04-28 19:42:41,431 INFO train_distributed it=  49 lr=9.10e-04 loss_world=1.1405 |∇|=2.30e+01 γ=0.994 T=0.0502
2026-04-28 19:42:46,308 INFO train_distributed it= 119 lr=4.47e-04 loss_world=nan |∇|=nan γ=nan T=nan
2026-04-28 19:42:50,717 INFO train_distributed it= 149 lr=2.51e-04 loss_world=0.7799 |∇|=1.78e+01 γ=0.985 T=0.0503
2026-04-28 19:42:50,870 INFO train_distributed it=  89 lr=6.68e-04 loss_world=nan |∇|=nan γ=nan T=nan
2026-04-28 19:42:51,150 INFO train_distributed it=  59 lr=8.60e-04 loss_world=0.8667 |∇|=1.53e+01 γ=0.988 T=0.0503
2026-04-28 19:42:51,976 INFO train_distributed it=  89 lr=6.68e-04 loss_world=nan |∇|=nan γ=nan T=nan
2026-04-28 19:42:52,346 INFO train_distributed it=  59 lr=8.60e-04 loss_world=1.0758 |∇|=1.63e+01 γ=0.994 T=0.0502
2026-04-28 19:42:54,382 INFO train_distributed it=  69 lr=8.02e-04 loss_world=nan |∇|=nan γ=nan T=nan
2026-04-28 19:43:01,680 INFO train_distributed it= 159 lr=2.00e-04 loss_world=0.7998 |∇|=1.66e+01 γ=0.985 T=0.0503
2026-04-28 19:43:02,348 INFO train_distributed it=  69 lr=8.02e-04 loss_world=0.6491 |∇|=5.72e+01 γ=0.987 T=0.0502
2026-04-28 19:43:02,382 INFO train_distributed it= 109 lr=5.20e-04 loss_world=nan |∇|=nan γ=nan T=nan
2026-04-28 19:43:03,266 INFO train_distributed it=  69 lr=8.02e-04 loss_world=0.8257 |∇|=3.22e+01 γ=0.994 T=0.0502
2026-04-28 19:43:10,641 INFO train_distributed it= 129 lr=3.76e-04 loss_world=nan |∇|=nan γ=nan T=nan
2026-04-28 19:43:12,632 INFO train_distributed it= 169 lr=1.58e-04 loss_world=0.7761 |∇|=1.92e+01 γ=0.985 T=0.0503
2026-04-28 19:43:13,538 INFO train_distributed it=  79 lr=7.38e-04 loss_world=0.6776 |∇|=2.59e+01 γ=0.987 T=0.0502
2026-04-28 19:43:14,184 INFO train_distributed it=  79 lr=7.38e-04 loss_world=0.8421 |∇|=3.04e+01 γ=0.994 T=0.0502
2026-04-28 19:43:15,208 INFO train_distributed it=  99 lr=5.95e-04 loss_world=nan |∇|=nan γ=nan T=nan
2026-04-28 19:43:16,298 INFO train_distributed it=  99 lr=5.95e-04 loss_world=nan |∇|=nan γ=nan T=nan
2026-04-28 19:43:18,650 INFO train_distributed it=  79 lr=7.38e-04 loss_world=nan |∇|=nan γ=nan T=nan
2026-04-28 19:43:23,590 INFO train_distributed it= 179 lr=1.27e-04 loss_world=0.7957 |∇|=2.05e+01 γ=0.985 T=0.0503
2026-04-28 19:43:24,735 INFO train_distributed it=  89 lr=6.68e-04 loss_world=0.6176 |∇|=2.94e+01 γ=0.986 T=0.0502
2026-04-28 19:43:25,099 INFO train_distributed it=  89 lr=6.68e-04 loss_world=0.8462 |∇|=3.00e+01 γ=0.994 T=0.0502
2026-04-28 19:43:26,698 INFO train_distributed it= 119 lr=4.47e-04 loss_world=nan |∇|=nan γ=nan T=nan
2026-04-28 19:43:34,546 INFO train_distributed it= 189 lr=1.07e-04 loss_world=0.7737 |∇|=2.21e+01 γ=0.985 T=0.0503
2026-04-28 19:43:34,977 INFO train_distributed it= 139 lr=3.10e-04 loss_world=nan |∇|=nan γ=nan T=nan
2026-04-28 19:43:35,921 INFO train_distributed it=  99 lr=5.95e-04 loss_world=0.6419 |∇|=2.87e+01 γ=0.986 T=0.0502
2026-04-28 19:43:36,013 INFO train_distributed it=  99 lr=5.95e-04 loss_world=0.8346 |∇|=1.71e+01 γ=0.994 T=0.0502
2026-04-28 19:43:39,547 INFO train_distributed it= 109 lr=5.20e-04 loss_world=nan |∇|=nan γ=nan T=nan
2026-04-28 19:43:40,621 INFO train_distributed it= 109 lr=5.20e-04 loss_world=nan |∇|=nan γ=nan T=nan
2026-04-28 19:43:42,923 INFO train_distributed it=  89 lr=6.68e-04 loss_world=nan |∇|=nan γ=nan T=nan
2026-04-28 19:43:45,509 INFO train_distributed it= 199 lr=1.00e-04 loss_world=0.7910 |∇|=1.93e+01 γ=0.985 T=0.0503
2026-04-28 19:43:45,514 INFO train_distributed training finished in 220.4s (200 iters, world_size=1)
2026-04-28 19:43:45,514 INFO train_distributed [rank 0] peak HBM: alloc=7.09 GB, reserved=7.68 GB
2026-04-28 19:43:45,517 INFO train_distributed [rank 0] wrote experiments/043_arch_pairs/results_p_2_1__2_2_seed0/training_log.json
  ✓ p_2_1__2_2_seed0 225s (card 4)

═ TRAIN p_2_1__2_2_seed3 (card 7) ═ 19:43:46
2026-04-28 19:43:46,929 INFO train_distributed it= 109 lr=5.20e-04 loss_world=0.9240 |∇|=1.46e+01 γ=0.993 T=0.0502
2026-04-28 19:43:47,124 INFO train_distributed it= 109 lr=5.20e-04 loss_world=0.6489 |∇|=3.39e+01 γ=0.986 T=0.0503
2026-04-28 19:43:49,589 INFO train_distributed [dist] rank=0 world_size=1 local_rank=0 cuda_available=True
2026-04-28 19:43:49,633 INFO train_distributed loaded 2,841 returns for spx/2015-2026_daily
2026-04-28 19:43:49,640 INFO train_distributed targets: acf_sq=0.342 leverage_sum=-0.790 hill_alpha=2.68
2026-04-28 19:43:50,041 INFO train_distributed EcoMDSimulator built: 31588 parameters (device=cuda:0)
2026-04-28 19:43:51,018 INFO train_distributed it= 129 lr=3.76e-04 loss_world=nan |∇|=nan γ=nan T=nan
2026-04-28 19:43:53,624 INFO train_distributed it=   0 lr=1.00e-04 loss_world=3.7187 |∇|=1.77e+02 γ=1.000 T=0.0500
2026-04-28 19:43:57,868 INFO train_distributed it= 119 lr=4.47e-04 loss_world=0.8026 |∇|=3.08e+01 γ=0.993 T=0.0502
2026-04-28 19:43:58,324 INFO train_distributed it= 119 lr=4.47e-04 loss_world=0.6835 |∇|=3.09e+01 γ=0.986 T=0.0503
2026-04-28 19:44:03,881 INFO train_distributed it= 119 lr=4.47e-04 loss_world=nan |∇|=nan γ=nan T=nan
2026-04-28 19:44:04,946 INFO train_distributed it= 119 lr=4.47e-04 loss_world=nan |∇|=nan γ=nan T=nan
2026-04-28 19:44:07,206 INFO train_distributed it=  99 lr=5.95e-04 loss_world=nan |∇|=nan γ=nan T=nan
2026-04-28 19:44:08,228 INFO train_distributed it= 149 lr=2.51e-04 loss_world=nan |∇|=nan γ=nan T=nan
2026-04-28 19:44:08,782 INFO train_distributed it= 129 lr=3.76e-04 loss_world=0.7887 |∇|=2.71e+01 γ=0.993 T=0.0502
2026-04-28 19:44:09,523 INFO train_distributed it= 129 lr=3.76e-04 loss_world=0.6013 |∇|=3.22e+01 γ=0.986 T=0.0503
2026-04-28 19:44:14,404 INFO train_distributed it=   9 lr=1.00e-03 loss_world=0.7121 |∇|=2.79e+01 γ=1.004 T=0.0499
2026-04-28 19:44:15,333 INFO train_distributed it= 139 lr=3.10e-04 loss_world=nan |∇|=nan γ=nan T=nan
2026-04-28 19:44:19,698 INFO train_distributed it= 139 lr=3.10e-04 loss_world=0.7978 |∇|=3.23e+01 γ=0.993 T=0.0502
2026-04-28 19:44:20,722 INFO train_distributed it= 139 lr=3.10e-04 loss_world=0.6553 |∇|=3.58e+01 γ=0.986 T=0.0503
2026-04-28 19:44:28,221 INFO train_distributed it= 129 lr=3.76e-04 loss_world=nan |∇|=nan γ=nan T=nan
2026-04-28 19:44:29,272 INFO train_distributed it= 129 lr=3.76e-04 loss_world=nan |∇|=nan γ=nan T=nan
2026-04-28 19:44:30,612 INFO train_distributed it= 149 lr=2.51e-04 loss_world=0.8156 |∇|=2.68e+01 γ=0.993 T=0.0502
2026-04-28 19:44:31,485 INFO train_distributed it= 109 lr=5.20e-04 loss_world=nan |∇|=nan γ=nan T=nan
2026-04-28 19:44:31,926 INFO train_distributed it= 149 lr=2.51e-04 loss_world=0.6546 |∇|=3.18e+01 γ=0.986 T=0.0503
2026-04-28 19:44:37,761 INFO train_distributed it=  19 lr=9.95e-04 loss_world=0.7099 |∇|=5.68e+00 γ=1.007 T=0.0498
2026-04-28 19:44:39,655 INFO train_distributed it= 149 lr=2.51e-04 loss_world=nan |∇|=nan γ=nan T=nan
2026-04-28 19:44:41,525 INFO train_distributed it= 159 lr=2.00e-04 loss_world=0.8144 |∇|=2.72e+01 γ=0.993 T=0.0502
2026-04-28 19:44:43,116 INFO train_distributed it= 159 lr=2.00e-04 loss_world=0.6526 |∇|=3.17e+01 γ=0.986 T=0.0503
2026-04-28 19:44:52,444 INFO train_distributed it= 169 lr=1.58e-04 loss_world=0.7903 |∇|=2.90e+01 γ=0.993 T=0.0502
2026-04-28 19:44:52,566 INFO train_distributed it= 139 lr=3.10e-04 loss_world=nan |∇|=nan γ=nan T=nan
2026-04-28 19:44:53,600 INFO train_distributed it= 139 lr=3.10e-04 loss_world=nan |∇|=nan γ=nan T=nan
2026-04-28 19:44:54,318 INFO train_distributed it= 169 lr=1.58e-04 loss_world=0.6278 |∇|=3.26e+01 γ=0.986 T=0.0503
2026-04-28 19:44:55,762 INFO train_distributed it= 119 lr=4.47e-04 loss_world=nan |∇|=nan γ=nan T=nan
2026-04-28 19:44:59,315 INFO train_distributed it= 159 lr=2.00e-04 loss_world=nan |∇|=nan γ=nan T=nan
2026-04-28 19:45:01,551 INFO train_distributed it=  29 lr=9.78e-04 loss_world=0.7849 |∇|=3.32e+00 γ=1.007 T=0.0498
2026-04-28 19:45:03,388 INFO train_distributed it= 179 lr=1.27e-04 loss_world=0.7866 |∇|=3.12e+01 γ=0.993 T=0.0502
2026-04-28 19:45:03,977 INFO train_distributed it= 159 lr=2.00e-04 loss_world=nan |∇|=nan γ=nan T=nan
2026-04-28 19:45:05,504 INFO train_distributed it= 179 lr=1.27e-04 loss_world=0.6465 |∇|=3.26e+01 γ=0.986 T=0.0503
2026-04-28 19:45:14,305 INFO train_distributed it= 189 lr=1.07e-04 loss_world=0.7819 |∇|=3.10e+01 γ=0.993 T=0.0502
2026-04-28 19:45:16,698 INFO train_distributed it= 189 lr=1.07e-04 loss_world=0.6350 |∇|=3.27e+01 γ=0.986 T=0.0503
2026-04-28 19:45:16,915 INFO train_distributed it= 149 lr=2.51e-04 loss_world=nan |∇|=nan γ=nan T=nan
2026-04-28 19:45:17,921 INFO train_distributed it= 149 lr=2.51e-04 loss_world=nan |∇|=nan γ=nan T=nan
2026-04-28 19:45:20,041 INFO train_distributed it= 129 lr=3.76e-04 loss_world=nan |∇|=nan γ=nan T=nan
2026-04-28 19:45:25,223 INFO train_distributed it= 199 lr=1.00e-04 loss_world=0.7737 |∇|=3.05e+01 γ=0.993 T=0.0502
2026-04-28 19:45:25,228 INFO train_distributed training finished in 219.5s (200 iters, world_size=1)
2026-04-28 19:45:25,229 INFO train_distributed [rank 0] peak HBM: alloc=7.09 GB, reserved=7.68 GB
2026-04-28 19:45:25,232 INFO train_distributed [rank 0] wrote experiments/043_arch_pairs/results_p_2_1__2_2_seed2/training_log.json
2026-04-28 19:45:25,319 INFO train_distributed it=  39 lr=9.49e-04 loss_world=0.8274 |∇|=6.24e+00 γ=1.006 T=0.0498
  ✓ p_2_1__2_2_seed2 225s (card 6)

═ TRAIN p_2_1__2_2_seed4 (card 0) ═ 19:45:26
2026-04-28 19:45:27,911 INFO train_distributed it= 199 lr=1.00e-04 loss_world=0.6192 |∇|=3.69e+01 γ=0.986 T=0.0503
2026-04-28 19:45:27,917 INFO train_distributed training finished in 225.3s (200 iters, world_size=1)
2026-04-28 19:45:27,917 INFO train_distributed [rank 0] peak HBM: alloc=7.09 GB, reserved=7.68 GB
2026-04-28 19:45:27,920 INFO train_distributed [rank 0] wrote experiments/043_arch_pairs/results_p_2_1__2_2_seed1/training_log.json
2026-04-28 19:45:28,306 INFO train_distributed it= 169 lr=1.58e-04 loss_world=nan |∇|=nan γ=nan T=nan
  ✓ p_2_1__2_2_seed1 229s (card 5)

═ TRAIN p_3_1__1_3_seed0 (card 1) ═ 19:45:28
2026-04-28 19:45:29,102 INFO train_distributed [dist] rank=0 world_size=1 local_rank=0 cuda_available=True
2026-04-28 19:45:29,145 INFO train_distributed loaded 2,841 returns for spx/2015-2026_daily
2026-04-28 19:45:29,152 INFO train_distributed targets: acf_sq=0.342 leverage_sum=-0.790 hill_alpha=2.68
2026-04-28 19:45:29,557 INFO train_distributed EcoMDSimulator built: 31588 parameters (device=cuda:0)
2026-04-28 19:45:32,028 INFO train_distributed [dist] rank=0 world_size=1 local_rank=0 cuda_available=True
2026-04-28 19:45:32,070 INFO train_distributed loaded 2,841 returns for spx/2015-2026_daily
2026-04-28 19:45:32,077 INFO train_distributed targets: acf_sq=0.342 leverage_sum=-0.790 hill_alpha=2.68
2026-04-28 19:45:32,525 INFO train_distributed EcoMDSimulator built: 105316 parameters (device=cuda:0)
2026-04-28 19:45:33,179 INFO train_distributed it=   0 lr=1.00e-04 loss_world=0.5921 |∇|=5.37e+02 γ=1.000 T=0.0500
2026-04-28 19:45:34,184 INFO train_distributed it=   0 lr=1.00e-04 loss_world=1.0149 |∇|=1.50e+01 γ=1.000 T=0.0500
2026-04-28 19:45:38,635 INFO train_distributed it=   9 lr=1.00e-03 loss_world=1.2615 |∇|=4.63e+00 γ=1.004 T=0.0500
2026-04-28 19:45:43,566 INFO train_distributed it=  19 lr=9.95e-04 loss_world=1.4631 |∇|=4.16e-01 γ=1.006 T=0.0500
2026-04-28 19:45:44,324 INFO train_distributed it= 139 lr=3.10e-04 loss_world=nan |∇|=nan γ=nan T=nan
2026-04-28 19:45:48,491 INFO train_distributed it=  29 lr=9.78e-04 loss_world=1.4324 |∇|=1.23e+00 γ=1.005 T=0.0498
2026-04-28 19:45:49,106 INFO train_distributed it=  49 lr=9.10e-04 loss_world=0.9374 |∇|=8.82e+00 γ=1.003 T=0.0497
2026-04-28 19:45:50,074 INFO train_distributed it= 169 lr=1.58e-04 loss_world=nan |∇|=nan γ=nan T=nan
2026-04-28 19:45:50,168 INFO train_distributed it= 159 lr=2.00e-04 loss_world=nan |∇|=nan γ=nan T=nan
2026-04-28 19:45:52,626 INFO train_distributed it= 179 lr=1.27e-04 loss_world=nan |∇|=nan γ=nan T=nan
2026-04-28 19:45:52,904 INFO train_distributed it= 159 lr=2.00e-04 loss_world=nan |∇|=nan γ=nan T=nan
2026-04-28 19:45:53,408 INFO train_distributed it=  39 lr=9.49e-04 loss_world=1.5938 |∇|=3.34e+00 γ=1.006 T=0.0498
2026-04-28 19:45:54,055 INFO train_distributed it=   9 lr=1.00e-03 loss_world=24.5598 |∇|=4.55e+04 γ=0.999 T=0.0499
2026-04-28 19:45:58,324 INFO train_distributed it=  49 lr=9.10e-04 loss_world=0.7304 |∇|=1.78e+00 γ=1.013 T=0.0501
2026-04-28 19:46:03,239 INFO train_distributed it=  59 lr=8.60e-04 loss_world=0.7686 |∇|=2.47e+00 γ=1.017 T=0.0504
2026-04-28 19:46:08,175 INFO train_distributed it=  69 lr=8.02e-04 loss_world=0.6207 |∇|=1.30e+00 γ=1.015 T=0.0504
2026-04-28 19:46:08,596 INFO train_distributed it= 149 lr=2.51e-04 loss_world=nan |∇|=nan γ=nan T=nan
2026-04-28 19:46:12,840 INFO train_distributed it=  59 lr=8.60e-04 loss_world=0.6550 |∇|=3.24e+00 γ=1.002 T=0.0497
2026-04-28 19:46:13,105 INFO train_distributed it=  79 lr=7.38e-04 loss_world=0.8405 |∇|=3.52e-01 γ=1.015 T=0.0504
2026-04-28 19:46:16,949 INFO train_distributed it= 189 lr=1.07e-04 loss_world=nan |∇|=nan γ=nan T=nan
2026-04-28 19:46:17,927 INFO train_distributed it=  19 lr=9.95e-04 loss_world=0.9789 |∇|=1.75e+02 γ=0.995 T=0.0499
2026-04-28 19:46:18,020 INFO train_distributed it=  89 lr=6.68e-04 loss_world=1.6151 |∇|=2.07e+00 γ=1.015 T=0.0504
2026-04-28 19:46:22,949 INFO train_distributed it=  99 lr=5.95e-04 loss_world=0.6575 |∇|=1.75e+00 γ=1.013 T=0.0503
2026-04-28 19:46:27,901 INFO train_distributed it= 109 lr=5.20e-04 loss_world=0.9471 |∇|=1.67e+00 γ=1.012 T=0.0502
2026-04-28 19:46:32,824 INFO train_distributed it= 119 lr=4.47e-04 loss_world=0.7021 |∇|=5.32e+00 γ=1.012 T=0.0502
2026-04-28 19:46:32,862 INFO train_distributed it= 159 lr=2.00e-04 loss_world=nan |∇|=nan γ=nan T=nan
2026-04-28 19:46:36,579 INFO train_distributed it=  69 lr=8.02e-04 loss_world=0.6604 |∇|=2.74e+00 γ=1.000 T=0.0497
2026-04-28 19:46:36,785 INFO train_distributed it= 169 lr=1.58e-04 loss_world=nan |∇|=nan γ=nan T=nan
2026-04-28 19:46:37,762 INFO train_distributed it= 129 lr=3.76e-04 loss_world=1.3495 |∇|=2.86e-01 γ=1.011 T=0.0501
2026-04-28 19:46:40,871 INFO train_distributed it= 179 lr=1.27e-04 loss_world=nan |∇|=nan γ=nan T=nan
2026-04-28 19:46:41,272 INFO train_distributed it= 199 lr=1.00e-04 loss_world=nan |∇|=nan γ=nan T=nan
2026-04-28 19:46:41,278 INFO train_distributed training finished in 487.6s (200 iters, world_size=1)
2026-04-28 19:46:41,278 INFO train_distributed [rank 0] peak HBM: alloc=7.77 GB, reserved=8.20 GB
2026-04-28 19:46:41,280 INFO train_distributed [rank 0] wrote experiments/043_arch_pairs/results_p_1_2__1_3_seed3/training_log.json
2026-04-28 19:46:41,837 INFO train_distributed it=  29 lr=9.78e-04 loss_world=0.8023 |∇|=2.76e+01 γ=0.994 T=0.0499
  ✓ p_1_2__1_3_seed3 493s (card 2)

═ TRAIN p_3_1__1_3_seed1 (card 2) ═ 19:46:42
2026-04-28 19:46:42,696 INFO train_distributed it= 139 lr=3.10e-04 loss_world=1.0509 |∇|=2.12e+00 γ=1.011 T=0.0501
2026-04-28 19:46:43,735 INFO train_distributed it= 169 lr=1.58e-04 loss_world=nan |∇|=nan γ=nan T=nan
2026-04-28 19:46:45,595 INFO train_distributed [dist] rank=0 world_size=1 local_rank=0 cuda_available=True
2026-04-28 19:46:45,639 INFO train_distributed loaded 2,841 returns for spx/2015-2026_daily
2026-04-28 19:46:45,647 INFO train_distributed targets: acf_sq=0.342 leverage_sum=-0.790 hill_alpha=2.68
2026-04-28 19:46:45,975 INFO train_distributed EcoMDSimulator built: 105316 parameters (device=cuda:0)
2026-04-28 19:46:47,375 INFO train_distributed it=   0 lr=1.00e-04 loss_world=1.3700 |∇|=6.86e+00 γ=1.000 T=0.0500
2026-04-28 19:46:47,622 INFO train_distributed it= 149 lr=2.51e-04 loss_world=0.8028 |∇|=1.73e+01 γ=1.012 T=0.0502
2026-04-28 19:46:49,846 INFO train_distributed it=   9 lr=1.00e-03 loss_world=0.8375 |∇|=2.19e+00 γ=0.998 T=0.0502
2026-04-28 19:46:52,557 INFO train_distributed it= 159 lr=2.00e-04 loss_world=1.0785 |∇|=8.58e-01 γ=1.012 T=0.0503
2026-04-28 19:46:52,600 INFO train_distributed it=  19 lr=9.95e-04 loss_world=0.7801 |∇|=1.29e+00 γ=0.998 T=0.0503
2026-04-28 19:46:55,365 INFO train_distributed it=  29 lr=9.78e-04 loss_world=1.3292 |∇|=6.58e+00 γ=0.997 T=0.0502
2026-04-28 19:46:57,136 INFO train_distributed it= 169 lr=1.58e-04 loss_world=nan |∇|=nan γ=nan T=nan
2026-04-28 19:46:57,490 INFO train_distributed it= 169 lr=1.58e-04 loss_world=0.7891 |∇|=2.62e+00 γ=1.012 T=0.0503
2026-04-28 19:46:58,121 INFO train_distributed it=  39 lr=9.49e-04 loss_world=0.9700 |∇|=1.33e+00 γ=1.000 T=0.0503
2026-04-28 19:47:00,334 INFO train_distributed it=  79 lr=7.38e-04 loss_world=0.6549 |∇|=5.32e+00 γ=0.999 T=0.0497
2026-04-28 19:47:00,890 INFO train_distributed it=  49 lr=9.10e-04 loss_world=0.9379 |∇|=2.13e+00 γ=1.000 T=0.0503
2026-04-28 19:47:02,433 INFO train_distributed it= 179 lr=1.27e-04 loss_world=0.9387 |∇|=6.35e+00 γ=1.012 T=0.0503
2026-04-28 19:47:03,652 INFO train_distributed it=  59 lr=8.60e-04 loss_world=0.6587 |∇|=1.60e+00 γ=0.999 T=0.0501
2026-04-28 19:47:05,728 INFO train_distributed it=  39 lr=9.49e-04 loss_world=0.7114 |∇|=6.83e+01 γ=0.993 T=0.0499
2026-04-28 19:47:06,318 INFO train_distributed it=  69 lr=8.02e-04 loss_world=0.7751 |∇|=3.61e+00 γ=1.002 T=0.0504
2026-04-28 19:47:07,372 INFO train_distributed it= 189 lr=1.07e-04 loss_world=1.2968 |∇|=1.46e+00 γ=1.012 T=0.0503
2026-04-28 19:47:08,992 INFO train_distributed it=  79 lr=7.38e-04 loss_world=0.8173 |∇|=1.86e+00 γ=1.004 T=0.0505
2026-04-28 19:47:11,639 INFO train_distributed it=  89 lr=6.68e-04 loss_world=0.6655 |∇|=2.90e+00 γ=1.002 T=0.0505
2026-04-28 19:47:12,322 INFO train_distributed it= 199 lr=1.00e-04 loss_world=0.7495 |∇|=1.52e+00 γ=1.012 T=0.0503
2026-04-28 19:47:12,329 INFO train_distributed training finished in 99.8s (200 iters, world_size=1)
2026-04-28 19:47:12,329 INFO train_distributed [rank 0] peak HBM: alloc=0.59 GB, reserved=0.77 GB
2026-04-28 19:47:12,332 INFO train_distributed [rank 0] wrote experiments/043_arch_pairs/results_p_3_1__1_3_seed0/training_log.json
  ✓ p_3_1__1_3_seed0 105s (card 1)

═ TRAIN p_3_1__1_3_seed2 (card 3) ═ 19:47:13
2026-04-28 19:47:14,310 INFO train_distributed it=  99 lr=5.95e-04 loss_world=0.5872 |∇|=2.22e+00 γ=1.002 T=0.0505
2026-04-28 19:47:16,490 INFO train_distributed [dist] rank=0 world_size=1 local_rank=0 cuda_available=True
2026-04-28 19:47:16,534 INFO train_distributed loaded 2,841 returns for spx/2015-2026_daily
2026-04-28 19:47:16,541 INFO train_distributed targets: acf_sq=0.342 leverage_sum=-0.790 hill_alpha=2.68
2026-04-28 19:47:16,921 INFO train_distributed EcoMDSimulator built: 105316 parameters (device=cuda:0)
2026-04-28 19:47:16,990 INFO train_distributed it= 109 lr=5.20e-04 loss_world=1.3123 |∇|=2.18e+00 γ=1.001 T=0.0505
2026-04-28 19:47:18,089 INFO train_distributed it= 179 lr=1.27e-04 loss_world=nan |∇|=nan γ=nan T=nan
2026-04-28 19:47:18,591 INFO train_distributed it=   0 lr=1.00e-04 loss_world=1.0501 |∇|=1.52e+00 γ=1.000 T=0.0500
2026-04-28 19:47:19,641 INFO train_distributed it= 119 lr=4.47e-04 loss_world=0.9506 |∇|=1.14e+00 γ=1.000 T=0.0504
2026-04-28 19:47:22,304 INFO train_distributed it= 129 lr=3.76e-04 loss_world=0.9349 |∇|=3.29e+00 γ=1.000 T=0.0504
2026-04-28 19:47:23,058 INFO train_distributed it=   9 lr=1.00e-03 loss_world=0.9239 |∇|=8.51e-01 γ=1.002 T=0.0501
2026-04-28 19:47:24,007 INFO train_distributed it=  89 lr=6.68e-04 loss_world=0.6533 |∇|=4.85e+00 γ=0.997 T=0.0497
2026-04-28 19:47:24,580 INFO train_distributed it= 179 lr=1.27e-04 loss_world=nan |∇|=nan γ=nan T=nan
2026-04-28 19:47:24,969 INFO train_distributed it= 139 lr=3.10e-04 loss_world=1.4092 |∇|=1.15e+00 γ=1.002 T=0.0505
2026-04-28 19:47:27,649 INFO train_distributed it= 149 lr=2.51e-04 loss_world=1.4048 |∇|=3.49e+00 γ=1.003 T=0.0506
2026-04-28 19:47:28,032 INFO train_distributed it=  19 lr=9.95e-04 loss_world=1.4426 |∇|=2.86e-01 γ=1.006 T=0.0504
2026-04-28 19:47:29,626 INFO train_distributed it=  49 lr=9.10e-04 loss_world=0.7306 |∇|=2.33e+01 γ=0.993 T=0.0499
2026-04-28 19:47:30,300 INFO train_distributed it= 159 lr=2.00e-04 loss_world=0.8741 |∇|=9.33e-01 γ=1.003 T=0.0506
2026-04-28 19:47:31,695 INFO train_distributed it= 189 lr=1.07e-04 loss_world=nan |∇|=nan γ=nan T=nan
2026-04-28 19:47:32,954 INFO train_distributed it= 169 lr=1.58e-04 loss_world=0.7908 |∇|=1.54e+00 γ=1.002 T=0.0506
2026-04-28 19:47:32,989 INFO train_distributed it=  29 lr=9.78e-04 loss_world=0.7945 |∇|=7.64e+00 γ=1.007 T=0.0504
2026-04-28 19:47:34,526 INFO train_distributed it= 179 lr=1.27e-04 loss_world=nan |∇|=nan γ=nan T=nan
2026-04-28 19:47:35,599 INFO train_distributed it= 179 lr=1.27e-04 loss_world=0.7285 |∇|=2.53e+00 γ=1.002 T=0.0505
2026-04-28 19:47:37,956 INFO train_distributed it=  39 lr=9.49e-04 loss_world=1.8899 |∇|=6.89e-01 γ=1.009 T=0.0505
2026-04-28 19:47:38,256 INFO train_distributed it= 189 lr=1.07e-04 loss_world=1.2360 |∇|=3.50e+00 γ=1.002 T=0.0506
2026-04-28 19:47:40,913 INFO train_distributed it= 199 lr=1.00e-04 loss_world=0.8659 |∇|=2.40e+00 γ=1.004 T=0.0506
2026-04-28 19:47:40,920 INFO train_distributed training finished in 54.9s (200 iters, world_size=1)
2026-04-28 19:47:40,920 INFO train_distributed [rank 0] peak HBM: alloc=0.59 GB, reserved=0.77 GB
2026-04-28 19:47:40,923 INFO train_distributed [rank 0] wrote experiments/043_arch_pairs/results_p_3_1__1_3_seed1/training_log.json
  ✓ p_3_1__1_3_seed1 59s (card 2)

═ TRAIN p_3_1__1_3_seed3 (card 4) ═ 19:47:41
2026-04-28 19:47:42,393 INFO train_distributed it= 189 lr=1.07e-04 loss_world=nan |∇|=nan γ=nan T=nan
2026-04-28 19:47:42,928 INFO train_distributed it=  49 lr=9.10e-04 loss_world=0.8095 |∇|=3.16e+00 γ=1.010 T=0.0504
2026-04-28 19:47:45,210 INFO train_distributed [dist] rank=0 world_size=1 local_rank=0 cuda_available=True
2026-04-28 19:47:45,254 INFO train_distributed loaded 2,841 returns for spx/2015-2026_daily
2026-04-28 19:47:45,261 INFO train_distributed targets: acf_sq=0.342 leverage_sum=-0.790 hill_alpha=2.68
2026-04-28 19:47:45,518 INFO train_distributed EcoMDSimulator built: 105316 parameters (device=cuda:0)
2026-04-28 19:47:46,972 INFO train_distributed it=   0 lr=1.00e-04 loss_world=0.8133 |∇|=1.66e+00 γ=1.000 T=0.0500
2026-04-28 19:47:47,687 INFO train_distributed it=  99 lr=5.95e-04 loss_world=0.6388 |∇|=3.10e+01 γ=0.996 T=0.0497
2026-04-28 19:47:48,068 INFO train_distributed it=  59 lr=8.60e-04 loss_world=0.7662 |∇|=1.66e+00 γ=1.010 T=0.0503
2026-04-28 19:47:49,450 INFO train_distributed it=   9 lr=1.00e-03 loss_world=0.7948 |∇|=1.71e-01 γ=1.004 T=0.0500
2026-04-28 19:47:52,167 INFO train_distributed it=  19 lr=9.95e-04 loss_world=1.0672 |∇|=1.24e+00 γ=1.006 T=0.0499
2026-04-28 19:47:53,032 INFO train_distributed it=  69 lr=8.02e-04 loss_world=0.7495 |∇|=1.61e+00 γ=1.009 T=0.0503
2026-04-28 19:47:53,512 INFO train_distributed it=  59 lr=8.60e-04 loss_world=0.6282 |∇|=3.15e+01 γ=0.993 T=0.0499
2026-04-28 19:47:54,848 INFO train_distributed it=  29 lr=9.78e-04 loss_world=0.6777 |∇|=2.14e+01 γ=1.012 T=0.0501
2026-04-28 19:47:57,582 INFO train_distributed it=  39 lr=9.49e-04 loss_world=0.9100 |∇|=4.59e-01 γ=1.017 T=0.0502
2026-04-28 19:47:58,044 INFO train_distributed it=  79 lr=7.38e-04 loss_world=0.6079 |∇|=2.35e+00 γ=1.009 T=0.0502
2026-04-28 19:48:00,266 INFO train_distributed it=  49 lr=9.10e-04 loss_world=1.5210 |∇|=1.52e+01 γ=1.019 T=0.0503
2026-04-28 19:48:02,992 INFO train_distributed it=  59 lr=8.60e-04 loss_world=0.9358 |∇|=3.67e-01 γ=1.019 T=0.0503
2026-04-28 19:48:03,016 INFO train_distributed it=  89 lr=6.68e-04 loss_world=0.8258 |∇|=2.40e+00 γ=1.010 T=0.0503
2026-04-28 19:48:05,683 INFO train_distributed it=  69 lr=8.02e-04 loss_world=0.8079 |∇|=2.59e+00 γ=1.019 T=0.0505
2026-04-28 19:48:06,701 INFO train_distributed it= 199 lr=1.00e-04 loss_world=nan |∇|=nan γ=nan T=nan
2026-04-28 19:48:06,706 INFO train_distributed training finished in 586.6s (200 iters, world_size=1)
2026-04-28 19:48:06,706 INFO train_distributed [rank 0] peak HBM: alloc=7.77 GB, reserved=8.20 GB
2026-04-28 19:48:06,708 INFO train_distributed [rank 0] wrote experiments/043_arch_pairs/results_p_1_2__1_3_seed2/training_log.json
  ✓ p_1_2__1_3_seed2 592s (card 1)

═ TRAIN p_3_1__1_3_seed4 (card 5) ═ 19:48:07
2026-04-28 19:48:07,991 INFO train_distributed it=  99 lr=5.95e-04 loss_world=0.9465 |∇|=1.85e+00 γ=1.009 T=0.0503
2026-04-28 19:48:08,388 INFO train_distributed it=  79 lr=7.38e-04 loss_world=0.7568 |∇|=7.67e+00 γ=1.019 T=0.0505
2026-04-28 19:48:11,085 INFO train_distributed it=  89 lr=6.68e-04 loss_world=0.7331 |∇|=1.31e+00 γ=1.018 T=0.0505
2026-04-28 19:48:11,211 INFO train_distributed it= 189 lr=1.07e-04 loss_world=nan |∇|=nan γ=nan T=nan
2026-04-28 19:48:11,285 INFO train_distributed [dist] rank=0 world_size=1 local_rank=0 cuda_available=True
2026-04-28 19:48:11,333 INFO train_distributed loaded 2,841 returns for spx/2015-2026_daily
2026-04-28 19:48:11,340 INFO train_distributed targets: acf_sq=0.342 leverage_sum=-0.790 hill_alpha=2.68
2026-04-28 19:48:11,350 INFO train_distributed it= 109 lr=5.20e-04 loss_world=0.8837 |∇|=1.86e+01 γ=0.997 T=0.0498
2026-04-28 19:48:11,601 INFO train_distributed EcoMDSimulator built: 105316 parameters (device=cuda:0)
2026-04-28 19:48:12,953 INFO train_distributed it= 109 lr=5.20e-04 loss_world=0.7555 |∇|=2.47e+00 γ=1.012 T=0.0504
2026-04-28 19:48:13,008 INFO train_distributed it=   0 lr=1.00e-04 loss_world=1.0117 |∇|=1.48e+00 γ=1.000 T=0.0500
2026-04-28 19:48:13,762 INFO train_distributed it=  99 lr=5.95e-04 loss_world=0.6086 |∇|=3.23e+00 γ=1.015 T=0.0504
2026-04-28 19:48:15,438 INFO train_distributed it=   9 lr=1.00e-03 loss_world=1.0049 |∇|=1.27e+01 γ=1.002 T=0.0500
2026-04-28 19:48:16,450 INFO train_distributed it= 109 lr=5.20e-04 loss_world=1.0993 |∇|=1.86e+00 γ=1.016 T=0.0505
2026-04-28 19:48:17,375 INFO train_distributed it=  69 lr=8.02e-04 loss_world=0.6130 |∇|=2.98e+01 γ=0.993 T=0.0499
2026-04-28 19:48:17,914 INFO train_distributed it= 119 lr=4.47e-04 loss_world=0.9296 |∇|=2.89e+00 γ=1.013 T=0.0504
2026-04-28 19:48:18,130 INFO train_distributed it=  19 lr=9.95e-04 loss_world=0.8113 |∇|=4.67e+00 γ=1.001 T=0.0501
2026-04-28 19:48:19,138 INFO train_distributed it= 119 lr=4.47e-04 loss_world=1.4826 |∇|=5.33e-01 γ=1.019 T=0.0506
2026-04-28 19:48:20,809 INFO train_distributed it=  29 lr=9.78e-04 loss_world=0.8735 |∇|=1.10e+00 γ=1.002 T=0.0503
2026-04-28 19:48:21,833 INFO train_distributed it= 129 lr=3.76e-04 loss_world=1.0697 |∇|=9.72e+00 γ=1.021 T=0.0507
2026-04-28 19:48:22,616 INFO train_distributed it= 199 lr=1.00e-04 loss_world=nan |∇|=nan γ=nan T=nan
2026-04-28 19:48:22,622 INFO train_distributed training finished in 629.6s (200 iters, world_size=1)
2026-04-28 19:48:22,622 INFO train_distributed [rank 0] peak HBM: alloc=7.77 GB, reserved=8.20 GB
2026-04-28 19:48:22,624 INFO train_distributed [rank 0] wrote experiments/043_arch_pairs/results_p_1_2__1_3_seed0/training_log.json
2026-04-28 19:48:22,881 INFO train_distributed it= 129 lr=3.76e-04 loss_world=0.7296 |∇|=3.98e+00 γ=1.013 T=0.0503
2026-04-28 19:48:23,491 INFO train_distributed it=  39 lr=9.49e-04 loss_world=1.1098 |∇|=1.04e+00 γ=1.005 T=0.0503
  ✓ p_1_2__1_3_seed0 634s (card 7)
2026-04-28 19:48:24,548 INFO train_distributed it= 139 lr=3.10e-04 loss_world=0.9096 |∇|=2.73e+00 γ=1.021 T=0.0508
2026-04-28 19:48:25,314 INFO train_distributed it= 189 lr=1.07e-04 loss_world=nan |∇|=nan γ=nan T=nan
2026-04-28 19:48:26,168 INFO train_distributed it=  49 lr=9.10e-04 loss_world=0.8117 |∇|=7.53e-01 γ=1.008 T=0.0503
2026-04-28 19:48:27,223 INFO train_distributed it= 149 lr=2.51e-04 loss_world=0.8106 |∇|=4.06e+00 γ=1.021 T=0.0508
2026-04-28 19:48:27,879 INFO train_distributed it= 139 lr=3.10e-04 loss_world=0.8403 |∇|=8.26e+00 γ=1.013 T=0.0503
2026-04-28 19:48:28,345 INFO train_distributed it= 119 lr=4.47e-04 loss_world=0.7351 |∇|=1.90e+01 γ=0.997 T=0.0498
2026-04-28 19:48:28,868 INFO train_distributed it=  59 lr=8.60e-04 loss_world=0.7513 |∇|=1.42e+00 γ=1.008 T=0.0503
2026-04-28 19:48:29,893 INFO train_distributed it= 159 lr=2.00e-04 loss_world=0.7144 |∇|=4.94e+00 γ=1.021 T=0.0508
2026-04-28 19:48:31,557 INFO train_distributed it=  69 lr=8.02e-04 loss_world=1.0596 |∇|=1.97e+00 γ=1.008 T=0.0503
2026-04-28 19:48:32,570 INFO train_distributed it= 169 lr=1.58e-04 loss_world=1.7396 |∇|=2.11e+00 γ=1.021 T=0.0508
2026-04-28 19:48:32,850 INFO train_distributed it= 149 lr=2.51e-04 loss_world=0.7704 |∇|=1.80e+01 γ=1.014 T=0.0504
2026-04-28 19:48:34,252 INFO train_distributed it=  79 lr=7.38e-04 loss_world=1.2401 |∇|=2.13e+00 γ=1.009 T=0.0503
2026-04-28 19:48:35,243 INFO train_distributed it= 179 lr=1.27e-04 loss_world=0.7496 |∇|=1.46e+00 γ=1.021 T=0.0508
2026-04-28 19:48:36,946 INFO train_distributed it=  89 lr=6.68e-04 loss_world=0.5537 |∇|=6.55e+00 γ=1.010 T=0.0504
2026-04-28 19:48:37,813 INFO train_distributed it= 159 lr=2.00e-04 loss_world=0.9495 |∇|=4.16e+00 γ=1.015 T=0.0504
2026-04-28 19:48:37,912 INFO train_distributed it= 189 lr=1.07e-04 loss_world=1.0268 |∇|=5.36e+00 γ=1.022 T=0.0508
2026-04-28 19:48:39,289 INFO train_distributed it= 129 lr=3.76e-04 loss_world=0.6331 |∇|=2.17e+01 γ=0.998 T=0.0498
2026-04-28 19:48:39,832 INFO train_distributed it=  99 lr=5.95e-04 loss_world=0.7294 |∇|=1.42e+00 γ=1.010 T=0.0505
2026-04-28 19:48:40,584 INFO train_distributed it= 199 lr=1.00e-04 loss_world=0.7739 |∇|=4.58e+00 γ=1.021 T=0.0508
2026-04-28 19:48:40,591 INFO train_distributed training finished in 55.1s (200 iters, world_size=1)
2026-04-28 19:48:40,591 INFO train_distributed [rank 0] peak HBM: alloc=0.59 GB, reserved=0.77 GB
2026-04-28 19:48:40,594 INFO train_distributed [rank 0] wrote experiments/043_arch_pairs/results_p_3_1__1_3_seed3/training_log.json
2026-04-28 19:48:41,245 INFO train_distributed it=  79 lr=7.38e-04 loss_world=0.7270 |∇|=6.28e+01 γ=0.993 T=0.0499
  ✓ p_3_1__1_3_seed3 60s (card 4)
2026-04-28 19:48:42,564 INFO train_distributed it= 109 lr=5.20e-04 loss_world=0.7488 |∇|=1.28e+00 γ=1.009 T=0.0504
2026-04-28 19:48:42,777 INFO train_distributed it= 169 lr=1.58e-04 loss_world=0.7589 |∇|=4.40e-01 γ=1.015 T=0.0503
2026-04-28 19:48:45,260 INFO train_distributed it= 119 lr=4.47e-04 loss_world=0.8311 |∇|=1.80e+00 γ=1.009 T=0.0505
2026-04-28 19:48:47,740 INFO train_distributed it= 179 lr=1.27e-04 loss_world=0.6461 |∇|=1.80e+00 γ=1.016 T=0.0504
2026-04-28 19:48:47,968 INFO train_distributed it= 129 lr=3.76e-04 loss_world=0.6483 |∇|=2.18e+00 γ=1.009 T=0.0504
2026-04-28 19:48:50,224 INFO train_distributed it= 139 lr=3.10e-04 loss_world=0.6142 |∇|=3.20e+01 γ=0.998 T=0.0498
2026-04-28 19:48:50,660 INFO train_distributed it= 139 lr=3.10e-04 loss_world=0.6792 |∇|=1.57e+00 γ=1.009 T=0.0504
2026-04-28 19:48:52,714 INFO train_distributed it= 189 lr=1.07e-04 loss_world=0.9254 |∇|=7.60e+00 γ=1.016 T=0.0504
2026-04-28 19:48:53,349 INFO train_distributed it= 149 lr=2.51e-04 loss_world=1.6222 |∇|=1.84e+00 γ=1.009 T=0.0505
2026-04-28 19:48:56,050 INFO train_distributed it= 159 lr=2.00e-04 loss_world=0.8971 |∇|=1.97e+00 γ=1.009 T=0.0505
2026-04-28 19:48:57,679 INFO train_distributed it= 199 lr=1.00e-04 loss_world=0.9220 |∇|=2.23e+00 γ=1.016 T=0.0504
2026-04-28 19:48:57,687 INFO train_distributed training finished in 100.8s (200 iters, world_size=1)
2026-04-28 19:48:57,687 INFO train_distributed [rank 0] peak HBM: alloc=0.59 GB, reserved=0.77 GB
2026-04-28 19:48:57,690 INFO train_distributed [rank 0] wrote experiments/043_arch_pairs/results_p_3_1__1_3_seed2/training_log.json
2026-04-28 19:48:57,830 INFO train_distributed it= 199 lr=1.00e-04 loss_world=nan |∇|=nan γ=nan T=nan
2026-04-28 19:48:57,835 INFO train_distributed training finished in 534.7s (200 iters, world_size=1)
2026-04-28 19:48:57,835 INFO train_distributed [rank 0] peak HBM: alloc=7.77 GB, reserved=8.20 GB
2026-04-28 19:48:57,838 INFO train_distributed [rank 0] wrote experiments/043_arch_pairs/results_p_1_2__1_3_seed4/training_log.json
  ✓ p_3_1__1_3_seed2 105s (card 3)
  ✓ p_1_2__1_3_seed4 539s (card 3)
2026-04-28 19:48:58,801 INFO train_distributed it= 169 lr=1.58e-04 loss_world=1.0385 |∇|=1.56e+00 γ=1.009 T=0.0505
2026-04-28 19:49:01,170 INFO train_distributed it= 149 lr=2.51e-04 loss_world=0.6664 |∇|=2.63e+01 γ=0.998 T=0.0498
2026-04-28 19:49:01,504 INFO train_distributed it= 179 lr=1.27e-04 loss_world=1.0289 |∇|=1.34e+00 γ=1.009 T=0.0505
2026-04-28 19:49:04,186 INFO train_distributed it= 189 lr=1.07e-04 loss_world=1.4224 |∇|=7.12e+00 γ=1.009 T=0.0505
2026-04-28 19:49:05,121 INFO train_distributed it=  89 lr=6.68e-04 loss_world=0.6646 |∇|=2.26e+01 γ=0.994 T=0.0499
2026-04-28 19:49:06,952 INFO train_distributed it= 199 lr=1.00e-04 loss_world=0.8478 |∇|=5.34e+00 γ=1.009 T=0.0505
2026-04-28 19:49:06,960 INFO train_distributed training finished in 55.4s (200 iters, world_size=1)
2026-04-28 19:49:06,960 INFO train_distributed [rank 0] peak HBM: alloc=0.59 GB, reserved=0.77 GB
2026-04-28 19:49:06,964 INFO train_distributed [rank 0] wrote experiments/043_arch_pairs/results_p_3_1__1_3_seed4/training_log.json
  ✓ p_3_1__1_3_seed4 60s (card 5)
2026-04-28 19:49:12,104 INFO train_distributed it= 159 lr=2.00e-04 loss_world=0.6447 |∇|=3.71e+01 γ=0.998 T=0.0498
2026-04-28 19:49:16,098 INFO train_distributed it= 199 lr=1.00e-04 loss_world=nan |∇|=nan γ=nan T=nan
2026-04-28 19:49:16,104 INFO train_distributed training finished in 656.5s (200 iters, world_size=1)
2026-04-28 19:49:16,104 INFO train_distributed [rank 0] peak HBM: alloc=7.77 GB, reserved=8.20 GB
2026-04-28 19:49:16,106 INFO train_distributed [rank 0] wrote experiments/043_arch_pairs/results_p_1_2__1_3_seed1/training_log.json
  ✓ p_1_2__1_3_seed1 662s (card 0)
2026-04-28 19:49:22,034 INFO train_distributed it=  99 lr=5.95e-04 loss_world=0.8743 |∇|=1.77e+01 γ=0.994 T=0.0499
2026-04-28 19:49:23,039 INFO train_distributed it= 169 lr=1.58e-04 loss_world=0.6180 |∇|=4.51e+01 γ=0.998 T=0.0498
2026-04-28 19:49:33,031 INFO train_distributed it= 109 lr=5.20e-04 loss_world=0.7065 |∇|=4.94e+01 γ=0.994 T=0.0499
2026-04-28 19:49:33,972 INFO train_distributed it= 179 lr=1.27e-04 loss_world=0.6117 |∇|=3.82e+01 γ=0.998 T=0.0498
2026-04-28 19:49:44,014 INFO train_distributed it= 119 lr=4.47e-04 loss_world=0.6742 |∇|=3.25e+01 γ=0.993 T=0.0499
2026-04-28 19:49:44,908 INFO train_distributed it= 189 lr=1.07e-04 loss_world=0.6266 |∇|=4.96e+01 γ=0.998 T=0.0498
2026-04-28 19:49:55,007 INFO train_distributed it= 129 lr=3.76e-04 loss_world=0.6348 |∇|=2.57e+01 γ=0.993 T=0.0499
2026-04-28 19:49:55,845 INFO train_distributed it= 199 lr=1.00e-04 loss_world=0.6100 |∇|=5.28e+01 γ=0.998 T=0.0498
2026-04-28 19:49:55,850 INFO train_distributed training finished in 365.8s (200 iters, world_size=1)
2026-04-28 19:49:55,850 INFO train_distributed [rank 0] peak HBM: alloc=7.09 GB, reserved=7.68 GB
2026-04-28 19:49:55,853 INFO train_distributed [rank 0] wrote experiments/043_arch_pairs/results_p_2_1__2_2_seed3/training_log.json
  ✓ p_2_1__2_2_seed3 370s (card 7)
2026-04-28 19:50:05,992 INFO train_distributed it= 139 lr=3.10e-04 loss_world=0.6410 |∇|=2.28e+01 γ=0.993 T=0.0499
2026-04-28 19:50:16,983 INFO train_distributed it= 149 lr=2.51e-04 loss_world=0.6213 |∇|=3.94e+01 γ=0.993 T=0.0499
2026-04-28 19:50:27,975 INFO train_distributed it= 159 lr=2.00e-04 loss_world=0.6280 |∇|=4.00e+01 γ=0.993 T=0.0499
2026-04-28 19:50:38,968 INFO train_distributed it= 169 lr=1.58e-04 loss_world=0.6260 |∇|=4.07e+01 γ=0.993 T=0.0499
2026-04-28 19:50:49,957 INFO train_distributed it= 179 lr=1.27e-04 loss_world=0.6139 |∇|=4.13e+01 γ=0.993 T=0.0499
2026-04-28 19:51:00,944 INFO train_distributed it= 189 lr=1.07e-04 loss_world=0.6097 |∇|=3.92e+01 γ=0.993 T=0.0499
2026-04-28 19:51:11,932 INFO train_distributed it= 199 lr=1.00e-04 loss_world=0.6048 |∇|=3.69e+01 γ=0.993 T=0.0498
2026-04-28 19:51:11,937 INFO train_distributed training finished in 342.4s (200 iters, world_size=1)
2026-04-28 19:51:11,938 INFO train_distributed [rank 0] peak HBM: alloc=7.09 GB, reserved=7.68 GB
2026-04-28 19:51:11,940 INFO train_distributed [rank 0] wrote experiments/043_arch_pairs/results_p_2_1__2_2_seed4/training_log.json
  ✓ p_2_1__2_2_seed4 346s (card 0)

═ EVAL  p_1_1__1_2_seed0 (card 0) ═ 19:51:12

═ EVAL  p_1_1__1_2_seed1 (card 1) ═ 19:51:12

═ EVAL  p_1_1__1_2_seed2 (card 2) ═ 19:51:12

═ EVAL  p_1_1__1_2_seed3 (card 3) ═ 19:51:12

═ EVAL  p_1_1__1_2_seed4 (card 4) ═ 19:51:12

═ EVAL  p_1_1__1_3_seed0 (card 5) ═ 19:51:12

═ EVAL  p_1_1__1_3_seed1 (card 6) ═ 19:51:12

═ EVAL  p_1_1__1_3_seed2 (card 7) ═ 19:51:12
2026-04-28 19:51:16,687 INFO inference_run_large [dist] world_size=1 cuda=True
2026-04-28 19:51:17,917 INFO inference_run_large [dist] world_size=1 cuda=True
2026-04-28 19:51:18,438 INFO inference_run_large [dist] world_size=1 cuda=True
2026-04-28 19:51:18,849 INFO inference_run_large [dist] world_size=1 cuda=True
2026-04-28 19:51:19,211 INFO inference_run_large [dist] world_size=1 cuda=True
2026-04-28 19:51:19,622 INFO inference_run_large [dist] world_size=1 cuda=True
2026-04-28 19:51:20,024 INFO inference_run_large [dist] world_size=1 cuda=True
2026-04-28 19:51:20,522 INFO inference_run_large [dist] world_size=1 cuda=True
2026-04-28 19:51:20,983 INFO inference_run_large loaded checkpoint iter=200 from /AI4S/Users/howardwang/h204/ecophys/experiments/043_arch_pairs/results_p_1_1__1_3_seed0/checkpoint.pt
2026-04-28 19:51:21,125 INFO inference_run_large loaded checkpoint iter=200 from /AI4S/Users/howardwang/h204/ecophys/experiments/043_arch_pairs/results_p_1_1__1_2_seed1/checkpoint.pt
2026-04-28 19:51:21,144 INFO inference_run_large loaded checkpoint iter=200 from /AI4S/Users/howardwang/h204/ecophys/experiments/043_arch_pairs/results_p_1_1__1_2_seed4/checkpoint.pt
2026-04-28 19:51:21,157 INFO inference_run_large loaded checkpoint iter=200 from /AI4S/Users/howardwang/h204/ecophys/experiments/043_arch_pairs/results_p_1_1__1_3_seed2/checkpoint.pt
2026-04-28 19:51:21,157 INFO inference_run_large loaded checkpoint iter=200 from /AI4S/Users/howardwang/h204/ecophys/experiments/043_arch_pairs/results_p_1_1__1_2_seed2/checkpoint.pt
2026-04-28 19:51:21,157 INFO inference_run_large loaded checkpoint iter=200 from /AI4S/Users/howardwang/h204/ecophys/experiments/043_arch_pairs/results_p_1_1__1_2_seed3/checkpoint.pt
2026-04-28 19:51:21,180 INFO inference_run_large loaded checkpoint iter=200 from /AI4S/Users/howardwang/h204/ecophys/experiments/043_arch_pairs/results_p_1_1__1_3_seed1/checkpoint.pt
2026-04-28 19:51:21,315 INFO inference_run_large loaded checkpoint iter=200 from /AI4S/Users/howardwang/h204/ecophys/experiments/043_arch_pairs/results_p_1_1__1_2_seed0/checkpoint.pt
2026-04-28 19:52:11,877 INFO inference_run_large [rank 0] rollout 1/4 seed=10000 took 49.8s
2026-04-28 19:52:11,986 INFO inference_run_large [rank 0] rollout 1/4 seed=10000 took 49.9s
2026-04-28 19:52:12,047 INFO inference_run_large [rank 0] rollout 1/4 seed=10000 took 49.9s
2026-04-28 19:52:12,048 INFO inference_run_large [rank 0] rollout 1/4 seed=10000 took 49.8s
2026-04-28 19:52:12,050 INFO inference_run_large [rank 0] rollout 1/4 seed=10000 took 49.9s
Traceback (most recent call last):
  File "<frozen runpy>", line 198, in _run_module_as_main
  File "<frozen runpy>", line 88, in _run_code
  File "/AI4S/Users/howardwang/h204/ecophys/ecomd/inference/run_large.py", line 167, in <module>
    main()
  File "/AI4S/Users/howardwang/h204/ecophys/ecomd/inference/run_large.py", line 107, in main
    facts = compute_all(returns, volume=volumes)
            ^^^^^^^^^^^^^^^^^^^^^^^^^^^^^^^^^^^^
  File "/AI4S/Users/howardwang/h204/ecophys/ecomd/eval/stylized_facts.py", line 715, in compute_all
    r = _clean(returns)
        ^^^^^^^^^^^^^^^
  File "/AI4S/Users/howardwang/h204/ecophys/ecomd/eval/stylized_facts.py", line 757, in _clean
    raise ValueError("empty array after NaN removal")
ValueError: empty array after NaN removal
Traceback (most recent call last):
  File "<frozen runpy>", line 198, in _run_module_as_main
  File "<frozen runpy>", line 88, in _run_code
  File "/AI4S/Users/howardwang/h204/ecophys/ecomd/inference/run_large.py", line 167, in <module>
    main()
  File "/AI4S/Users/howardwang/h204/ecophys/ecomd/inference/run_large.py", line 107, in main
    facts = compute_all(returns, volume=volumes)
            ^^^^^^^^^^^^^^^^^^^^^^^^^^^^^^^^^^^^
  File "/AI4S/Users/howardwang/h204/ecophys/ecomd/eval/stylized_facts.py", line 715, in compute_all
    r = _clean(returns)
        ^^^^^^^^^^^^^^^
  File "/AI4S/Users/howardwang/h204/ecophys/ecomd/eval/stylized_facts.py", line 757, in _clean
    raise ValueError("empty array after NaN removal")
ValueError: empty array after NaN removal
Traceback (most recent call last):
  File "<frozen runpy>", line 198, in _run_module_as_main
  File "<frozen runpy>", line 88, in _run_code
  File "/AI4S/Users/howardwang/h204/ecophys/ecomd/inference/run_large.py", line 167, in <module>
    main()
  File "/AI4S/Users/howardwang/h204/ecophys/ecomd/inference/run_large.py", line 107, in main
    facts = compute_all(returns, volume=volumes)
            ^^^^^^^^^^^^^^^^^^^^^^^^^^^^^^^^^^^^
  File "/AI4S/Users/howardwang/h204/ecophys/ecomd/eval/stylized_facts.py", line 715, in compute_all
    r = _clean(returns)
        ^^^^^^^^^^^^^^^
  File "/AI4S/Users/howardwang/h204/ecophys/ecomd/eval/stylized_facts.py", line 757, in _clean
    raise ValueError("empty array after NaN removal")
ValueError: empty array after NaN removal
E0428 19:52:14.825000 282981 site-packages/torch/distributed/elastic/multiprocessing/api.py:869] failed (exitcode: 1) local_rank: 0 (pid: 283496) of binary: /root/miniconda3/envs/ecophys/bin/python3.12
Traceback (most recent call last):
  File "/root/miniconda3/envs/ecophys/bin/torchrun", line 6, in <module>
    sys.exit(main())
             ^^^^^^
  File "/root/miniconda3/envs/ecophys/lib/python3.12/site-packages/torch/distributed/elastic/multiprocessing/errors/__init__.py", line 355, in wrapper
    return f(*args, **kwargs)
           ^^^^^^^^^^^^^^^^^^
  File "/root/miniconda3/envs/ecophys/lib/python3.12/site-packages/torch/distributed/run.py", line 918, in main
    run(args)
  File "/root/miniconda3/envs/ecophys/lib/python3.12/site-packages/torch/distributed/run.py", line 909, in run
    elastic_launch(
  File "/root/miniconda3/envs/ecophys/lib/python3.12/site-packages/torch/distributed/launcher/api.py", line 138, in __call__
    return launch_agent(self._config, self._entrypoint, list(args))
           ^^^^^^^^^^^^^^^^^^^^^^^^^^^^^^^^^^^^^^^^^^^^^^^^^^^^^^^^
  File "/root/miniconda3/envs/ecophys/lib/python3.12/site-packages/torch/distributed/launcher/api.py", line 269, in launch_agent
    raise ChildFailedError(
torch.distributed.elastic.multiprocessing.errors.ChildFailedError: 
============================================================
ecomd.inference.run_large FAILED
------------------------------------------------------------
Failures:
  <NO_OTHER_FAILURES>
------------------------------------------------------------
Root Cause (first observed failure):
[0]:
  time      : 2026-04-28_19:52:14
  host      : nb-755846ce0e46404ee8-5cfd549bf-wxkpg
  rank      : 0 (local_rank: 0)
  exitcode  : 1 (pid: 283496)
  error_file: <N/A>
  traceback : To enable traceback see: https://pytorch.org/docs/stable/elastic/errors.html
============================================================
E0428 19:52:14.929000 282984 site-packages/torch/distributed/elastic/multiprocessing/api.py:869] failed (exitcode: 1) local_rank: 0 (pid: 283631) of binary: /root/miniconda3/envs/ecophys/bin/python3.12
Traceback (most recent call last):
  File "/root/miniconda3/envs/ecophys/bin/torchrun", line 6, in <module>
    sys.exit(main())
             ^^^^^^
  File "/root/miniconda3/envs/ecophys/lib/python3.12/site-packages/torch/distributed/elastic/multiprocessing/errors/__init__.py", line 355, in wrapper
    return f(*args, **kwargs)
           ^^^^^^^^^^^^^^^^^^
  File "/root/miniconda3/envs/ecophys/lib/python3.12/site-packages/torch/distributed/run.py", line 918, in main
    run(args)
  File "/root/miniconda3/envs/ecophys/lib/python3.12/site-packages/torch/distributed/run.py", line 909, in run
    elastic_launch(
  File "/root/miniconda3/envs/ecophys/lib/python3.12/site-packages/torch/distributed/launcher/api.py", line 138, in __call__
    return launch_agent(self._config, self._entrypoint, list(args))
           ^^^^^^^^^^^^^^^^^^^^^^^^^^^^^^^^^^^^^^^^^^^^^^^^^^^^^^^^
  File "/root/miniconda3/envs/ecophys/lib/python3.12/site-packages/torch/distributed/launcher/api.py", line 269, in launch_agent
    raise ChildFailedError(
torch.distributed.elastic.multiprocessing.errors.ChildFailedError: 
============================================================
ecomd.inference.run_large FAILED
------------------------------------------------------------
Failures:
  <NO_OTHER_FAILURES>
------------------------------------------------------------
Root Cause (first observed failure):
[0]:
  time      : 2026-04-28_19:52:14
  host      : nb-755846ce0e46404ee8-5cfd549bf-wxkpg
  rank      : 0 (local_rank: 0)
  exitcode  : 1 (pid: 283631)
  error_file: <N/A>
  traceback : To enable traceback see: https://pytorch.org/docs/stable/elastic/errors.html
============================================================
E0428 19:52:14.982000 282985 site-packages/torch/distributed/elastic/multiprocessing/api.py:869] failed (exitcode: 1) local_rank: 0 (pid: 283835) of binary: /root/miniconda3/envs/ecophys/bin/python3.12
Traceback (most recent call last):
  File "/root/miniconda3/envs/ecophys/bin/torchrun", line 6, in <module>
    sys.exit(main())
             ^^^^^^
  File "/root/miniconda3/envs/ecophys/lib/python3.12/site-packages/torch/distributed/elastic/multiprocessing/errors/__init__.py", line 355, in wrapper
    return f(*args, **kwargs)
           ^^^^^^^^^^^^^^^^^^
  File "/root/miniconda3/envs/ecophys/lib/python3.12/site-packages/torch/distributed/run.py", line 918, in main
    run(args)
  File "/root/miniconda3/envs/ecophys/lib/python3.12/site-packages/torch/distributed/run.py", line 909, in run
    elastic_launch(
  File "/root/miniconda3/envs/ecophys/lib/python3.12/site-packages/torch/distributed/launcher/api.py", line 138, in __call__
    return launch_agent(self._config, self._entrypoint, list(args))
           ^^^^^^^^^^^^^^^^^^^^^^^^^^^^^^^^^^^^^^^^^^^^^^^^^^^^^^^^
  File "/root/miniconda3/envs/ecophys/lib/python3.12/site-packages/torch/distributed/launcher/api.py", line 269, in launch_agent
    raise ChildFailedError(
torch.distributed.elastic.multiprocessing.errors.ChildFailedError: 
============================================================
ecomd.inference.run_large FAILED
------------------------------------------------------------
Failures:
  <NO_OTHER_FAILURES>
------------------------------------------------------------
Root Cause (first observed failure):
[0]:
  time      : 2026-04-28_19:52:14
  host      : nb-755846ce0e46404ee8-5cfd549bf-wxkpg
  rank      : 0 (local_rank: 0)
  exitcode  : 1 (pid: 283835)
  error_file: <N/A>
  traceback : To enable traceback see: https://pytorch.org/docs/stable/elastic/errors.html
============================================================
  ✗ eval p_1_1__1_3_seed0 exit=1 (card 5)

═ EVAL  p_1_1__1_3_seed3 (card 0) ═ 19:52:15
  ✗ eval p_1_1__1_3_seed1 exit=1 (card 6)

═ EVAL  p_1_1__1_3_seed4 (card 1) ═ 19:52:15
  ✗ eval p_1_1__1_3_seed2 exit=1 (card 7)

═ EVAL  p_1_1__2_1_seed0 (card 2) ═ 19:52:15
2026-04-28 19:52:18,379 INFO inference_run_large [dist] world_size=1 cuda=True
2026-04-28 19:52:18,924 INFO inference_run_large [dist] world_size=1 cuda=True
2026-04-28 19:52:18,950 INFO inference_run_large [dist] world_size=1 cuda=True
2026-04-28 19:52:19,318 INFO inference_run_large loaded checkpoint iter=200 from /AI4S/Users/howardwang/h204/ecophys/experiments/043_arch_pairs/results_p_1_1__1_3_seed3/checkpoint.pt
2026-04-28 19:52:19,641 INFO inference_run_large loaded checkpoint iter=200 from /AI4S/Users/howardwang/h204/ecophys/experiments/043_arch_pairs/results_p_1_1__2_1_seed0/checkpoint.pt
2026-04-28 19:52:19,648 INFO inference_run_large loaded checkpoint iter=200 from /AI4S/Users/howardwang/h204/ecophys/experiments/043_arch_pairs/results_p_1_1__1_3_seed4/checkpoint.pt
2026-04-28 19:53:01,232 INFO inference_run_large [rank 0] rollout 2/4 seed=10001 took 49.3s
2026-04-28 19:53:01,479 INFO inference_run_large [rank 0] rollout 2/4 seed=10001 took 49.4s
Traceback (most recent call last):
  File "<frozen runpy>", line 198, in _run_module_as_main
  File "<frozen runpy>", line 88, in _run_code
  File "/AI4S/Users/howardwang/h204/ecophys/ecomd/inference/run_large.py", line 167, in <module>
    main()
  File "/AI4S/Users/howardwang/h204/ecophys/ecomd/inference/run_large.py", line 103, in main
    traj = sim.run(n_steps=args.n_steps, seed=seed)
           ^^^^^^^^^^^^^^^^^^^^^^^^^^^^^^^^^^^^^^^^
  File "/root/miniconda3/envs/ecophys/lib/python3.12/site-packages/torch/utils/_contextlib.py", line 116, in decorate_context
    return func(*args, **kwargs)
           ^^^^^^^^^^^^^^^^^^^^^
  File "/AI4S/Users/howardwang/h204/ecophys/ecomd/models/ecomd.py", line 848, in run
    return recorder.finalize()
           ^^^^^^^^^^^^^^^^^^^
  File "/AI4S/Users/howardwang/h204/ecophys/ecomd/physics/observables.py", line 144, in finalize
    velocities=torch.stack(self._velocities),
               ^^^^^^^^^^^^^^^^^^^^^^^^^^^^^
torch.OutOfMemoryError: CUDA out of memory. Tried to allocate 4.77 GiB. GPU 0 has a total capacity of 95.08 GiB of which 4.06 GiB is free. Including non-PyTorch memory, this process has 67.95 GiB memory in use. Process 285184 has 23.06 GiB memory in use. Of the allocated memory 66.95 GiB is allocated by PyTorch, and 525.93 MiB is reserved by PyTorch but unallocated. If reserved but unallocated memory is large try setting PYTORCH_CUDA_ALLOC_CONF=expandable_segments:True to avoid fragmentation.  See documentation for Memory Management  (https://pytorch.org/docs/stable/notes/cuda.html#environment-variables)
2026-04-28 19:53:44,297 INFO inference_run_large [rank 0] rollout 2/4 seed=10001 took 92.2s
2026-04-28 19:53:44,354 INFO inference_run_large [rank 0] rollout 2/4 seed=10001 took 92.2s
E0428 19:53:44.354000 282952 site-packages/torch/distributed/elastic/multiprocessing/api.py:869] failed (exitcode: 1) local_rank: 0 (pid: 283830) of binary: /root/miniconda3/envs/ecophys/bin/python3.12
Traceback (most recent call last):
  File "/root/miniconda3/envs/ecophys/bin/torchrun", line 6, in <module>
    sys.exit(main())
             ^^^^^^
  File "/root/miniconda3/envs/ecophys/lib/python3.12/site-packages/torch/distributed/elastic/multiprocessing/errors/__init__.py", line 355, in wrapper
    return f(*args, **kwargs)
           ^^^^^^^^^^^^^^^^^^
  File "/root/miniconda3/envs/ecophys/lib/python3.12/site-packages/torch/distributed/run.py", line 918, in main
    run(args)
  File "/root/miniconda3/envs/ecophys/lib/python3.12/site-packages/torch/distributed/run.py", line 909, in run
    elastic_launch(
  File "/root/miniconda3/envs/ecophys/lib/python3.12/site-packages/torch/distributed/launcher/api.py", line 138, in __call__
    return launch_agent(self._config, self._entrypoint, list(args))
           ^^^^^^^^^^^^^^^^^^^^^^^^^^^^^^^^^^^^^^^^^^^^^^^^^^^^^^^^
  File "/root/miniconda3/envs/ecophys/lib/python3.12/site-packages/torch/distributed/launcher/api.py", line 269, in launch_agent
    raise ChildFailedError(
torch.distributed.elastic.multiprocessing.errors.ChildFailedError: 
============================================================
ecomd.inference.run_large FAILED
------------------------------------------------------------
Failures:
  <NO_OTHER_FAILURES>
------------------------------------------------------------
Root Cause (first observed failure):
[0]:
  time      : 2026-04-28_19:53:44
  host      : nb-755846ce0e46404ee8-5cfd549bf-wxkpg
  rank      : 0 (local_rank: 0)
  exitcode  : 1 (pid: 283830)
  error_file: <N/A>
  traceback : To enable traceback see: https://pytorch.org/docs/stable/elastic/errors.html
============================================================
  ✗ eval p_1_1__1_2_seed2 exit=1 (card 2)

═ EVAL  p_1_1__2_1_seed1 (card 3) ═ 19:53:44
2026-04-28 19:53:47,474 INFO inference_run_large [dist] world_size=1 cuda=True
2026-04-28 19:53:47,878 INFO inference_run_large loaded checkpoint iter=200 from /AI4S/Users/howardwang/h204/ecophys/experiments/043_arch_pairs/results_p_1_1__2_1_seed1/checkpoint.pt
2026-04-28 19:53:50,977 INFO inference_run_large [rank 0] rollout 3/4 seed=10002 took 49.4s
2026-04-28 19:53:51,970 INFO inference_run_large [rank 0] rollout 1/4 seed=10000 took 91.4s
2026-04-28 19:53:52,843 INFO inference_run_large [rank 0] rollout 3/4 seed=10002 took 51.5s
Traceback (most recent call last):
  File "<frozen runpy>", line 198, in _run_module_as_main
  File "<frozen runpy>", line 88, in _run_code
  File "/AI4S/Users/howardwang/h204/ecophys/ecomd/inference/run_large.py", line 167, in <module>
    main()
  File "/AI4S/Users/howardwang/h204/ecophys/ecomd/inference/run_large.py", line 103, in main
    traj = sim.run(n_steps=args.n_steps, seed=seed)
           ^^^^^^^^^^^^^^^^^^^^^^^^^^^^^^^^^^^^^^^^
  File "/root/miniconda3/envs/ecophys/lib/python3.12/site-packages/torch/utils/_contextlib.py", line 116, in decorate_context
    return func(*args, **kwargs)
           ^^^^^^^^^^^^^^^^^^^^^
  File "/AI4S/Users/howardwang/h204/ecophys/ecomd/models/ecomd.py", line 827, in run
    s_next, price_state, rec, h_regime, h_agent = self.step(
                                                  ^^^^^^^^^^
  File "/AI4S/Users/howardwang/h204/ecophys/ecomd/models/ecomd.py", line 443, in step
    f_cons = conservative_forces(self.potential, s, context, create_graph=create_graph)
             ^^^^^^^^^^^^^^^^^^^^^^^^^^^^^^^^^^^^^^^^^^^^^^^^^^^^^^^^^^^^^^^^^^^^^^^^^^
  File "/AI4S/Users/howardwang/h204/ecophys/ecomd/models/potentials.py", line 396, in conservative_forces
    (grad_s,) = torch.autograd.grad(u, s, create_graph=create_graph)
                ^^^^^^^^^^^^^^^^^^^^^^^^^^^^^^^^^^^^^^^^^^^^^^^^^^^^
  File "/root/miniconda3/envs/ecophys/lib/python3.12/site-packages/torch/autograd/__init__.py", line 496, in grad
    result = _engine_run_backward(
             ^^^^^^^^^^^^^^^^^^^^^
  File "/root/miniconda3/envs/ecophys/lib/python3.12/site-packages/torch/autograd/graph.py", line 823, in _engine_run_backward
    return Variable._execution_engine.run_backward(  # Calls into the C++ engine to run the backward pass
           ^^^^^^^^^^^^^^^^^^^^^^^^^^^^^^^^^^^^^^^^^^^^^^^^^^^^^^^^^^^^^^^^^^^^^^^^^^^^^^^^^^^^^^^^^^^^^^
torch.OutOfMemoryError: CUDA out of memory. Tried to allocate 184.00 MiB. GPU 0 has a total capacity of 95.08 GiB of which 180.31 MiB is free. Process 283836 has 72.72 GiB memory in use. Including non-PyTorch memory, this process has 22.17 GiB memory in use. Of the allocated memory 21.23 GiB is allocated by PyTorch, and 463.60 MiB is reserved by PyTorch but unallocated. If reserved but unallocated memory is large try setting PYTORCH_CUDA_ALLOC_CONF=expandable_segments:True to avoid fragmentation.  See documentation for Memory Management  (https://pytorch.org/docs/stable/notes/cuda.html#environment-variables)
Traceback (most recent call last):
  File "<frozen runpy>", line 198, in _run_module_as_main
  File "<frozen runpy>", line 88, in _run_code
  File "/AI4S/Users/howardwang/h204/ecophys/ecomd/inference/run_large.py", line 167, in <module>
    main()
  File "/AI4S/Users/howardwang/h204/ecophys/ecomd/inference/run_large.py", line 103, in main
    traj = sim.run(n_steps=args.n_steps, seed=seed)
           ^^^^^^^^^^^^^^^^^^^^^^^^^^^^^^^^^^^^^^^^
  File "/root/miniconda3/envs/ecophys/lib/python3.12/site-packages/torch/utils/_contextlib.py", line 116, in decorate_context
    return func(*args, **kwargs)
           ^^^^^^^^^^^^^^^^^^^^^
  File "/AI4S/Users/howardwang/h204/ecophys/ecomd/models/ecomd.py", line 827, in run
    s_next, price_state, rec, h_regime, h_agent = self.step(
                                                  ^^^^^^^^^^
  File "/AI4S/Users/howardwang/h204/ecophys/ecomd/models/ecomd.py", line 443, in step
    f_cons = conservative_forces(self.potential, s, context, create_graph=create_graph)
             ^^^^^^^^^^^^^^^^^^^^^^^^^^^^^^^^^^^^^^^^^^^^^^^^^^^^^^^^^^^^^^^^^^^^^^^^^^
  File "/AI4S/Users/howardwang/h204/ecophys/ecomd/models/potentials.py", line 396, in conservative_forces
    (grad_s,) = torch.autograd.grad(u, s, create_graph=create_graph)
                ^^^^^^^^^^^^^^^^^^^^^^^^^^^^^^^^^^^^^^^^^^^^^^^^^^^^
  File "/root/miniconda3/envs/ecophys/lib/python3.12/site-packages/torch/autograd/__init__.py", line 496, in grad
    result = _engine_run_backward(
             ^^^^^^^^^^^^^^^^^^^^^
  File "/root/miniconda3/envs/ecophys/lib/python3.12/site-packages/torch/autograd/graph.py", line 823, in _engine_run_backward
    return Variable._execution_engine.run_backward(  # Calls into the C++ engine to run the backward pass
           ^^^^^^^^^^^^^^^^^^^^^^^^^^^^^^^^^^^^^^^^^^^^^^^^^^^^^^^^^^^^^^^^^^^^^^^^^^^^^^^^^^^^^^^^^^^^^^
torch.OutOfMemoryError: CUDA out of memory. Tried to allocate 184.00 MiB. GPU 0 has a total capacity of 95.08 GiB of which 180.31 MiB is free. Process 283701 has 72.72 GiB memory in use. Including non-PyTorch memory, this process has 22.17 GiB memory in use. Of the allocated memory 21.23 GiB is allocated by PyTorch, and 463.60 MiB is reserved by PyTorch but unallocated. If reserved but unallocated memory is large try setting PYTORCH_CUDA_ALLOC_CONF=expandable_segments:True to avoid fragmentation.  See documentation for Memory Management  (https://pytorch.org/docs/stable/notes/cuda.html#environment-variables)
E0428 19:53:53.708000 284854 site-packages/torch/distributed/elastic/multiprocessing/api.py:869] failed (exitcode: 1) local_rank: 0 (pid: 285118) of binary: /root/miniconda3/envs/ecophys/bin/python3.12
Traceback (most recent call last):
  File "/root/miniconda3/envs/ecophys/bin/torchrun", line 6, in <module>
    sys.exit(main())
             ^^^^^^
  File "/root/miniconda3/envs/ecophys/lib/python3.12/site-packages/torch/distributed/elastic/multiprocessing/errors/__init__.py", line 355, in wrapper
    return f(*args, **kwargs)
           ^^^^^^^^^^^^^^^^^^
  File "/root/miniconda3/envs/ecophys/lib/python3.12/site-packages/torch/distributed/run.py", line 918, in main
    run(args)
  File "/root/miniconda3/envs/ecophys/lib/python3.12/site-packages/torch/distributed/run.py", line 909, in run
    elastic_launch(
  File "/root/miniconda3/envs/ecophys/lib/python3.12/site-packages/torch/distributed/launcher/api.py", line 138, in __call__
    return launch_agent(self._config, self._entrypoint, list(args))
           ^^^^^^^^^^^^^^^^^^^^^^^^^^^^^^^^^^^^^^^^^^^^^^^^^^^^^^^^
  File "/root/miniconda3/envs/ecophys/lib/python3.12/site-packages/torch/distributed/launcher/api.py", line 269, in launch_agent
    raise ChildFailedError(
torch.distributed.elastic.multiprocessing.errors.ChildFailedError: 
============================================================
ecomd.inference.run_large FAILED
------------------------------------------------------------
Failures:
  <NO_OTHER_FAILURES>
------------------------------------------------------------
Root Cause (first observed failure):
[0]:
  time      : 2026-04-28_19:53:53
  host      : nb-755846ce0e46404ee8-5cfd549bf-wxkpg
  rank      : 0 (local_rank: 0)
  exitcode  : 1 (pid: 285118)
  error_file: <N/A>
  traceback : To enable traceback see: https://pytorch.org/docs/stable/elastic/errors.html
============================================================
  ✗ eval p_1_1__1_3_seed3 exit=1 (card 0)

═ EVAL  p_1_1__2_1_seed2 (card 4) ═ 19:53:53
E0428 19:53:54.199000 284878 site-packages/torch/distributed/elastic/multiprocessing/api.py:869] failed (exitcode: 1) local_rank: 0 (pid: 285250) of binary: /root/miniconda3/envs/ecophys/bin/python3.12
Traceback (most recent call last):
  File "/root/miniconda3/envs/ecophys/bin/torchrun", line 6, in <module>
    sys.exit(main())
             ^^^^^^
  File "/root/miniconda3/envs/ecophys/lib/python3.12/site-packages/torch/distributed/elastic/multiprocessing/errors/__init__.py", line 355, in wrapper
    return f(*args, **kwargs)
           ^^^^^^^^^^^^^^^^^^
  File "/root/miniconda3/envs/ecophys/lib/python3.12/site-packages/torch/distributed/run.py", line 918, in main
    run(args)
  File "/root/miniconda3/envs/ecophys/lib/python3.12/site-packages/torch/distributed/run.py", line 909, in run
    elastic_launch(
  File "/root/miniconda3/envs/ecophys/lib/python3.12/site-packages/torch/distributed/launcher/api.py", line 138, in __call__
    return launch_agent(self._config, self._entrypoint, list(args))
           ^^^^^^^^^^^^^^^^^^^^^^^^^^^^^^^^^^^^^^^^^^^^^^^^^^^^^^^^
  File "/root/miniconda3/envs/ecophys/lib/python3.12/site-packages/torch/distributed/launcher/api.py", line 269, in launch_agent
    raise ChildFailedError(
torch.distributed.elastic.multiprocessing.errors.ChildFailedError: 
============================================================
ecomd.inference.run_large FAILED
------------------------------------------------------------
Failures:
  <NO_OTHER_FAILURES>
------------------------------------------------------------
Root Cause (first observed failure):
[0]:
  time      : 2026-04-28_19:53:54
  host      : nb-755846ce0e46404ee8-5cfd549bf-wxkpg
  rank      : 0 (local_rank: 0)
  exitcode  : 1 (pid: 285250)
  error_file: <N/A>
  traceback : To enable traceback see: https://pytorch.org/docs/stable/elastic/errors.html
============================================================
  ✗ eval p_1_1__1_3_seed4 exit=1 (card 1)

═ EVAL  p_1_1__2_1_seed3 (card 5) ═ 19:53:54
2026-04-28 19:53:56,909 INFO inference_run_large [dist] world_size=1 cuda=True
2026-04-28 19:53:57,412 INFO inference_run_large loaded checkpoint iter=200 from /AI4S/Users/howardwang/h204/ecophys/experiments/043_arch_pairs/results_p_1_1__2_1_seed2/checkpoint.pt
2026-04-28 19:53:57,929 INFO inference_run_large [dist] world_size=1 cuda=True
2026-04-28 19:53:58,192 INFO inference_run_large loaded checkpoint iter=200 from /AI4S/Users/howardwang/h204/ecophys/experiments/043_arch_pairs/results_p_1_1__2_1_seed3/checkpoint.pt
2026-04-28 19:54:36,672 INFO inference_run_large [rank 0] rollout 2/4 seed=10001 took 44.6s
2026-04-28 19:54:38,444 INFO inference_run_large [rank 0] rollout 3/4 seed=10002 took 54.0s
2026-04-28 19:54:38,676 INFO inference_run_large [rank 0] rollout 3/4 seed=10002 took 54.3s
2026-04-28 19:54:44,361 INFO inference_run_large [rank 0] rollout 1/4 seed=10000 took 45.3s
Traceback (most recent call last):
  File "<frozen runpy>", line 198, in _run_module_as_main
  File "<frozen runpy>", line 88, in _run_code
  File "/AI4S/Users/howardwang/h204/ecophys/ecomd/inference/run_large.py", line 167, in <module>
    main()
  File "/AI4S/Users/howardwang/h204/ecophys/ecomd/inference/run_large.py", line 103, in main
    traj = sim.run(n_steps=args.n_steps, seed=seed)
           ^^^^^^^^^^^^^^^^^^^^^^^^^^^^^^^^^^^^^^^^
  File "/root/miniconda3/envs/ecophys/lib/python3.12/site-packages/torch/utils/_contextlib.py", line 116, in decorate_context
    return func(*args, **kwargs)
           ^^^^^^^^^^^^^^^^^^^^^
  File "/AI4S/Users/howardwang/h204/ecophys/ecomd/models/ecomd.py", line 827, in run
    s_next, price_state, rec, h_regime, h_agent = self.step(
                                                  ^^^^^^^^^^
  File "/AI4S/Users/howardwang/h204/ecophys/ecomd/models/ecomd.py", line 443, in step
    f_cons = conservative_forces(self.potential, s, context, create_graph=create_graph)
             ^^^^^^^^^^^^^^^^^^^^^^^^^^^^^^^^^^^^^^^^^^^^^^^^^^^^^^^^^^^^^^^^^^^^^^^^^^
  File "/AI4S/Users/howardwang/h204/ecophys/ecomd/models/potentials.py", line 396, in conservative_forces
    (grad_s,) = torch.autograd.grad(u, s, create_graph=create_graph)
                ^^^^^^^^^^^^^^^^^^^^^^^^^^^^^^^^^^^^^^^^^^^^^^^^^^^^
  File "/root/miniconda3/envs/ecophys/lib/python3.12/site-packages/torch/autograd/__init__.py", line 496, in grad
    result = _engine_run_backward(
             ^^^^^^^^^^^^^^^^^^^^^
  File "/root/miniconda3/envs/ecophys/lib/python3.12/site-packages/torch/autograd/graph.py", line 823, in _engine_run_backward
    return Variable._execution_engine.run_backward(  # Calls into the C++ engine to run the backward pass
           ^^^^^^^^^^^^^^^^^^^^^^^^^^^^^^^^^^^^^^^^^^^^^^^^^^^^^^^^^^^^^^^^^^^^^^^^^^^^^^^^^^^^^^^^^^^^^^
torch.OutOfMemoryError: CUDA out of memory. Tried to allocate 184.00 MiB. GPU 0 has a total capacity of 95.08 GiB of which 180.31 MiB is free. Process 283635 has 75.07 GiB memory in use. Including non-PyTorch memory, this process has 19.82 GiB memory in use. Of the allocated memory 18.84 GiB is allocated by PyTorch, and 501.33 MiB is reserved by PyTorch but unallocated. If reserved but unallocated memory is large try setting PYTORCH_CUDA_ALLOC_CONF=expandable_segments:True to avoid fragmentation.  See documentation for Memory Management  (https://pytorch.org/docs/stable/notes/cuda.html#environment-variables)
E0428 19:54:58.572000 286031 site-packages/torch/distributed/elastic/multiprocessing/api.py:869] failed (exitcode: 1) local_rank: 0 (pid: 286110) of binary: /root/miniconda3/envs/ecophys/bin/python3.12
Traceback (most recent call last):
  File "/root/miniconda3/envs/ecophys/bin/torchrun", line 6, in <module>
    sys.exit(main())
             ^^^^^^
  File "/root/miniconda3/envs/ecophys/lib/python3.12/site-packages/torch/distributed/elastic/multiprocessing/errors/__init__.py", line 355, in wrapper
    return f(*args, **kwargs)
           ^^^^^^^^^^^^^^^^^^
  File "/root/miniconda3/envs/ecophys/lib/python3.12/site-packages/torch/distributed/run.py", line 918, in main
    run(args)
  File "/root/miniconda3/envs/ecophys/lib/python3.12/site-packages/torch/distributed/run.py", line 909, in run
    elastic_launch(
  File "/root/miniconda3/envs/ecophys/lib/python3.12/site-packages/torch/distributed/launcher/api.py", line 138, in __call__
    return launch_agent(self._config, self._entrypoint, list(args))
           ^^^^^^^^^^^^^^^^^^^^^^^^^^^^^^^^^^^^^^^^^^^^^^^^^^^^^^^^
  File "/root/miniconda3/envs/ecophys/lib/python3.12/site-packages/torch/distributed/launcher/api.py", line 269, in launch_agent
    raise ChildFailedError(
torch.distributed.elastic.multiprocessing.errors.ChildFailedError: 
============================================================
ecomd.inference.run_large FAILED
------------------------------------------------------------
Failures:
  <NO_OTHER_FAILURES>
------------------------------------------------------------
Root Cause (first observed failure):
[0]:
  time      : 2026-04-28_19:54:58
  host      : nb-755846ce0e46404ee8-5cfd549bf-wxkpg
  rank      : 0 (local_rank: 0)
  exitcode  : 1 (pid: 286110)
  error_file: <N/A>
  traceback : To enable traceback see: https://pytorch.org/docs/stable/elastic/errors.html
============================================================
  ✗ eval p_1_1__2_1_seed1 exit=1 (card 3)

═ EVAL  p_1_1__2_1_seed4 (card 6) ═ 19:54:58
2026-04-28 19:55:02,293 INFO inference_run_large [dist] world_size=1 cuda=True
2026-04-28 19:55:02,612 INFO inference_run_large loaded checkpoint iter=200 from /AI4S/Users/howardwang/h204/ecophys/experiments/043_arch_pairs/results_p_1_1__2_1_seed4/checkpoint.pt
Traceback (most recent call last):
  File "<frozen runpy>", line 198, in _run_module_as_main
  File "<frozen runpy>", line 88, in _run_code
  File "/AI4S/Users/howardwang/h204/ecophys/ecomd/inference/run_large.py", line 167, in <module>
    main()
  File "/AI4S/Users/howardwang/h204/ecophys/ecomd/inference/run_large.py", line 103, in main
    traj = sim.run(n_steps=args.n_steps, seed=seed)
           ^^^^^^^^^^^^^^^^^^^^^^^^^^^^^^^^^^^^^^^^
  File "/root/miniconda3/envs/ecophys/lib/python3.12/site-packages/torch/utils/_contextlib.py", line 116, in decorate_context
    return func(*args, **kwargs)
           ^^^^^^^^^^^^^^^^^^^^^
  File "/AI4S/Users/howardwang/h204/ecophys/ecomd/models/ecomd.py", line 827, in run
    s_next, price_state, rec, h_regime, h_agent = self.step(
                                                  ^^^^^^^^^^
  File "/AI4S/Users/howardwang/h204/ecophys/ecomd/models/ecomd.py", line 443, in step
    f_cons = conservative_forces(self.potential, s, context, create_graph=create_graph)
             ^^^^^^^^^^^^^^^^^^^^^^^^^^^^^^^^^^^^^^^^^^^^^^^^^^^^^^^^^^^^^^^^^^^^^^^^^^
  File "/AI4S/Users/howardwang/h204/ecophys/ecomd/models/potentials.py", line 396, in conservative_forces
    (grad_s,) = torch.autograd.grad(u, s, create_graph=create_graph)
                ^^^^^^^^^^^^^^^^^^^^^^^^^^^^^^^^^^^^^^^^^^^^^^^^^^^^
  File "/root/miniconda3/envs/ecophys/lib/python3.12/site-packages/torch/autograd/__init__.py", line 496, in grad
    result = _engine_run_backward(
             ^^^^^^^^^^^^^^^^^^^^^
  File "/root/miniconda3/envs/ecophys/lib/python3.12/site-packages/torch/autograd/graph.py", line 823, in _engine_run_backward
    return Variable._execution_engine.run_backward(  # Calls into the C++ engine to run the backward pass
           ^^^^^^^^^^^^^^^^^^^^^^^^^^^^^^^^^^^^^^^^^^^^^^^^^^^^^^^^^^^^^^^^^^^^^^^^^^^^^^^^^^^^^^^^^^^^^^
torch.OutOfMemoryError: CUDA out of memory. Tried to allocate 184.00 MiB. GPU 0 has a total capacity of 95.08 GiB of which 180.31 MiB is free. Process 283565 has 75.07 GiB memory in use. Including non-PyTorch memory, this process has 19.82 GiB memory in use. Of the allocated memory 18.84 GiB is allocated by PyTorch, and 501.33 MiB is reserved by PyTorch but unallocated. If reserved but unallocated memory is large try setting PYTORCH_CUDA_ALLOC_CONF=expandable_segments:True to avoid fragmentation.  See documentation for Memory Management  (https://pytorch.org/docs/stable/notes/cuda.html#environment-variables)
E0428 19:55:08.805000 286321 site-packages/torch/distributed/elastic/multiprocessing/api.py:869] failed (exitcode: 1) local_rank: 0 (pid: 286476) of binary: /root/miniconda3/envs/ecophys/bin/python3.12
Traceback (most recent call last):
  File "/root/miniconda3/envs/ecophys/bin/torchrun", line 6, in <module>
    sys.exit(main())
             ^^^^^^
  File "/root/miniconda3/envs/ecophys/lib/python3.12/site-packages/torch/distributed/elastic/multiprocessing/errors/__init__.py", line 355, in wrapper
    return f(*args, **kwargs)
           ^^^^^^^^^^^^^^^^^^
  File "/root/miniconda3/envs/ecophys/lib/python3.12/site-packages/torch/distributed/run.py", line 918, in main
    run(args)
  File "/root/miniconda3/envs/ecophys/lib/python3.12/site-packages/torch/distributed/run.py", line 909, in run
    elastic_launch(
  File "/root/miniconda3/envs/ecophys/lib/python3.12/site-packages/torch/distributed/launcher/api.py", line 138, in __call__
    return launch_agent(self._config, self._entrypoint, list(args))
           ^^^^^^^^^^^^^^^^^^^^^^^^^^^^^^^^^^^^^^^^^^^^^^^^^^^^^^^^
  File "/root/miniconda3/envs/ecophys/lib/python3.12/site-packages/torch/distributed/launcher/api.py", line 269, in launch_agent
    raise ChildFailedError(
torch.distributed.elastic.multiprocessing.errors.ChildFailedError: 
============================================================
ecomd.inference.run_large FAILED
------------------------------------------------------------
Failures:
  <NO_OTHER_FAILURES>
------------------------------------------------------------
Root Cause (first observed failure):
[0]:
  time      : 2026-04-28_19:55:08
  host      : nb-755846ce0e46404ee8-5cfd549bf-wxkpg
  rank      : 0 (local_rank: 0)
  exitcode  : 1 (pid: 286476)
  error_file: <N/A>
  traceback : To enable traceback see: https://pytorch.org/docs/stable/elastic/errors.html
============================================================
  ✗ eval p_1_1__2_1_seed2 exit=1 (card 4)

═ EVAL  p_1_2__1_3_seed0 (card 7) ═ 19:55:09
2026-04-28 19:55:12,155 INFO inference_run_large [dist] world_size=1 cuda=True
2026-04-28 19:55:12,430 INFO inference_run_large loaded checkpoint iter=200 from /AI4S/Users/howardwang/h204/ecophys/experiments/043_arch_pairs/results_p_1_2__1_3_seed0/checkpoint.pt
2026-04-28 19:55:15,076 INFO inference_run_large [rank 0] rollout 4/4 seed=10003 took 82.2s
2026-04-28 19:55:15,080 INFO inference_run_large [rank 0] wrote /AI4S/Users/howardwang/h204/ecophys/experiments/043_arch_pairs/results_p_1_1__1_2_seed3/inference_rank_0.json
2026-04-28 19:55:15,084 INFO inference_run_large [rank 0] merged 4 rollouts → /AI4S/Users/howardwang/h204/ecophys/experiments/043_arch_pairs/results_p_1_1__1_2_seed3/inference_merged.json
2026-04-28 19:55:15,814 INFO inference_run_large [rank 0] rollout 4/4 seed=10003 took 84.8s
2026-04-28 19:55:15,818 INFO inference_run_large [rank 0] wrote /AI4S/Users/howardwang/h204/ecophys/experiments/043_arch_pairs/results_p_1_1__1_2_seed4/inference_rank_0.json
2026-04-28 19:55:15,822 INFO inference_run_large [rank 0] merged 4 rollouts → /AI4S/Users/howardwang/h204/ecophys/experiments/043_arch_pairs/results_p_1_1__1_2_seed4/inference_merged.json
  ✓ eval p_1_1__1_2_seed3 243s (card 3)

═ EVAL  p_1_2__1_3_seed1 (card 0) ═ 19:55:15
  ✓ eval p_1_1__1_2_seed4 244s (card 4)

═ EVAL  p_1_2__1_3_seed2 (card 1) ═ 19:55:16
2026-04-28 19:55:18,821 INFO inference_run_large [dist] world_size=1 cuda=True
2026-04-28 19:55:19,234 INFO inference_run_large loaded checkpoint iter=200 from /AI4S/Users/howardwang/h204/ecophys/experiments/043_arch_pairs/results_p_1_2__1_3_seed1/checkpoint.pt
2026-04-28 19:55:19,759 INFO inference_run_large [dist] world_size=1 cuda=True
2026-04-28 19:55:20,177 INFO inference_run_large loaded checkpoint iter=200 from /AI4S/Users/howardwang/h204/ecophys/experiments/043_arch_pairs/results_p_1_2__1_3_seed2/checkpoint.pt
2026-04-28 19:55:21,383 INFO inference_run_large [rank 0] rollout 3/4 seed=10002 took 44.6s
2026-04-28 19:55:29,292 INFO inference_run_large [rank 0] rollout 2/4 seed=10001 took 44.8s
2026-04-28 19:55:36,836 INFO inference_run_large [rank 0] rollout 4/4 seed=10003 took 58.1s
2026-04-28 19:55:36,839 INFO inference_run_large [rank 0] wrote /AI4S/Users/howardwang/h204/ecophys/experiments/043_arch_pairs/results_p_1_1__1_2_seed1/inference_rank_0.json
2026-04-28 19:55:36,844 INFO inference_run_large [rank 0] merged 4 rollouts → /AI4S/Users/howardwang/h204/ecophys/experiments/043_arch_pairs/results_p_1_1__1_2_seed1/inference_merged.json
2026-04-28 19:55:37,159 INFO inference_run_large [rank 0] rollout 4/4 seed=10003 took 58.6s
2026-04-28 19:55:37,162 INFO inference_run_large [rank 0] wrote /AI4S/Users/howardwang/h204/ecophys/experiments/043_arch_pairs/results_p_1_1__1_2_seed0/inference_rank_0.json
2026-04-28 19:55:37,166 INFO inference_run_large [rank 0] merged 4 rollouts → /AI4S/Users/howardwang/h204/ecophys/experiments/043_arch_pairs/results_p_1_1__1_2_seed0/inference_merged.json
  ✓ eval p_1_1__1_2_seed1 265s (card 1)

═ EVAL  p_1_2__1_3_seed3 (card 2) ═ 19:55:37
  ✓ eval p_1_1__1_2_seed0 266s (card 0)

═ EVAL  p_1_2__1_3_seed4 (card 3) ═ 19:55:38
2026-04-28 19:55:40,965 INFO inference_run_large [dist] world_size=1 cuda=True
2026-04-28 19:55:41,576 INFO inference_run_large [dist] world_size=1 cuda=True
2026-04-28 19:55:41,927 INFO inference_run_large loaded checkpoint iter=200 from /AI4S/Users/howardwang/h204/ecophys/experiments/043_arch_pairs/results_p_1_2__1_3_seed3/checkpoint.pt
2026-04-28 19:55:41,940 INFO inference_run_large loaded checkpoint iter=200 from /AI4S/Users/howardwang/h204/ecophys/experiments/043_arch_pairs/results_p_1_2__1_3_seed4/checkpoint.pt
2026-04-28 19:55:48,787 INFO inference_run_large [rank 0] rollout 1/4 seed=10000 took 45.3s
Traceback (most recent call last):
  File "<frozen runpy>", line 198, in _run_module_as_main
  File "<frozen runpy>", line 88, in _run_code
  File "/AI4S/Users/howardwang/h204/ecophys/ecomd/inference/run_large.py", line 167, in <module>
    main()
  File "/AI4S/Users/howardwang/h204/ecophys/ecomd/inference/run_large.py", line 107, in main
    facts = compute_all(returns, volume=volumes)
            ^^^^^^^^^^^^^^^^^^^^^^^^^^^^^^^^^^^^
  File "/AI4S/Users/howardwang/h204/ecophys/ecomd/eval/stylized_facts.py", line 715, in compute_all
    r = _clean(returns)
        ^^^^^^^^^^^^^^^
  File "/AI4S/Users/howardwang/h204/ecophys/ecomd/eval/stylized_facts.py", line 757, in _clean
    raise ValueError("empty array after NaN removal")
ValueError: empty array after NaN removal
E0428 19:56:10.018000 287425 site-packages/torch/distributed/elastic/multiprocessing/api.py:869] failed (exitcode: 1) local_rank: 0 (pid: 287492) of binary: /root/miniconda3/envs/ecophys/bin/python3.12
Traceback (most recent call last):
  File "/root/miniconda3/envs/ecophys/bin/torchrun", line 6, in <module>
    sys.exit(main())
             ^^^^^^
  File "/root/miniconda3/envs/ecophys/lib/python3.12/site-packages/torch/distributed/elastic/multiprocessing/errors/__init__.py", line 355, in wrapper
    return f(*args, **kwargs)
           ^^^^^^^^^^^^^^^^^^
  File "/root/miniconda3/envs/ecophys/lib/python3.12/site-packages/torch/distributed/run.py", line 918, in main
    run(args)
  File "/root/miniconda3/envs/ecophys/lib/python3.12/site-packages/torch/distributed/run.py", line 909, in run
    elastic_launch(
  File "/root/miniconda3/envs/ecophys/lib/python3.12/site-packages/torch/distributed/launcher/api.py", line 138, in __call__
    return launch_agent(self._config, self._entrypoint, list(args))
           ^^^^^^^^^^^^^^^^^^^^^^^^^^^^^^^^^^^^^^^^^^^^^^^^^^^^^^^^
  File "/root/miniconda3/envs/ecophys/lib/python3.12/site-packages/torch/distributed/launcher/api.py", line 269, in launch_agent
    raise ChildFailedError(
torch.distributed.elastic.multiprocessing.errors.ChildFailedError: 
============================================================
ecomd.inference.run_large FAILED
------------------------------------------------------------
Failures:
  <NO_OTHER_FAILURES>
------------------------------------------------------------
Root Cause (first observed failure):
[0]:
  time      : 2026-04-28_19:56:10
  host      : nb-755846ce0e46404ee8-5cfd549bf-wxkpg
  rank      : 0 (local_rank: 0)
  exitcode  : 1 (pid: 287492)
  error_file: <N/A>
  traceback : To enable traceback see: https://pytorch.org/docs/stable/elastic/errors.html
============================================================
  ✗ eval p_1_2__1_3_seed0 exit=1 (card 7)

═ EVAL  p_2_1__2_2_seed0 (card 4) ═ 19:56:10
2026-04-28 19:56:13,349 INFO inference_run_large [dist] world_size=1 cuda=True
2026-04-28 19:56:13,617 INFO inference_run_large loaded checkpoint iter=200 from /AI4S/Users/howardwang/h204/ecophys/experiments/043_arch_pairs/results_p_2_1__2_2_seed0/checkpoint.pt
2026-04-28 19:56:14,440 INFO inference_run_large [rank 0] rollout 3/4 seed=10002 took 45.0s
Traceback (most recent call last):
  File "<frozen runpy>", line 198, in _run_module_as_main
  File "<frozen runpy>", line 88, in _run_code
  File "/AI4S/Users/howardwang/h204/ecophys/ecomd/inference/run_large.py", line 167, in <module>
    main()
  File "/AI4S/Users/howardwang/h204/ecophys/ecomd/inference/run_large.py", line 107, in main
    facts = compute_all(returns, volume=volumes)
            ^^^^^^^^^^^^^^^^^^^^^^^^^^^^^^^^^^^^
  File "/AI4S/Users/howardwang/h204/ecophys/ecomd/eval/stylized_facts.py", line 715, in compute_all
    r = _clean(returns)
        ^^^^^^^^^^^^^^^
  File "/AI4S/Users/howardwang/h204/ecophys/ecomd/eval/stylized_facts.py", line 757, in _clean
    raise ValueError("empty array after NaN removal")
ValueError: empty array after NaN removal
Traceback (most recent call last):
  File "<frozen runpy>", line 198, in _run_module_as_main
  File "<frozen runpy>", line 88, in _run_code
  File "/AI4S/Users/howardwang/h204/ecophys/ecomd/inference/run_large.py", line 167, in <module>
    main()
  File "/AI4S/Users/howardwang/h204/ecophys/ecomd/inference/run_large.py", line 107, in main
    facts = compute_all(returns, volume=volumes)
            ^^^^^^^^^^^^^^^^^^^^^^^^^^^^^^^^^^^^
  File "/AI4S/Users/howardwang/h204/ecophys/ecomd/eval/stylized_facts.py", line 715, in compute_all
    r = _clean(returns)
        ^^^^^^^^^^^^^^^
  File "/AI4S/Users/howardwang/h204/ecophys/ecomd/eval/stylized_facts.py", line 757, in _clean
    raise ValueError("empty array after NaN removal")
ValueError: empty array after NaN removal
E0428 19:56:26.199000 287633 site-packages/torch/distributed/elastic/multiprocessing/api.py:869] failed (exitcode: 1) local_rank: 0 (pid: 287804) of binary: /root/miniconda3/envs/ecophys/bin/python3.12
Traceback (most recent call last):
  File "/root/miniconda3/envs/ecophys/bin/torchrun", line 6, in <module>
    sys.exit(main())
             ^^^^^^
  File "/root/miniconda3/envs/ecophys/lib/python3.12/site-packages/torch/distributed/elastic/multiprocessing/errors/__init__.py", line 355, in wrapper
    return f(*args, **kwargs)
           ^^^^^^^^^^^^^^^^^^
  File "/root/miniconda3/envs/ecophys/lib/python3.12/site-packages/torch/distributed/run.py", line 918, in main
    run(args)
  File "/root/miniconda3/envs/ecophys/lib/python3.12/site-packages/torch/distributed/run.py", line 909, in run
    elastic_launch(
  File "/root/miniconda3/envs/ecophys/lib/python3.12/site-packages/torch/distributed/launcher/api.py", line 138, in __call__
    return launch_agent(self._config, self._entrypoint, list(args))
           ^^^^^^^^^^^^^^^^^^^^^^^^^^^^^^^^^^^^^^^^^^^^^^^^^^^^^^^^
  File "/root/miniconda3/envs/ecophys/lib/python3.12/site-packages/torch/distributed/launcher/api.py", line 269, in launch_agent
    raise ChildFailedError(
torch.distributed.elastic.multiprocessing.errors.ChildFailedError: 
============================================================
ecomd.inference.run_large FAILED
------------------------------------------------------------
Failures:
  <NO_OTHER_FAILURES>
------------------------------------------------------------
Root Cause (first observed failure):
[0]:
  time      : 2026-04-28_19:56:26
  host      : nb-755846ce0e46404ee8-5cfd549bf-wxkpg
  rank      : 0 (local_rank: 0)
  exitcode  : 1 (pid: 287804)
  error_file: <N/A>
  traceback : To enable traceback see: https://pytorch.org/docs/stable/elastic/errors.html
============================================================
E0428 19:56:26.454000 287727 site-packages/torch/distributed/elastic/multiprocessing/api.py:869] failed (exitcode: 1) local_rank: 0 (pid: 287874) of binary: /root/miniconda3/envs/ecophys/bin/python3.12
Traceback (most recent call last):
  File "/root/miniconda3/envs/ecophys/bin/torchrun", line 6, in <module>
    sys.exit(main())
             ^^^^^^
  File "/root/miniconda3/envs/ecophys/lib/python3.12/site-packages/torch/distributed/elastic/multiprocessing/errors/__init__.py", line 355, in wrapper
    return f(*args, **kwargs)
           ^^^^^^^^^^^^^^^^^^
  File "/root/miniconda3/envs/ecophys/lib/python3.12/site-packages/torch/distributed/run.py", line 918, in main
    run(args)
  File "/root/miniconda3/envs/ecophys/lib/python3.12/site-packages/torch/distributed/run.py", line 909, in run
    elastic_launch(
  File "/root/miniconda3/envs/ecophys/lib/python3.12/site-packages/torch/distributed/launcher/api.py", line 138, in __call__
    return launch_agent(self._config, self._entrypoint, list(args))
           ^^^^^^^^^^^^^^^^^^^^^^^^^^^^^^^^^^^^^^^^^^^^^^^^^^^^^^^^
  File "/root/miniconda3/envs/ecophys/lib/python3.12/site-packages/torch/distributed/launcher/api.py", line 269, in launch_agent
    raise ChildFailedError(
torch.distributed.elastic.multiprocessing.errors.ChildFailedError: 
============================================================
ecomd.inference.run_large FAILED
------------------------------------------------------------
Failures:
  <NO_OTHER_FAILURES>
------------------------------------------------------------
Root Cause (first observed failure):
[0]:
  time      : 2026-04-28_19:56:26
  host      : nb-755846ce0e46404ee8-5cfd549bf-wxkpg
  rank      : 0 (local_rank: 0)
  exitcode  : 1 (pid: 287874)
  error_file: <N/A>
  traceback : To enable traceback see: https://pytorch.org/docs/stable/elastic/errors.html
============================================================
  ✗ eval p_1_2__1_3_seed1 exit=1 (card 0)

═ EVAL  p_2_1__2_2_seed1 (card 5) ═ 19:56:26
  ✗ eval p_1_2__1_3_seed2 exit=1 (card 1)

═ EVAL  p_2_1__2_2_seed2 (card 6) ═ 19:56:26
2026-04-28 19:56:29,586 INFO inference_run_large [dist] world_size=1 cuda=True
2026-04-28 19:56:29,993 INFO inference_run_large [dist] world_size=1 cuda=True
2026-04-28 19:56:30,308 INFO inference_run_large loaded checkpoint iter=200 from /AI4S/Users/howardwang/h204/ecophys/experiments/043_arch_pairs/results_p_2_1__2_2_seed1/checkpoint.pt
2026-04-28 19:56:30,469 INFO inference_run_large loaded checkpoint iter=200 from /AI4S/Users/howardwang/h204/ecophys/experiments/043_arch_pairs/results_p_2_1__2_2_seed2/checkpoint.pt
2026-04-28 19:56:35,275 INFO inference_run_large [rank 0] rollout 4/4 seed=10003 took 73.8s
2026-04-28 19:56:35,278 INFO inference_run_large [rank 0] wrote /AI4S/Users/howardwang/h204/ecophys/experiments/043_arch_pairs/results_p_1_1__2_1_seed0/inference_rank_0.json
2026-04-28 19:56:35,282 INFO inference_run_large [rank 0] merged 4 rollouts → /AI4S/Users/howardwang/h204/ecophys/experiments/043_arch_pairs/results_p_1_1__2_1_seed0/inference_merged.json
  ✓ eval p_1_1__2_1_seed0 261s (card 2)

═ EVAL  p_2_1__2_2_seed3 (card 7) ═ 19:56:36
2026-04-28 19:56:36,347 INFO inference_run_large [rank 0] rollout 2/4 seed=10001 took 47.5s
Traceback (most recent call last):
  File "<frozen runpy>", line 198, in _run_module_as_main
  File "<frozen runpy>", line 88, in _run_code
  File "/AI4S/Users/howardwang/h204/ecophys/ecomd/inference/run_large.py", line 167, in <module>
    main()
  File "/AI4S/Users/howardwang/h204/ecophys/ecomd/inference/run_large.py", line 107, in main
    facts = compute_all(returns, volume=volumes)
            ^^^^^^^^^^^^^^^^^^^^^^^^^^^^^^^^^^^^
  File "/AI4S/Users/howardwang/h204/ecophys/ecomd/eval/stylized_facts.py", line 715, in compute_all
    r = _clean(returns)
        ^^^^^^^^^^^^^^^
  File "/AI4S/Users/howardwang/h204/ecophys/ecomd/eval/stylized_facts.py", line 757, in _clean
    raise ValueError("empty array after NaN removal")
ValueError: empty array after NaN removal
2026-04-28 19:56:39,332 INFO inference_run_large [dist] world_size=1 cuda=True
E0428 19:56:39.725000 288137 site-packages/torch/distributed/elastic/multiprocessing/api.py:869] failed (exitcode: 1) local_rank: 0 (pid: 288334) of binary: /root/miniconda3/envs/ecophys/bin/python3.12
Traceback (most recent call last):
  File "/root/miniconda3/envs/ecophys/bin/torchrun", line 6, in <module>
    sys.exit(main())
             ^^^^^^
  File "/root/miniconda3/envs/ecophys/lib/python3.12/site-packages/torch/distributed/elastic/multiprocessing/errors/__init__.py", line 355, in wrapper
    return f(*args, **kwargs)
           ^^^^^^^^^^^^^^^^^^
  File "/root/miniconda3/envs/ecophys/lib/python3.12/site-packages/torch/distributed/run.py", line 918, in main
    run(args)
  File "/root/miniconda3/envs/ecophys/lib/python3.12/site-packages/torch/distributed/run.py", line 909, in run
    elastic_launch(
  File "/root/miniconda3/envs/ecophys/lib/python3.12/site-packages/torch/distributed/launcher/api.py", line 138, in __call__
    return launch_agent(self._config, self._entrypoint, list(args))
           ^^^^^^^^^^^^^^^^^^^^^^^^^^^^^^^^^^^^^^^^^^^^^^^^^^^^^^^^
  File "/root/miniconda3/envs/ecophys/lib/python3.12/site-packages/torch/distributed/launcher/api.py", line 269, in launch_agent
    raise ChildFailedError(
torch.distributed.elastic.multiprocessing.errors.ChildFailedError: 
============================================================
ecomd.inference.run_large FAILED
------------------------------------------------------------
Failures:
  <NO_OTHER_FAILURES>
------------------------------------------------------------
Root Cause (first observed failure):
[0]:
  time      : 2026-04-28_19:56:39
  host      : nb-755846ce0e46404ee8-5cfd549bf-wxkpg
  rank      : 0 (local_rank: 0)
  exitcode  : 1 (pid: 288334)
  error_file: <N/A>
  traceback : To enable traceback see: https://pytorch.org/docs/stable/elastic/errors.html
============================================================
2026-04-28 19:56:39,742 INFO inference_run_large loaded checkpoint iter=200 from /AI4S/Users/howardwang/h204/ecophys/experiments/043_arch_pairs/results_p_2_1__2_2_seed3/checkpoint.pt
  ✗ eval p_1_2__1_3_seed4 exit=1 (card 3)

═ EVAL  p_2_1__2_2_seed4 (card 0) ═ 19:56:39
2026-04-28 19:56:43,299 INFO inference_run_large [dist] world_size=1 cuda=True
2026-04-28 19:56:43,638 INFO inference_run_large loaded checkpoint iter=200 from /AI4S/Users/howardwang/h204/ecophys/experiments/043_arch_pairs/results_p_2_1__2_2_seed4/checkpoint.pt
2026-04-28 19:56:58,941 INFO inference_run_large [rank 0] rollout 1/4 seed=10000 took 44.4s
Traceback (most recent call last):
  File "<frozen runpy>", line 198, in _run_module_as_main
  File "<frozen runpy>", line 88, in _run_code
  File "/AI4S/Users/howardwang/h204/ecophys/ecomd/inference/run_large.py", line 167, in <module>
    main()
  File "/AI4S/Users/howardwang/h204/ecophys/ecomd/inference/run_large.py", line 107, in main
    facts = compute_all(returns, volume=volumes)
            ^^^^^^^^^^^^^^^^^^^^^^^^^^^^^^^^^^^^
  File "/AI4S/Users/howardwang/h204/ecophys/ecomd/eval/stylized_facts.py", line 715, in compute_all
    r = _clean(returns)
        ^^^^^^^^^^^^^^^
  File "/AI4S/Users/howardwang/h204/ecophys/ecomd/eval/stylized_facts.py", line 757, in _clean
    raise ValueError("empty array after NaN removal")
ValueError: empty array after NaN removal
E0428 19:57:06.672000 288111 site-packages/torch/distributed/elastic/multiprocessing/api.py:869] failed (exitcode: 1) local_rank: 0 (pid: 288267) of binary: /root/miniconda3/envs/ecophys/bin/python3.12
Traceback (most recent call last):
  File "/root/miniconda3/envs/ecophys/bin/torchrun", line 6, in <module>
    sys.exit(main())
             ^^^^^^
  File "/root/miniconda3/envs/ecophys/lib/python3.12/site-packages/torch/distributed/elastic/multiprocessing/errors/__init__.py", line 355, in wrapper
    return f(*args, **kwargs)
           ^^^^^^^^^^^^^^^^^^
  File "/root/miniconda3/envs/ecophys/lib/python3.12/site-packages/torch/distributed/run.py", line 918, in main
    run(args)
  File "/root/miniconda3/envs/ecophys/lib/python3.12/site-packages/torch/distributed/run.py", line 909, in run
    elastic_launch(
  File "/root/miniconda3/envs/ecophys/lib/python3.12/site-packages/torch/distributed/launcher/api.py", line 138, in __call__
    return launch_agent(self._config, self._entrypoint, list(args))
           ^^^^^^^^^^^^^^^^^^^^^^^^^^^^^^^^^^^^^^^^^^^^^^^^^^^^^^^^
  File "/root/miniconda3/envs/ecophys/lib/python3.12/site-packages/torch/distributed/launcher/api.py", line 269, in launch_agent
    raise ChildFailedError(
torch.distributed.elastic.multiprocessing.errors.ChildFailedError: 
============================================================
ecomd.inference.run_large FAILED
------------------------------------------------------------
Failures:
  <NO_OTHER_FAILURES>
------------------------------------------------------------
Root Cause (first observed failure):
[0]:
  time      : 2026-04-28_19:57:06
  host      : nb-755846ce0e46404ee8-5cfd549bf-wxkpg
  rank      : 0 (local_rank: 0)
  exitcode  : 1 (pid: 288267)
  error_file: <N/A>
  traceback : To enable traceback see: https://pytorch.org/docs/stable/elastic/errors.html
============================================================
  ✗ eval p_1_2__1_3_seed3 exit=1 (card 2)

═ EVAL  p_3_1__1_3_seed0 (card 1) ═ 19:57:06
2026-04-28 19:57:10,078 INFO inference_run_large [dist] world_size=1 cuda=True
2026-04-28 19:57:10,508 INFO inference_run_large loaded checkpoint iter=200 from /AI4S/Users/howardwang/h204/ecophys/experiments/043_arch_pairs/results_p_3_1__1_3_seed0/checkpoint.pt
2026-04-28 19:57:24,800 INFO inference_run_large [rank 0] rollout 1/4 seed=10000 took 13.4s
2026-04-28 19:57:25,126 INFO inference_run_large [rank 0] rollout 1/4 seed=10000 took 44.5s
2026-04-28 19:57:29,123 INFO inference_run_large [rank 0] rollout 1/4 seed=10000 took 44.6s
2026-04-28 19:57:31,874 INFO inference_run_large [rank 0] rollout 4/4 seed=10003 took 77.3s
2026-04-28 19:57:31,878 INFO inference_run_large [rank 0] wrote /AI4S/Users/howardwang/h204/ecophys/experiments/043_arch_pairs/results_p_1_1__2_1_seed3/inference_rank_0.json
2026-04-28 19:57:31,882 INFO inference_run_large [rank 0] merged 4 rollouts → /AI4S/Users/howardwang/h204/ecophys/experiments/043_arch_pairs/results_p_1_1__2_1_seed3/inference_merged.json
  ✓ eval p_1_1__2_1_seed3 218s (card 5)

═ EVAL  p_3_1__1_3_seed1 (card 2) ═ 19:57:32
2026-04-28 19:57:35,868 INFO inference_run_large [dist] world_size=1 cuda=True
2026-04-28 19:57:36,142 INFO inference_run_large loaded checkpoint iter=200 from /AI4S/Users/howardwang/h204/ecophys/experiments/043_arch_pairs/results_p_3_1__1_3_seed1/checkpoint.pt
2026-04-28 19:57:37,782 INFO inference_run_large [rank 0] rollout 2/4 seed=10001 took 12.9s
Traceback (most recent call last):
  File "<frozen runpy>", line 198, in _run_module_as_main
  File "<frozen runpy>", line 88, in _run_code
  File "/AI4S/Users/howardwang/h204/ecophys/ecomd/inference/run_large.py", line 167, in <module>
    main()
  File "/AI4S/Users/howardwang/h204/ecophys/ecomd/inference/run_large.py", line 103, in main
    traj = sim.run(n_steps=args.n_steps, seed=seed)
           ^^^^^^^^^^^^^^^^^^^^^^^^^^^^^^^^^^^^^^^^
  File "/root/miniconda3/envs/ecophys/lib/python3.12/site-packages/torch/utils/_contextlib.py", line 116, in decorate_context
    return func(*args, **kwargs)
           ^^^^^^^^^^^^^^^^^^^^^
  File "/AI4S/Users/howardwang/h204/ecophys/ecomd/models/ecomd.py", line 827, in run
    s_next, price_state, rec, h_regime, h_agent = self.step(
                                                  ^^^^^^^^^^
  File "/AI4S/Users/howardwang/h204/ecophys/ecomd/models/ecomd.py", line 443, in step
    f_cons = conservative_forces(self.potential, s, context, create_graph=create_graph)
             ^^^^^^^^^^^^^^^^^^^^^^^^^^^^^^^^^^^^^^^^^^^^^^^^^^^^^^^^^^^^^^^^^^^^^^^^^^
  File "/AI4S/Users/howardwang/h204/ecophys/ecomd/models/potentials.py", line 396, in conservative_forces
    (grad_s,) = torch.autograd.grad(u, s, create_graph=create_graph)
                ^^^^^^^^^^^^^^^^^^^^^^^^^^^^^^^^^^^^^^^^^^^^^^^^^^^^
  File "/root/miniconda3/envs/ecophys/lib/python3.12/site-packages/torch/autograd/__init__.py", line 496, in grad
    result = _engine_run_backward(
             ^^^^^^^^^^^^^^^^^^^^^
  File "/root/miniconda3/envs/ecophys/lib/python3.12/site-packages/torch/autograd/graph.py", line 823, in _engine_run_backward
    return Variable._execution_engine.run_backward(  # Calls into the C++ engine to run the backward pass
           ^^^^^^^^^^^^^^^^^^^^^^^^^^^^^^^^^^^^^^^^^^^^^^^^^^^^^^^^^^^^^^^^^^^^^^^^^^^^^^^^^^^^^^^^^^^^^^
torch.OutOfMemoryError: CUDA out of memory. Tried to allocate 184.00 MiB. GPU 0 has a total capacity of 95.08 GiB of which 180.31 MiB is free. Process 287268 has 74.71 GiB memory in use. Including non-PyTorch memory, this process has 20.18 GiB memory in use. Of the allocated memory 19.20 GiB is allocated by PyTorch, and 502.51 MiB is reserved by PyTorch but unallocated. If reserved but unallocated memory is large try setting PYTORCH_CUDA_ALLOC_CONF=expandable_segments:True to avoid fragmentation.  See documentation for Memory Management  (https://pytorch.org/docs/stable/notes/cuda.html#environment-variables)
E0428 19:57:39.309000 289122 site-packages/torch/distributed/elastic/multiprocessing/api.py:869] failed (exitcode: 1) local_rank: 0 (pid: 289332) of binary: /root/miniconda3/envs/ecophys/bin/python3.12
Traceback (most recent call last):
  File "/root/miniconda3/envs/ecophys/bin/torchrun", line 6, in <module>
    sys.exit(main())
             ^^^^^^
  File "/root/miniconda3/envs/ecophys/lib/python3.12/site-packages/torch/distributed/elastic/multiprocessing/errors/__init__.py", line 355, in wrapper
    return f(*args, **kwargs)
           ^^^^^^^^^^^^^^^^^^
  File "/root/miniconda3/envs/ecophys/lib/python3.12/site-packages/torch/distributed/run.py", line 918, in main
    run(args)
  File "/root/miniconda3/envs/ecophys/lib/python3.12/site-packages/torch/distributed/run.py", line 909, in run
    elastic_launch(
  File "/root/miniconda3/envs/ecophys/lib/python3.12/site-packages/torch/distributed/launcher/api.py", line 138, in __call__
    return launch_agent(self._config, self._entrypoint, list(args))
           ^^^^^^^^^^^^^^^^^^^^^^^^^^^^^^^^^^^^^^^^^^^^^^^^^^^^^^^^
  File "/root/miniconda3/envs/ecophys/lib/python3.12/site-packages/torch/distributed/launcher/api.py", line 269, in launch_agent
    raise ChildFailedError(
torch.distributed.elastic.multiprocessing.errors.ChildFailedError: 
============================================================
ecomd.inference.run_large FAILED
------------------------------------------------------------
Failures:
  <NO_OTHER_FAILURES>
------------------------------------------------------------
Root Cause (first observed failure):
[0]:
  time      : 2026-04-28_19:57:39
  host      : nb-755846ce0e46404ee8-5cfd549bf-wxkpg
  rank      : 0 (local_rank: 0)
  exitcode  : 1 (pid: 289332)
  error_file: <N/A>
  traceback : To enable traceback see: https://pytorch.org/docs/stable/elastic/errors.html
============================================================
  ✗ eval p_2_1__2_2_seed2 exit=1 (card 6)

═ EVAL  p_3_1__1_3_seed2 (card 3) ═ 19:57:39
2026-04-28 19:57:42,881 INFO inference_run_large [dist] world_size=1 cuda=True
2026-04-28 19:57:42,997 INFO inference_run_large [rank 0] rollout 2/4 seed=10001 took 44.0s
2026-04-28 19:57:43,150 INFO inference_run_large loaded checkpoint iter=200 from /AI4S/Users/howardwang/h204/ecophys/experiments/043_arch_pairs/results_p_3_1__1_3_seed2/checkpoint.pt
2026-04-28 19:57:49,089 INFO inference_run_large [rank 0] rollout 1/4 seed=10000 took 77.9s
2026-04-28 19:57:50,924 INFO inference_run_large [rank 0] rollout 1/4 seed=10000 took 13.8s
2026-04-28 19:57:50,960 INFO inference_run_large [rank 0] rollout 3/4 seed=10002 took 13.1s
2026-04-28 19:57:53,972 INFO inference_run_large [rank 0] rollout 3/4 seed=10002 took 77.5s
2026-04-28 19:57:57,520 INFO inference_run_large [rank 0] rollout 1/4 seed=10000 took 13.4s
2026-04-28 19:58:03,599 INFO inference_run_large [rank 0] rollout 2/4 seed=10001 took 12.6s
2026-04-28 19:58:04,032 INFO inference_run_large [rank 0] rollout 4/4 seed=10003 took 13.0s
2026-04-28 19:58:04,035 INFO inference_run_large [rank 0] wrote /AI4S/Users/howardwang/h204/ecophys/experiments/043_arch_pairs/results_p_3_1__1_3_seed0/inference_rank_0.json
2026-04-28 19:58:04,040 INFO inference_run_large [rank 0] merged 4 rollouts → /AI4S/Users/howardwang/h204/ecophys/experiments/043_arch_pairs/results_p_3_1__1_3_seed0/inference_merged.json
  ✓ eval p_3_1__1_3_seed0 59s (card 1)

═ EVAL  p_3_1__1_3_seed3 (card 4) ═ 19:58:05
2026-04-28 19:58:07,803 INFO inference_run_large [dist] world_size=1 cuda=True
2026-04-28 19:58:08,244 INFO inference_run_large loaded checkpoint iter=200 from /AI4S/Users/howardwang/h204/ecophys/experiments/043_arch_pairs/results_p_3_1__1_3_seed3/checkpoint.pt
2026-04-28 19:58:09,128 INFO inference_run_large [rank 0] rollout 2/4 seed=10001 took 43.9s
2026-04-28 19:58:10,360 INFO inference_run_large [rank 0] rollout 2/4 seed=10001 took 12.7s
2026-04-28 19:58:13,181 INFO inference_run_large [rank 0] rollout 2/4 seed=10001 took 44.0s
2026-04-28 19:58:16,240 INFO inference_run_large [rank 0] rollout 3/4 seed=10002 took 12.6s
Traceback (most recent call last):
  File "<frozen runpy>", line 198, in _run_module_as_main
  File "<frozen runpy>", line 88, in _run_code
  File "/AI4S/Users/howardwang/h204/ecophys/ecomd/inference/run_large.py", line 167, in <module>
    main()
  File "/AI4S/Users/howardwang/h204/ecophys/ecomd/inference/run_large.py", line 103, in main
    traj = sim.run(n_steps=args.n_steps, seed=seed)
           ^^^^^^^^^^^^^^^^^^^^^^^^^^^^^^^^^^^^^^^^
  File "/root/miniconda3/envs/ecophys/lib/python3.12/site-packages/torch/utils/_contextlib.py", line 116, in decorate_context
    return func(*args, **kwargs)
           ^^^^^^^^^^^^^^^^^^^^^
  File "/AI4S/Users/howardwang/h204/ecophys/ecomd/models/ecomd.py", line 827, in run
    s_next, price_state, rec, h_regime, h_agent = self.step(
                                                  ^^^^^^^^^^
  File "/AI4S/Users/howardwang/h204/ecophys/ecomd/models/ecomd.py", line 443, in step
    f_cons = conservative_forces(self.potential, s, context, create_graph=create_graph)
             ^^^^^^^^^^^^^^^^^^^^^^^^^^^^^^^^^^^^^^^^^^^^^^^^^^^^^^^^^^^^^^^^^^^^^^^^^^
  File "/AI4S/Users/howardwang/h204/ecophys/ecomd/models/potentials.py", line 395, in conservative_forces
    u = potential(s, context)
        ^^^^^^^^^^^^^^^^^^^^^
  File "/root/miniconda3/envs/ecophys/lib/python3.12/site-packages/torch/nn/modules/module.py", line 1739, in _wrapped_call_impl
    return self._call_impl(*args, **kwargs)
           ^^^^^^^^^^^^^^^^^^^^^^^^^^^^^^^^
  File "/root/miniconda3/envs/ecophys/lib/python3.12/site-packages/torch/nn/modules/module.py", line 1750, in _call_impl
    return forward_call(*args, **kwargs)
           ^^^^^^^^^^^^^^^^^^^^^^^^^^^^^
  File "/AI4S/Users/howardwang/h204/ecophys/ecomd/models/potentials.py", line 375, in forward
    return self.pairwise(s) + self.external(s, context)
                              ^^^^^^^^^^^^^^^^^^^^^^^^^
  File "/root/miniconda3/envs/ecophys/lib/python3.12/site-packages/torch/nn/modules/module.py", line 1739, in _wrapped_call_impl
    return self._call_impl(*args, **kwargs)
           ^^^^^^^^^^^^^^^^^^^^^^^^^^^^^^^^
  File "/root/miniconda3/envs/ecophys/lib/python3.12/site-packages/torch/nn/modules/module.py", line 1750, in _call_impl
    return forward_call(*args, **kwargs)
           ^^^^^^^^^^^^^^^^^^^^^^^^^^^^^
  File "/AI4S/Users/howardwang/h204/ecophys/ecomd/models/potentials.py", line 329, in forward
    psi = self.net(inp).squeeze(-1)
          ^^^^^^^^^^^^^
  File "/root/miniconda3/envs/ecophys/lib/python3.12/site-packages/torch/nn/modules/module.py", line 1739, in _wrapped_call_impl
    return self._call_impl(*args, **kwargs)
           ^^^^^^^^^^^^^^^^^^^^^^^^^^^^^^^^
  File "/root/miniconda3/envs/ecophys/lib/python3.12/site-packages/torch/nn/modules/module.py", line 1750, in _call_impl
    return forward_call(*args, **kwargs)
           ^^^^^^^^^^^^^^^^^^^^^^^^^^^^^
  File "/root/miniconda3/envs/ecophys/lib/python3.12/site-packages/torch/nn/modules/container.py", line 250, in forward
    input = module(input)
            ^^^^^^^^^^^^^
  File "/root/miniconda3/envs/ecophys/lib/python3.12/site-packages/torch/nn/modules/module.py", line 1739, in _wrapped_call_impl
    return self._call_impl(*args, **kwargs)
           ^^^^^^^^^^^^^^^^^^^^^^^^^^^^^^^^
  File "/root/miniconda3/envs/ecophys/lib/python3.12/site-packages/torch/nn/modules/module.py", line 1750, in _call_impl
    return forward_call(*args, **kwargs)
           ^^^^^^^^^^^^^^^^^^^^^^^^^^^^^
  File "/root/miniconda3/envs/ecophys/lib/python3.12/site-packages/torch/nn/modules/activation.py", line 432, in forward
    return F.silu(input, inplace=self.inplace)
           ^^^^^^^^^^^^^^^^^^^^^^^^^^^^^^^^^^^
  File "/root/miniconda3/envs/ecophys/lib/python3.12/site-packages/torch/nn/functional.py", line 2380, in silu
    return torch._C._nn.silu(input)
           ^^^^^^^^^^^^^^^^^^^^^^^^
torch.OutOfMemoryError: CUDA out of memory. Tried to allocate 20.00 MiB. GPU 0 has a total capacity of 95.08 GiB of which 14.31 MiB is free. Process 288803 has 74.71 GiB memory in use. Including non-PyTorch memory, this process has 20.35 GiB memory in use. Of the allocated memory 19.84 GiB is allocated by PyTorch, and 14.12 MiB is reserved by PyTorch but unallocated. If reserved but unallocated memory is large try setting PYTORCH_CUDA_ALLOC_CONF=expandable_segments:True to avoid fragmentation.  See documentation for Memory Management  (https://pytorch.org/docs/stable/notes/cuda.html#environment-variables)
E0428 19:58:23.157000 291779 site-packages/torch/distributed/elastic/multiprocessing/api.py:869] failed (exitcode: 1) local_rank: 0 (pid: 291867) of binary: /root/miniconda3/envs/ecophys/bin/python3.12
Traceback (most recent call last):
  File "/root/miniconda3/envs/ecophys/bin/torchrun", line 6, in <module>
    sys.exit(main())
             ^^^^^^
  File "/root/miniconda3/envs/ecophys/lib/python3.12/site-packages/torch/distributed/elastic/multiprocessing/errors/__init__.py", line 355, in wrapper
    return f(*args, **kwargs)
           ^^^^^^^^^^^^^^^^^^
  File "/root/miniconda3/envs/ecophys/lib/python3.12/site-packages/torch/distributed/run.py", line 918, in main
    run(args)
  File "/root/miniconda3/envs/ecophys/lib/python3.12/site-packages/torch/distributed/run.py", line 909, in run
    elastic_launch(
  File "/root/miniconda3/envs/ecophys/lib/python3.12/site-packages/torch/distributed/launcher/api.py", line 138, in __call__
    return launch_agent(self._config, self._entrypoint, list(args))
           ^^^^^^^^^^^^^^^^^^^^^^^^^^^^^^^^^^^^^^^^^^^^^^^^^^^^^^^^
  File "/root/miniconda3/envs/ecophys/lib/python3.12/site-packages/torch/distributed/launcher/api.py", line 269, in launch_agent
    raise ChildFailedError(
torch.distributed.elastic.multiprocessing.errors.ChildFailedError: 
============================================================
ecomd.inference.run_large FAILED
------------------------------------------------------------
Failures:
  <NO_OTHER_FAILURES>
------------------------------------------------------------
Root Cause (first observed failure):
[0]:
  time      : 2026-04-28_19:58:23
  host      : nb-755846ce0e46404ee8-5cfd549bf-wxkpg
  rank      : 0 (local_rank: 0)
  exitcode  : 1 (pid: 291867)
  error_file: <N/A>
  traceback : To enable traceback see: https://pytorch.org/docs/stable/elastic/errors.html
============================================================
2026-04-28 19:58:23,345 INFO inference_run_large [rank 0] rollout 3/4 seed=10002 took 12.9s
  ✗ eval p_3_1__1_3_seed3 exit=1 (card 4)

═ EVAL  p_3_1__1_3_seed4 (card 5) ═ 19:58:23
2026-04-28 19:58:26,149 INFO inference_run_large [dist] world_size=1 cuda=True
2026-04-28 19:58:26,637 INFO inference_run_large loaded checkpoint iter=200 from /AI4S/Users/howardwang/h204/ecophys/experiments/043_arch_pairs/results_p_3_1__1_3_seed4/checkpoint.pt
2026-04-28 19:58:28,805 INFO inference_run_large [rank 0] rollout 4/4 seed=10003 took 12.5s
2026-04-28 19:58:28,808 INFO inference_run_large [rank 0] wrote /AI4S/Users/howardwang/h204/ecophys/experiments/043_arch_pairs/results_p_3_1__1_3_seed1/inference_rank_0.json
2026-04-28 19:58:28,812 INFO inference_run_large [rank 0] merged 4 rollouts → /AI4S/Users/howardwang/h204/ecophys/experiments/043_arch_pairs/results_p_3_1__1_3_seed1/inference_merged.json
  ✓ eval p_3_1__1_3_seed1 57s (card 2)
2026-04-28 19:58:33,655 INFO inference_run_large [rank 0] rollout 3/4 seed=10002 took 50.6s
2026-04-28 19:58:36,147 INFO inference_run_large [rank 0] rollout 4/4 seed=10003 took 12.7s
2026-04-28 19:58:36,151 INFO inference_run_large [rank 0] wrote /AI4S/Users/howardwang/h204/ecophys/experiments/043_arch_pairs/results_p_3_1__1_3_seed2/inference_rank_0.json
2026-04-28 19:58:36,155 INFO inference_run_large [rank 0] merged 4 rollouts → /AI4S/Users/howardwang/h204/ecophys/experiments/043_arch_pairs/results_p_3_1__1_3_seed2/inference_merged.json
  ✓ eval p_3_1__1_3_seed2 58s (card 3)
2026-04-28 19:58:38,756 INFO inference_run_large [rank 0] rollout 4/4 seed=10003 took 44.7s
2026-04-28 19:58:38,759 INFO inference_run_large [rank 0] wrote /AI4S/Users/howardwang/h204/ecophys/experiments/043_arch_pairs/results_p_1_1__2_1_seed4/inference_rank_0.json
2026-04-28 19:58:38,764 INFO inference_run_large [rank 0] merged 4 rollouts → /AI4S/Users/howardwang/h204/ecophys/experiments/043_arch_pairs/results_p_1_1__2_1_seed4/inference_merged.json
  ✓ eval p_1_1__2_1_seed4 221s (card 6)
2026-04-28 19:58:39,819 INFO inference_run_large [rank 0] rollout 2/4 seed=10001 took 50.7s
Traceback (most recent call last):
  File "<frozen runpy>", line 198, in _run_module_as_main
  File "<frozen runpy>", line 88, in _run_code
  File "/AI4S/Users/howardwang/h204/ecophys/ecomd/inference/run_large.py", line 167, in <module>
    main()
  File "/AI4S/Users/howardwang/h204/ecophys/ecomd/inference/run_large.py", line 103, in main
    traj = sim.run(n_steps=args.n_steps, seed=seed)
           ^^^^^^^^^^^^^^^^^^^^^^^^^^^^^^^^^^^^^^^^
  File "/root/miniconda3/envs/ecophys/lib/python3.12/site-packages/torch/utils/_contextlib.py", line 116, in decorate_context
    return func(*args, **kwargs)
           ^^^^^^^^^^^^^^^^^^^^^
  File "/AI4S/Users/howardwang/h204/ecophys/ecomd/models/ecomd.py", line 827, in run
    s_next, price_state, rec, h_regime, h_agent = self.step(
                                                  ^^^^^^^^^^
  File "/AI4S/Users/howardwang/h204/ecophys/ecomd/models/ecomd.py", line 443, in step
    f_cons = conservative_forces(self.potential, s, context, create_graph=create_graph)
             ^^^^^^^^^^^^^^^^^^^^^^^^^^^^^^^^^^^^^^^^^^^^^^^^^^^^^^^^^^^^^^^^^^^^^^^^^^
  File "/AI4S/Users/howardwang/h204/ecophys/ecomd/models/potentials.py", line 395, in conservative_forces
    u = potential(s, context)
        ^^^^^^^^^^^^^^^^^^^^^
  File "/root/miniconda3/envs/ecophys/lib/python3.12/site-packages/torch/nn/modules/module.py", line 1739, in _wrapped_call_impl
    return self._call_impl(*args, **kwargs)
           ^^^^^^^^^^^^^^^^^^^^^^^^^^^^^^^^
  File "/root/miniconda3/envs/ecophys/lib/python3.12/site-packages/torch/nn/modules/module.py", line 1750, in _call_impl
    return forward_call(*args, **kwargs)
           ^^^^^^^^^^^^^^^^^^^^^^^^^^^^^
  File "/AI4S/Users/howardwang/h204/ecophys/ecomd/models/potentials.py", line 375, in forward
    return self.pairwise(s) + self.external(s, context)
                              ^^^^^^^^^^^^^^^^^^^^^^^^^
  File "/root/miniconda3/envs/ecophys/lib/python3.12/site-packages/torch/nn/modules/module.py", line 1739, in _wrapped_call_impl
    return self._call_impl(*args, **kwargs)
           ^^^^^^^^^^^^^^^^^^^^^^^^^^^^^^^^
  File "/root/miniconda3/envs/ecophys/lib/python3.12/site-packages/torch/nn/modules/module.py", line 1750, in _call_impl
    return forward_call(*args, **kwargs)
           ^^^^^^^^^^^^^^^^^^^^^^^^^^^^^
  File "/AI4S/Users/howardwang/h204/ecophys/ecomd/models/potentials.py", line 329, in forward
    psi = self.net(inp).squeeze(-1)
          ^^^^^^^^^^^^^
  File "/root/miniconda3/envs/ecophys/lib/python3.12/site-packages/torch/nn/modules/module.py", line 1739, in _wrapped_call_impl
    return self._call_impl(*args, **kwargs)
           ^^^^^^^^^^^^^^^^^^^^^^^^^^^^^^^^
  File "/root/miniconda3/envs/ecophys/lib/python3.12/site-packages/torch/nn/modules/module.py", line 1750, in _call_impl
    return forward_call(*args, **kwargs)
           ^^^^^^^^^^^^^^^^^^^^^^^^^^^^^
  File "/root/miniconda3/envs/ecophys/lib/python3.12/site-packages/torch/nn/modules/container.py", line 250, in forward
    input = module(input)
            ^^^^^^^^^^^^^
  File "/root/miniconda3/envs/ecophys/lib/python3.12/site-packages/torch/nn/modules/module.py", line 1739, in _wrapped_call_impl
    return self._call_impl(*args, **kwargs)
           ^^^^^^^^^^^^^^^^^^^^^^^^^^^^^^^^
  File "/root/miniconda3/envs/ecophys/lib/python3.12/site-packages/torch/nn/modules/module.py", line 1750, in _call_impl
    return forward_call(*args, **kwargs)
           ^^^^^^^^^^^^^^^^^^^^^^^^^^^^^
  File "/root/miniconda3/envs/ecophys/lib/python3.12/site-packages/torch/nn/modules/activation.py", line 432, in forward
    return F.silu(input, inplace=self.inplace)
           ^^^^^^^^^^^^^^^^^^^^^^^^^^^^^^^^^^^
  File "/root/miniconda3/envs/ecophys/lib/python3.12/site-packages/torch/nn/functional.py", line 2380, in silu
    return torch._C._nn.silu(input)
           ^^^^^^^^^^^^^^^^^^^^^^^^
torch.OutOfMemoryError: CUDA out of memory. Tried to allocate 20.00 MiB. GPU 0 has a total capacity of 95.08 GiB of which 14.31 MiB is free. Process 289265 has 74.71 GiB memory in use. Including non-PyTorch memory, this process has 20.35 GiB memory in use. Of the allocated memory 19.84 GiB is allocated by PyTorch, and 14.12 MiB is reserved by PyTorch but unallocated. If reserved but unallocated memory is large try setting PYTORCH_CUDA_ALLOC_CONF=expandable_segments:True to avoid fragmentation.  See documentation for Memory Management  (https://pytorch.org/docs/stable/notes/cuda.html#environment-variables)
E0428 19:58:41.832000 292064 site-packages/torch/distributed/elastic/multiprocessing/api.py:869] failed (exitcode: 1) local_rank: 0 (pid: 292134) of binary: /root/miniconda3/envs/ecophys/bin/python3.12
Traceback (most recent call last):
  File "/root/miniconda3/envs/ecophys/bin/torchrun", line 6, in <module>
    sys.exit(main())
             ^^^^^^
  File "/root/miniconda3/envs/ecophys/lib/python3.12/site-packages/torch/distributed/elastic/multiprocessing/errors/__init__.py", line 355, in wrapper
    return f(*args, **kwargs)
           ^^^^^^^^^^^^^^^^^^
  File "/root/miniconda3/envs/ecophys/lib/python3.12/site-packages/torch/distributed/run.py", line 918, in main
    run(args)
  File "/root/miniconda3/envs/ecophys/lib/python3.12/site-packages/torch/distributed/run.py", line 909, in run
    elastic_launch(
  File "/root/miniconda3/envs/ecophys/lib/python3.12/site-packages/torch/distributed/launcher/api.py", line 138, in __call__
    return launch_agent(self._config, self._entrypoint, list(args))
           ^^^^^^^^^^^^^^^^^^^^^^^^^^^^^^^^^^^^^^^^^^^^^^^^^^^^^^^^
  File "/root/miniconda3/envs/ecophys/lib/python3.12/site-packages/torch/distributed/launcher/api.py", line 269, in launch_agent
    raise ChildFailedError(
torch.distributed.elastic.multiprocessing.errors.ChildFailedError: 
============================================================
ecomd.inference.run_large FAILED
------------------------------------------------------------
Failures:
  <NO_OTHER_FAILURES>
------------------------------------------------------------
Root Cause (first observed failure):
[0]:
  time      : 2026-04-28_19:58:41
  host      : nb-755846ce0e46404ee8-5cfd549bf-wxkpg
  rank      : 0 (local_rank: 0)
  exitcode  : 1 (pid: 292134)
  error_file: <N/A>
  traceback : To enable traceback see: https://pytorch.org/docs/stable/elastic/errors.html
============================================================
  ✗ eval p_3_1__1_3_seed4 exit=1 (card 5)
2026-04-28 19:58:53,147 INFO inference_run_large [rank 0] rollout 3/4 seed=10002 took 43.9s
2026-04-28 19:58:57,211 INFO inference_run_large [rank 0] rollout 3/4 seed=10002 took 44.0s
2026-04-28 19:59:17,770 INFO inference_run_large [rank 0] rollout 4/4 seed=10003 took 44.0s
2026-04-28 19:59:17,773 INFO inference_run_large [rank 0] wrote /AI4S/Users/howardwang/h204/ecophys/experiments/043_arch_pairs/results_p_2_1__2_2_seed0/inference_rank_0.json
2026-04-28 19:59:17,778 INFO inference_run_large [rank 0] merged 4 rollouts → /AI4S/Users/howardwang/h204/ecophys/experiments/043_arch_pairs/results_p_2_1__2_2_seed0/inference_merged.json
  ✓ eval p_2_1__2_2_seed0 188s (card 4)
2026-04-28 19:59:25,270 INFO inference_run_large [rank 0] rollout 3/4 seed=10002 took 45.4s
2026-04-28 19:59:37,196 INFO inference_run_large [rank 0] rollout 4/4 seed=10003 took 44.0s
2026-04-28 19:59:37,199 INFO inference_run_large [rank 0] wrote /AI4S/Users/howardwang/h204/ecophys/experiments/043_arch_pairs/results_p_2_1__2_2_seed3/inference_rank_0.json
2026-04-28 19:59:37,204 INFO inference_run_large [rank 0] merged 4 rollouts → /AI4S/Users/howardwang/h204/ecophys/experiments/043_arch_pairs/results_p_2_1__2_2_seed3/inference_merged.json
  ✓ eval p_2_1__2_2_seed3 182s (card 7)
2026-04-28 19:59:41,318 INFO inference_run_large [rank 0] rollout 4/4 seed=10003 took 44.0s
2026-04-28 19:59:41,321 INFO inference_run_large [rank 0] wrote /AI4S/Users/howardwang/h204/ecophys/experiments/043_arch_pairs/results_p_2_1__2_2_seed4/inference_rank_0.json
2026-04-28 19:59:41,325 INFO inference_run_large [rank 0] merged 4 rollouts → /AI4S/Users/howardwang/h204/ecophys/experiments/043_arch_pairs/results_p_2_1__2_2_seed4/inference_merged.json
  ✓ eval p_2_1__2_2_seed4 182s (card 0)
2026-04-28 20:00:10,008 INFO inference_run_large [rank 0] rollout 4/4 seed=10003 took 44.7s
2026-04-28 20:00:10,011 INFO inference_run_large [rank 0] wrote /AI4S/Users/howardwang/h204/ecophys/experiments/043_arch_pairs/results_p_2_1__2_2_seed1/inference_rank_0.json
2026-04-28 20:00:10,016 INFO inference_run_large [rank 0] merged 4 rollouts → /AI4S/Users/howardwang/h204/ecophys/experiments/043_arch_pairs/results_p_2_1__2_2_seed1/inference_merged.json
  ✓ eval p_2_1__2_2_seed1 224s (card 5)

═══ DONE — Tue Apr 28 08:00:10 PM CST 2026 ═══
